url,title,time,category,content,tags,content_token_counts
https://baodautu.vn/co-phieu-vgc-cua-viglacera-tang-nhe-phien-chao-san-hnx-d56476.html,Cổ phiếu VGC của Viglacera tăng nhẹ phiên chào sàn HNX,2016-12-22,Doanh nghiệp,"Đây là cổ phiếu thứ 167 giao dịch trên HNX trong năm 2016. Năm 2016 cũng là năm tăng trưởng kỷ lục về số lượng và giá trịdoanh nghiệptham gia thị trường, với quy mô vốn hóa tăng gấp đôi.
Tại thời điểm kết thúc phiên giao dịch ngày 22/12, cổ phiếu VGC được đóng cửa ở mốc 16.000 đồng/cổ phần, tăng 2,5% so với giá tham chiếu. Trong phiên giao dịch sáng nay, đã có thời điểm VGC tăng lên 17.000 đồng/cổ phần.
Theo ông Luyện Công Minh, Chủ tịch HĐQT Tổng công ty Viglacera - CTCP, sự kiện VGC chính thức niêm yết trên HNX đánh dấu mốc quan trọng trong việc tham gia thị trườngchứng khoánViệt Nam.
Trước đó, ngày 22/07/2014, Tổng công ty Viglacera chuyển từ mô hình doanh nghiệp nhà nước trực thuộc Bộ Xây dựng sang hoạt động theo mô hình công ty cổ phần. Ngày 15/10/2015, Tổng công ty Viglacera đã đưa cổ phiếu VGC giao dịch trên UpCOM với giá tham chiếu 10.600 đồng.
Tính đến thời điểm hủy giao dịch trên UpCOM ngày 15/12/2016, VGC đang giao dịch ở mức giá 16.000, tăng 5.400 so với thời điểm bắt đầu giao dịch.
Theo ông Nguyễn Thành Long, Chủ tịch HĐQT Sở Giao dịch Chứng khoán Hà Nội, chỉ trong 1 năm giao dịch trên UpCOM, giá trị vốn hóa của VGC đã tăng 75%. Tại thời điểm đăng ký giao dịch, giá trị vốn hóa của VGC đạt 2.809 tỷ đồng và đã tăng lên 4.915 tỷ đồng tính tới thời điểm chấm dứt giao dịch trên UpCOM.
“Chỉ trong 1 năm giao dịch trên UpCOM, khả năng huy động vốn của Vigalcera đã tăng lên và đã thành công trong việc phát hành cổ phiếu ESOP”, ông Long nói.
Hiện tại vốn điều lệ đăng ký của công ty là 3.070 tỷ đồng, trong đó Nhà nước chiếm trên 78%, cổ đông nước ngoài chiếm trên 9%, các tổ chức cá nhân trong nước chiếm trên 12%.
VGC hoạt động chủ yếu trên hai lĩnh vực chính là vật liệu xây dựng và kinh doanhbất động sản. Trong lĩnh vực vật liệu xây dựng, kính xây dựng chiếm 45% thị phần toàn quốc, sứ vệ sinh chiếm 7% thị phần, gạch granite chiếm 15% thị phần, ngói cao cấp chiếm 30% thị phần, gạch cotto chiếm 40% thị phần, xuất khẩu trên 40 quốc gia và vùng lãnh thổ.
Trong lĩnh vực bất động sản, Viglacera đang sở hữu 10 khu công nghiệp với trên 3.500 ha đã đưa vào khai thác trên 1.000 ha, tạo ra việc làm cho trên 100.000 lao động, đóng góp trên 20% giá trị xuất khẩu cả nước.
Chủ tịch HĐQT VGC cho biết, trong năm 2016, VGC dự kiến hoàn thành vượt 40% chỉ tiêu đã được Đại hội đồng cổ đông thông qua, tăng trên 60% so với năm 2015.
Đánh giá cao những kết quả Viglacera đã đạt được trong thời gian quan, lãnh đạo Bộ Xây dựng đề nghị VGC tiếp tục tập trung phát triển thế mạnh về VLXD, trong đóđầu tưvào lĩnh vực có chất lượng cao, hiện đại như kính siêu trắng, thân thiện với môi trường, tiết kiệm năng lượng và phát triển vật liệu không nung. Đối với phát triển lĩnh vực bất động sản, cần tập trung phát triển xây dựng nhà cho người thu nhập thấp.
Theo ông Luyện Công Minh, năm 2017, VGC dự kiến tốc độ tăng trưởng tối thiểu là 10%, tập trung đầu tư vào các lĩnh vực sản phẩm công nghệ cao như nhà máy kính nổi siêu trắng 600 tấn/ngày, nhà máy sứ vệ sinh 750.000 sản phẩm/năm.","VGC, Viglacera, Tổng công ty Viglacera, VGC lên HNX, UpCOM",789
https://vneconomy.vn/khanh-hoa-ra-soat-lai-tien-do-thuc-hien-cac-du-an-tren-dia-ban-tinh.htm,Khánh Hòa rà soát lại tiến độ thực hiện các dự án trên địa bàn tỉnh,2021-12-15,Bất động sản,"Ngày 13/12, UBND tỉnh Khánh Hòa cho biết vừa rà soát tiến độ thực hiện các dự án trên địa bàn tỉnh trong thời gian qua. Qua quá trình này, UBND tỉnh Khánh Hòa phát hiện 13/29 dự án đang tạm dừng triển khai do vướng mắc liên quan đến công tác quy hoạch; 3/29 dự án đã hoàn thành và đưa vào hoạt động; thu hồi giấy chứng nhận đầu tư và huỷ thông báo cho phép đầu tư đối với 4 dự án.
Bốn dự án bị thu hồi là dự án Khu Biệt thự và Du lịch Đồng Bé, Dự án Làng Biệt thự Tâm Hương (Nha Trang) do Công ty TNHH Thương mại và Du lịch Tâm Hương làm chủ đầu tư; dự án Khu vườn tượng đá nghệ thuật Nha Trang do Công ty TNHH Ngọc Loan làm chủ đầu tư và dự án bệnh viện đa khoa quốc tế Nha Trang do Công ty TNHH Tân Thăng Long làm chủ đầu tư.
Bên cạnh các dự án bị xử lý do chậm tiến độ, Khánh Hòa cũng kêu tên các dự án phù hợp với quy hoạch nhưng chủ đầu tư ""ôm đất vàng"" chậm triển khai. Đó là Dự án Khu biệt thự cao cấp Vĩnh Hoà; Dự án Khu thương mại dịch vụ tổng hợp Gia Võ; Dự án Tổ hợp khách sạn du lịch, nghỉ dưỡng, nhà bán và cho thuê Trimet Nha Trang; Dự án Khách sạn Sasco Nha Trang; Dự án Khách sạn Trường Sài Gòn - Nha Trang.
Thực tế, tình trạng dự án chậm tiến độ ở Khánh Hòa không có gì mới bởi những năm gần đây, một số địa phương thuộc tỉnh này như thành phố Nha Trang mặc dù tập trung nhiều công trình trọng điểm song nhiều dự án lại đang chậm tiến độ. Nguyên nhân chính là do vướng mắc ở công tác giải phóng mặt bằng, tái định cư các hộ dân...
Đáng chú ý có những dự án lớn với vai trò kết nối hạ tầng, giải quyết ùn tắc giao thông, cải thiện môi trường làm động lực cho sự phát triển của địa phương thì từ 2 năm nay, đa số đều còn những vấn đề chưa tháo gỡ được. Trong đó phải kể Dự án môi trường bền vững các thành phố duyên hải - Tiểu dự án Nha Trang hiện có 29 thửa đất vắng chủ nên phải sao lục hồ sơ hoặc nhờ người dân cung cấp giấy tờ... Nhiều trường hợp không phối hợp thực hiện nên mất nhiều thời gian khiến việc thu hồi đất triển khai dự án gặp trở ngại.
Hoặc các dự án trọng điểm tại thành phố Nha Trang như Đường Vành đai 2, Đường D30, Nút giao thông Ngọc Hội, Nâng cấp và mở rộng Tỉnh lộ 3, Đập ngăn mặn trên Sông Cái… đều đi qua các khu vực đông dân cư với hàng ngàn hộ dân bị ảnh hưởng phải tiến hành tái định cư. Trong lúc đó, quỹ đất tái định cư tại thành phố Nha Trang rất hạn chế. Để giải bài toán tái định cư cho người dân khi thực hiện các dự án, tỉnh Khánh Hòa đã đầu tư xây dựng các khu tái định cư tập trung. Hiện nay, các khu tái định cư cũng chậm tiến độ vì vướng mắc trong công tác bồi thường, giải tỏa.
Ngoài ra, để giải quyết dứt điểm các vướng mắc về giải phóng mặt bằng nhằm đẩy nhanh tiến độ thực hiện các dự án đầu tư công, UBND tỉnh Khánh Hòa yêu cầu UBND thành phố Nha Trang rà soát lại quỹ đất trên địa bàn để có phương án sắp xếp, bố trí các khu tái định cư phù hợp. Các đơn vị liên quan tiếp tục đẩy nhanh các bước kiểm kê, xử lý các trường hợp không hợp tác kiểm kê, lên phương án kiểm đếm bắt buộc, xử lý các trường hợp đất vắng chủ theo quy định.","khánh hòa, rà soát tiến độ thực hiện",777
https://baodautu.vn/vang-co-the-pha-nguong-ho-tro-1800-usdounce-d133852.html,Vàng có thể phá ngưỡng hỗ trợ 1.800 USD/ounce,2020-11-27,Ngân hàng - Bảo hiểm,"Tuy nhiên, theo nhiều dự báo, mặt hàng này còn triển vọng đi lên khi vaccine Covid-19 chưa thể phổ biến sớm vàkinh tếcòn suy thoái.
Giá vàng giao dịch trên thị trường thế giới đã về sát ngưỡng 1.800 USD/ounce trong ngày 25/11. Dòng tiền tiếp tục rút khỏi thị trường vàng để chảy vào thị trường chứng khoán với kỳ vọng về các chính sách vực dậy nền kinh tế và khả năng khống chế đại dịch khi vaccine chuẩn bị lưu hành.
Vàng giảm xuống mức thấp nhất trong 4 tháng qua, hướng tới mức 1.800 USD khi có nhiều tiến bộ về sản xuất vaccine chống Covid-19 và hy vọng về cuộc chuyển giao quyền lực nhanh chóng tại Mỹ.
Ông Georgette Boele, nhà phân tích ABN Amro cho biết, việc phá vỡ mức hỗ trợ 1.800 USD/ounce sẽ kích hoạt vùng giá tiếp theo của kim loại quý này. USD giữ gần mức thấp nhất trong gần 3 tháng, có khả năng làm cho vàng rẻ hơn, nhưng điều đó khó kéo dài, bởi  dịch bệnh vẫn phức tạp.
Một nguyên nhân khiến vàng giảm giá đến từ việc các nhàđầu tưvẫn tiếp tục bán vàng. Quỹ đầu tư vàng lớn thế giới SPDR đã bán thêm 13,43 tấn vàng, còn 1.199,74 tấn. Đây là ngày thứ 3 liên tiếp, quỹ này thực hiện bán vàng với khối lượng lớn. Tuy nhiên, các nhận định đưa ra từ giới phân tích kinh tế -tài chínhcho rằng, các khoản lỗ của vàng thỏi bị giới hạn bởi USD yếu hơn, khiến vàng trở thành món đặt cược hấp dẫn đối với các nhà đầu tư nắm giữ các loại tiền tệ khác.
Chủ tịch Hội đồng Quản trị Công ty vàng SJC Phú Thọ, ông Trần Thanh Hải nhận định, kinh tế Mỹ vẫn còn trong suy thoái và cần thêm gói kích cầu hỗ trợ phát triển kinh tế. Với những diễn biến hiện nay, nước Mỹ sẽ không chỉ chịu tác động nghiêm trọng của đại dịch Covid-19 vẫn đang có chiều hướng phức tạp trong thời gian tới, khiến kinh tế suy giảm mạnh, mà còn có thể phải đối mặt với một cuộc khủng hoảng chính trị sâu sắc sau bầu cử. Đây là yếu tố hỗ trợ giá vàng.
Đồng quan điểm,Ngân hàngGoldman Sachs cho biết, họ vẫn giữ quan điểm rằng, giá vàng năm 2021 sẽ ở mức 2.300 USD/ounce, dù đang có những thông tin tích cực về Covid-19 và kinh tế toàn cầu sẽ trở nên cân bằng hơn.
Theo ngân hàng đầu tư này, những rủi ro liên quan đến Covid-19 sẽ còn dai dẳng, khả năng còn có thêm nhiều đợt bùng phát và thiệt hại của dịch bệnh đối với kinh tế thế giới sẽ còn gia tăng.
Ở thị trường trong nước, các nhà đầu tư và khách hàng mua vàng nhỏ lẻ vẫn chịu lỗ, nhất là khi vàng quốc tế giảm giá mạnh trong những ngày qua, bởi chênh lệch giữa giá vàng trong nước và giá vàng thế giới vẫn ở mức hơn 4,5 triệu đồng/lượng (chưa loại trừ phí, thuế).
Thực tế thời gian qua cho thấy, giá vàng trong nước không liên thông với giá thế giới và luôn cao hơn 3,7 - 4,7 triệu đồng/lượng. Thêm vào đó, mức độ chênh lệch giữa mua - bán được các nhà kinh doanh vàng giãn quá xa, khiến nhà đầu tư càng khó kiếm lãi.
Ông Huỳnh Trung Khánh, chuyên gia cấp cao lĩnh vực vàng cho biết, người mua vàng nhỏ, lẻ và kể cả các nhà đầu tư trong nước bị thua thiệt, rủi ro vì thực tế, khó có lời ngay cả khi mua vàng ở vùng giá thấp, do chênh lệch mua - bán được kéo giãn quá xa.",,782
https://vneconomy.vn/thuc-tien-do-lap-camera-tren-xe-kinh-doanh-van-tai-hoan-thanh-truoc-ngay-31-12-2021.htm,"Thúc tiến độ lắp camera trên xe kinh doanh vận tải, hoàn thành trước ngày 31/12/2021",2021-09-15,Đầu tư,"Bộ Giao thông vận tải vừa có văn bản lần hai gửi Bộ Công an, UBND các tỉnh, thành phố liên quan việc triển khai Nghị quyết số 66/2021 của Chính phủ, đồng thời, đôn đốc thực hiện quy định lắp camera trên xe ô tô kinh doanh vận tải theo quy định tại Nghị định số 10/2020 về kinh doanh và điều kiện kinh doanh vận tải bằng xe ô tô.
Theo Bộ Giao thông Vận tải, ngày 1/7/2021, để tháo gỡ khó khăn trong việc thực hiện quy định lắp camera trên phương tiện ô tô kinh doanh vận tải do ảnh hưởng của dịch bệnh Covid-19, Chính phủ đã ban hành Nghị quyết số 66/NQ-CP.
Trong đó, Chính phủ quyết định tạm dừng áp dụng xử phạt vi phạm hành chính đối với cá nhân, tổ chức chưa lắp camera giám sát trên xe tải, xe khách quy định tại Nghị định số 100/2019/NĐ-CP về xử phạt vi phạm hành chính trong lĩnh vực giao thông đường bộ và đường sắt đến hết ngày 31/12/2021.
Để tiếp tục phối hợp thực hiện nghiêm Nghị quyết số 66, quy định tại Nghị định 10 và Nghị định 100, Bộ Giao thông vận tải đề nghị Bộ Công an, UBND các tỉnh, thành phố chỉ đạo lực lượng chức năng, trong quá trình cấp mới biển số đối với xe kinh doanh vận tải, tiếp tục đôn đốc, nhắc nhở chủ phương tiện lưu ý thực hiện đúng quy định tại Nghị quyết số 66.
Các Sở giao thông vận tải có trách nhiệm rà soát, thống kê số liệu phương tiện của từng đơn vị kinh doanh vận tải thuộc đối tượng quy định tại Nghị định số 10, kiểm tra và xử lý nghiêm theo quy định và thời gian đã được quy định tại Nghị quyết số 66 đối với các phương tiện, đơn vị vi phạm.
Theo Tổng cục Đường bộ Việt Nam, có nhiều lợi ích khi lắp camera trên phương tiện kinh doanh vận tải. Cụ thể, doanh nghiệp và cơ quan chức năng có thể giám sát được trạng thái của lái xe, như việc lái xe nghe điện thoại, mất tập trung và các hành vi gây mất an toàn giao thông khác.
Đặc biệt, trong tình hình dịch Covid-19 diễn biến phức tạp như hiện nay, camera là giải pháp hữu hiệu để phòng chống dịch từ xa, nhắc nhở lái xe, hành khách tuân thủ nghiêm việc đeo khẩu trang và thuận lợi cho việc truy vết nếu không may trên xe có ca nhiễm hoặc nghi nhiễm Covid-19.
Trước đó ngày 21/8, Bộ Giao thông vận tải cũng có văn bản gửi Bộ Công an, UBND các tỉnh, thành phố về việc triển khai Nghị quyết số 66 tháng 7/2021 của Chính phủ và đôn đốc thực hiện quy định về kinh doanh và điều kiện kinh doanh vận tải bằng xe ô tô.
Theo Bộ Giao thông vận tải, thời gian qua, các đơn vị kinh doanh vận tải cũng giống như nhiều ngành kinh doanh dịch vụ khác đã và đang phải chịu tác động của dịch Covid-19. Vì vậy, Chính phủ đã có nhiều giải pháp, chính sách để hỗ trợ các đơn vị kinh doanh như chính sách về thuế, phí, lãi suất, kéo dài thời gian chu kỳ đăng kiểm.
""Việc Chính phủ tạm ngưng áp dụng quy định xử phạt nêu tại Nghị quyết số 66 là một trong các biện pháp để tháo gỡ khó khăn cho đơn vị kinh doanh vận tải, tạo điều kiện để đơn vị kinh doanh vận tải thực hiện đúng quy định đã được quy định tại Nghị định số 10/2020 về kinh doanh và điều kiện kinh doanh vận tải bằng xe ô tô"", Bộ Giao thông vận tải đánh giá.",Thúc tiến độ lắp camera trên xe kinh doanh vận tải,744
https://vneconomy.vn/dau-tu-ha-tang-giao-thong-deo-ca-dang-ky-niem-yet-tren-hose.htm,Đầu tư hạ tầng giao thông Đèo Cả đăng ký niêm yết trên HOSE,2021-05-28,Chứng khoán,"Theo đó, HOSE nhận hồ sơ đăng ký niêm yết 267,38 triệu cổ phiếu HHV, ngày nhận hồ sơ là 25/5.
Được biết, HHV tiền thân là “Xưởng Thống Nhất” trực thuộc Ban Xây dựng 67, đến năm 1975 đổi tên thành “Xí nghiệp Đại tu Ô tô Thống Nhất” tại tỉnh Quảng Bình, nhiệm vụ phục vụ đại tu, sửa chữa các ô tô bị hư hỏng xuống cấp trong thời kỳ chiến tranh.
Tới năm 2015, công ty đã chính thức trở thành công ty đại chúng và đăng ký giao dịch trên UPCoM ngày 18/12/2015.
Hiện tại, ngành nghề chính là hoạt động quản lý, khai thác, bảo trì hầm đường bộ Hải Vân, hầm đường bộ Đèo cả, hầm đường bộ Cù Mông... và quản lý, duy tu bảo dưỡng các tuyến quốc lộ được giao; quản lý vận hành các trạm thu phí; xây dựng công trình đường bộ, sửa chữa các công trình giao thông; kinh doanh vận tải hành khách theo tuyến cố định…;Hoạt động đầu tư vào các dự án hạ tầng giao thông cụ thể: Hầm đường bộ Phước Tượng Phú Gia; Hầm đường bộ qua Đèo Cả, cao tốc Bắc Giang Lạng Sơn, Cao tốc Hữu Nghị Chi Lăng, Đèo cả Khánh Hoà.
Theo Báo cáo thường niên năm 2020, cơ cấu cổ đông của HHV gồm 88,43% là cổ đông lớn - tương ứng 236.413.490 cổ phiếu và 11,58% cổ đông nhỏ - tương ứng 30.970.600 cổ phiếu - Trong đó, cổ đông sở hữu trên 5% của HHV gồm CTCP Đầu tư Hải Thạch BOT sở hữu 49,29% vốn điều lệ; CTCP BOT Hưng Phát sở hữu 6,13% vốn điều lệ...
Về kết quả kinh doanh, trong năm 2020, doanh nghiệp ghi nhận doanh thu hợp nhất đạt 1.201,34 tỷ đồng, bằng 70% kế hoạch năm (1.715,81 tỷ đồng và lợi nhuận sau thuế đạt 175,6 tỷ đồng, bằng 95% kế hoạch năm (184,78 tỷ đồng) và lần lượt tăng trưởng 151,8% và 13,24% so với cùng kỳ năm trước.
Trong cơ cấu doanh thu, có tới 937,9 tỷ đồng đến từ doanh thu trạm thu phí, chiếm 77,99% tổng doanh thu; doanh thu hoạt động xây lắp là 139,8 tỷ đồng, chiếm 11,62% tổng doanh thu và các hoạt động khác.
Năm 2021, HHV dự kiến doanh thu đạt 1.285,43 tỷ đồng, tăng gần 7% so với năm trước, lợi nhuận sau thuế đạt 216,68 tỷ, tăng 23,4% so với năm trước.
Về nhu cầu sử dụng vốn năm 2021, công ty cho biết tổng nhu cầu vốn cho năm 2021 là: 773 tỷ đồng - trong đó, công ty dự kiến tiếp tục tăng các khoản đầu tư tài chính gồm: góp vốn khoảng 120 tỷ đồng vào Công ty cổ phần BOT Bắc Giang - Lạng Sơn; góp vốn khoảng 93 tỷ đồng vào Công ty cổ phần Đầu tư Đèo Cả - doanh nghiệp dự án hầm đường bộ qua Đèo Cả; Góp vốn khoảng 250 tỷ đồng vào Công ty cổ phần BOT Bắc Giang – Lạng Sơn –Hữu Nghị; bổ sung vốn điều lệ phục vụ hoạt động sản xuất kinh doanh và dự phòng cho các hoạt động của công ty là 310 tỷ đồng.
Bên cạnh đó, công ty đã thông qua việc tăng vốn điều lệ lên hơn 859,5 tỷ đồng và việc thực hiện răng vốn dự kiến thông qua hai phương án: phát hành cổ phiếu riêng lẻ để hoán đổi nợ: 270,7 tỷ đồng và phương án cháo bán cổ phiếu cho cổ đông hiện hữu là 588,888 tỷ đồng. Vốn điều lệ dự kiến sau hai đợt phát hành là hơn 3.533,3 tỷ đồng.
Đồng thời, ĐHĐCĐ giao cho HĐQT quyết định việc công ty vay vốn của các cổ đông hiện hữu/thành viên HĐQT/các bên liên quan và các đối tượng khác với số tiền là 400 tỷ đồng.","HHV đăng ký niêm yết lên sàn HOSE, Đèo Cả, HHV lên UpCoM từ ngày 18/12/2015",859
https://baodautu.vn/batdongsan/gia-tri-giao-dich-bat-dong-san-chau-a--thai-binh-duong-6-thang-dat-835-ty-usd-d148060.html,"Giá trị giao dịch bất động sản châu Á -Thái Bình Dương 6 tháng đạt 83,5 tỷ USD",2021-07-24,Chuyển động thị trường,"Khối lượngđầu tưbất động sảnthương mại khu vực này nửa đầu năm 202 đạt 83,5 tỷ USD, tăng 39% so với cùng kỳ 2020.
Tuy nhiên, khối lượng đầu tư năm nay vẫn thấp hơn giai đoạn trước đại dịch Covid-19, cụ thể là giảm 6% so với cùng kỳ 2019, theo báo cáo Các thương vụ đầu tư châu Á -Thái Bình Dương của JLL.
Thị trường đầu tư tại Nhật Bản bị suy yếu do gián đoạn của Covid-19. Trong đó, Trung Quốc, Úc và Hàn Quốc là những thị trường chiếm 69% tổng khối lượng đầu tư.
Phân tích của JLL về dòng vốn đầu tư trong quý 2 năm 2021 cho thấy, tỷ lệ các khoản đầu tư vào lĩnh vực văn phòng, lĩnh vực hậu cần và công nghiệp và lĩnh vực bán lẻ lần lượt chiếm 31%, 30% và 30%.
Các khoản đầu tư vào hậu cần và công nghiệp đã tăng 215% so với cùng kỳ năm ngoái lên 15 tỷ USD. Lý do vì sự tăng trưởng của thương mại điện tử, chênh lệch lợi suất và nhu cầu đa dạng hóa tài sản nhắm vào các loại bất động sản linh hoạt hơn của các nhà đầu tư.
Các giao dịch lớn đã diễn ra, đáng chú ý là thương vụ công ty hậu cần bất động sản ESR mua lại danh mục đầu tư bao gồm 45 nhà kho và các tài sản hậu cần liên quan thuộc danh mục Milestone của Blackstone tại Úc.
Trong khi đó, nhu cầu đầu tư văn phòng được cải thiện và đón nhận 15,5 tỷ USD. Các nhà đầu tư chú ý đến thị trường văn phòng khu vực trung tâm của Úc. Thị trường này đã ghi nhận mức hấp thụ ròng tích cực lần đầu tiên kể từ quý 4 năm 2019.
Các giao dịch chuyển nhượng và thuê lại bất động sản đã phổ biến và vượt quá 10% khối lượng đầu tư trong nửa đầu năm 2021, tăng từ mức trung bình 7% trong giai đoạn 2015 - 2020.
Theo JLL, xu hướng này đang nở rộ tại Nhật Bản, nơi kể từ khi bắt đầu đại dịch, ngày càng nhiềudoanh nghiệpphải tái chiến lược tài sản để cân đốitài chính. Tương tự, tại Úc, nhiều tập đoàn đã chuyển sang giao dịch bán và thuê lại bất động sản của họ để củng cố tài chinh và tập trung vào hoạt động kinh doanh cốt lõi.
Các giao dịch nổi bật bao gồm trụ sở chính của Dentsu ở Tokyo, đang được Hulic mua lại với giá lên tới 3 tỷ USD; Cửa hàng hàng đầu của David Jones ở Sydney, được bán cho Charter Hall với giá 374 triệu USD với thời hạn thuê lại trong 20 năm.
Thị trườngđầu tư bất động sảnkhu vực này đang tươi sáng trở lại khi các nhà đầu tư tái khẳng định triển vọng tích cực của họ, đảm bảo dòng vốn gia tăng đáng kể so với năm trước.
“Chúng tôi kỳ vọng sẽ có nhiều thương vụ hơn nữa trong nửa cuối năm 2021 khi các nhà đầu tư không ngừng tìm kiếm cơ hội mua bán và cho thuê lại bất động sản, đồng thời quan tâm đến các tài sản đa dạng trong lĩnh vực hậu cần và công nghiệp, khoa học đời sống và nhà ở đa thế hệ”, ông Stuart Crow, Giám đốc bộ phận Thị trường vốn Châu Á Thái Bình Dương của JLL cho hay.
Nhóm nghiên cứu về thị trường vốn của JLL cũng dự báo lượng đầu tư vào lĩnh vực hậu cần và công nghiệp sẽ tăng gấp đôi lên 50-60 tỷ USD vào năm 2025.
Trong đó, khẩu vị đầu tư vào các loại tài sản linh hoạt và sự tăng trưởng của các thương vụ bán và thuê lại sẽ tăng từ 15 đến 20% cho cả năm nay.","văn phòng, hậu cần, công nghiệp, án lẻ, Blackstone, ESR, đầu tư, mua lại",760
https://vneconomy.vn/mbv-ra-mat-dien-mao-moi-dau-an-hien-dai-va-ket-noi.htm,MBV ra mắt diện mạo mới: Dấu ấn hiện đại và kết nối,2025-03-01,Tài chính,"Đây không chỉ là sự thay đổi về diện mạo mà còn là cam kết của MBV trong hành trình chuyển đổi số, mang đến trải nghiệm tài chính ưu việt cho khách hàng.
Sự kiện lần này đánh dấu một cột mốc quan trọng, khẳng định sự phát triển và định hướng chiến lược của MBV trong bối cảnh chuyển đổi số mạnh mẽ. Không chỉ tập trung vào công nghệ, MBV đặt cảm xúc và trải nghiệm khách hàng làm trung tâm, giúp tài chính trở nên gần gũi, dễ dàng và gắn kết hơn.
Xuất phát từ mong muốn mang đến những giá trị hiện đại, MBV ra mắt hệ thống nhận diện thương hiệu mới - trẻ trung và đầy hứng khởi. Logo MBV với hình ảnh ngôi sao vàng năm cánh không chỉ là biểu tượng của khát vọng tiên phong mà còn thể hiện tinh thần đổi mới không ngừng, đưa MBV vươn xa trong kỷ nguyên số. Phần chữ “MBV” in đậm cùng màu đỏ đặc trưng đại diện cho sự nhiệt huyết, quyết tâm và cam kết bứt phá, mang lại lợi ích thiết thực cho khách hàng và cộng đồng.
Nhận diện thương hiệu mới đánh dấu bước chuyển mình đột phá của MBV, thể hiện tinh thần tiên phong và cam kết nâng tầm trải nghiệm khách hàng. Hành trình này còn được đánh dấu bằng những đổi mới quan trọng.
Cụ thể, MBV chính thức khai trương văn phòng làm việc tại số 3 Liễu Giai, Hà Nội. Nằm tại vị trí trung tâm sôi động, văn phòng này được thiết kế theo phong cách hiện đại, tối ưu hóa không gian làm việc và tương tác, thể hiện sự đổi mới và tầm nhìn của MBV trong việc tạo ra môi trường làm việc sáng tạo và hiệu quả.
Cũng trong ngày ra mắt, toàn bộ 101 điểm giao dịch của MBV đồng loạt thay đổi trên toàn quốc, mang đến cho khách hàng một diện mạo đồng nhất và mới mẻ.
Đặc biệt, hệ thống Core Banking của MBV đã được nâng cấp mạnh mẽ, với khả năng xử lý đồng thời hàng triệu giao dịch, đảm bảo chính xác, thông suốt, bảo mật, sẽ giúp khách hàng giao dịch thuận tiện hơn, không gián đoạn và nâng tầm trải nghiệm dịch vụ.
Trong nỗ lực không ngừng nâng cao trải nghiệm khách hàng, MBV cũng chính thức ra mắt website với giao diện hoàn toàn mới, thân thiện và dễ sử dụng, mang đến trải nghiệm trực tuyến mượt mà cho khách hàng. Ứng dụng ngân hàng MBV dành cho khách hàng cá nhân và doanh nghiệp cũng sẽ sớm được giới thiệu với nhiều tính năng vượt trội, đáp ứng mọi nhu cầu giao dịch tài chính một cách nhanh chóng và an toàn.
Chia sẻ tại sự kiện ra mắt thương hiệu mới, đại diện lãnh đạo MBV phát biểu: “Nhận diện thương hiệu mới không chỉ đánh dấu sự đổi mới về hình ảnh, mà còn thể hiện cam kết của MBV trong việc mang đến trải nghiệm tài chính hiện đại, tốc độ vượt trội và lấy khách hàng làm trung tâm. Với định vị ‘Sống hiện đại, Sống kết nối’, chúng tôi sẽ tiếp tục đổi mới và sáng tạo để đem lại những giải pháp tài chính thông minh, linh hoạt và phù hợp nhất với nhu cầu khách hàng”.
MBV, Ngân hàng TNHH MTV Việt Nam Hiện Đại, là 1 trong 9 thành viên thuộc hệ sinh thái MB Group, được phát triển với định hướng trở thành ngân hàng tiên phong trong lĩnh vực chuyển đổi số, góp phần hợp lực để phát triển Tập đoàn MB “Trở thành Doanh nghiệp số, Tập đoàn tài chính dẫn đầu”.",MBV,741
https://baodautu.vn/batdongsan/thi-truong-bat-dong-san-thap-tang-ha-noi-lang-kinh-tu-mot-du-an-d83194.html,Thị trường bất động sản thấp tầng Hà Nội: Lăng kính từ một dự án,2018-06-14,Dự án - quy hoạch,"Theo số liệu của Hiệp hội Môi giớiBất động sảnViệt Nam, phân khúc nhà ở liền kề tại Hà Nội nhận được khá nhiều sự quan tâm trong quý I/2018 với tổng khối lượng giao dịch trên toàn thị trường sơ cấp đạt khoảng 930 căn. Trong đó, các sản phẩm biệt thự có vị trí tốt, giao thông thuận lợi và đặt trong khuôn viên cảnh quan xanh - sạch - đẹp được khách hàng ưa chuộng hơn cả, vì thế có mức giá cao hơn và giao dịch cũng sôi động hơn các sản phẩm khác.
Ông Hoàng Đình Khiêm, Chủ tịch Đại lý Phân phối Bất động sản Ngôi sao Việt (Long Biên, Hà Nội) cho hay: “Đã là khách mua biệt thự thì nhiều khi ngân sách không thành vấn đề. Quan trọng là họ phải tìm được một căn nhà ưng ý. Ngày xưa, nhất là thời đất nền còn giữ vị trí số 1, thì khách hàng chỉ quan tâm đến hướng, diện tích và chiều rộng mặt tiền. Còn bây giờ, khách hàng quan tâm đến môi trường xung quanh trước, rồi mới chọn đến nhà. Nói cách khác là chọn vị trí biệt thự trước, chọn nhà sau, ưu tiên các biệt thự gần kề cảnh quan và tiện ích”.
Nhận xét này cũng cho thấy, đây là xu hướng chuyển dịch nhu cầuđầu tưvà mua để ở sang phân khúc biệt thự nằm trong tổng thể các khu đô thị thay vì mua biệt thự trong các khu dân sinh hiện hữu. Xuất phát từ tâm lý muốn được sinh sống trong một môi trường khác biệt riêng tư, người mua biệt thự giờ đánh giá cao yếu tố sinh thái, dịch vụ quản lý vận hành khu đô thị, tiện ích sống và môi trường dân cư xung quanh.
Minh chứng rõ nét nhất cho nhận định trên chính là Vinhomes Riverside - The Harmony, phân khu phát triển mới nhất của khu đô thị sinh thái “bên sông” của Vingroup. Tiếp nối những giá trị làm nên sự khác biệt về đẳng cấp của giai đoạn phát triển trước đó như môi trường sinh thái, dịch vụ xứng tầm, tiện ích đẳng cấp và cộng đồng văn minh, Vinhomes Riverside - The Harmony đã nhanh chóng đạt mức bán ra kỷ lục 95%. Con số “biết nói” này cũng phần nào thể hiện được mức độ tin cậy của các khách hàng khi “chọn mặt gửi vàng” với thương hiệu bất động sản uy tín này.
Với tâm điểm là hồ Harmony rộng 12,4ha, phân khu Vinhomes Riverside - The Harmony được phát triển như một “đặc khu sinh thái không dành cho số đông” với hệ thống hơn 100 tiện ích đa dạng bên trong như trường học Vinschool, sân tập golf hướng hồ, bể bơi, các sân tập thể thao ngoài trời, sân chơi trẻ em, nhà hàng nổi, quảng trường trung tâm,... Với quỹ căn còn lại chỉ còn “2 chữ số” trong khi nhu cầu là rất lớn, không quá khó để lý giải sức nóng củadự ánở cả thị trường sơ cấp lẫn thứ cấp.
Ngày 04/5/2018, tại Bangkok - Thái Lan, khu đô thị sinh thái Vinhomes Riverside của chủ đầu tư Vinhomes đã xuất sắc vượt qua nhiều đối thủ để được vinh danh là Khu đô thị tốt nhất Việt Nam tại lễ công bố Giải thưởng Bất động sản châu Á – Thái Bình Dương (APPA 2018).
Đặc biệt, Vinhomes Riverside cũng vinh dự được đề cử đi tiếp vào vòng tranh giải cấp khu vực châu Á - Thái Bình Dương. Ngay trước đó, khu đô thị Vinhomes Riverside cũng vinh dự được độc giả Báo Đầu tư bình chọn là “Không gian sống chuẩn mực nhất Việt Nam” năm 2018.","Vinhomes Riverside, Vinhomes Riverside - The Harmony, Vingroup, Vinhomes, khu đô thị sinh thái",774
https://baodautu.vn/nuoc-rut-tren-cong-trinh-thuy-dien-xanh-tai-quang-ngai-d82108.html,"Nước rút trên công trình thủy điện ""xanh"" tại Quảng Ngãi",2018-05-25,Thông tin doanh nghiệp,"Có thể nói đây là dự án thủy điện lạ lùng nhất so với các thủy điện đã và đang được xây dựng tại miền Trung. Là bởi, thi công một dự án thủy điện có vốn đầu tư gần 3.000 tỷ đồng mà không phải di dời dân và mức độ ảnh hưởng đến rừng dưới mức cho phép của Nhà nước tới gần 9,5 lần (Theo quy định 1 MW, ảnh hưởng đến 10 ha rừng, nhưng tại Đắk Re, 1 MW chỉ ảnh hưởng tới 0,5 ha rừng).
Nhà máy thủy điện Đăkre do Công ty cổ phần Đầu tư và Xây dựng Thiên Tân làm chủ đầu tư có hạng mục hầm và ống áp lực dài gần 13 km “vắt” từ huyện Kon Plong (tỉnh Kon Tum) xuống huyện Ba Tơ (tỉnh Quảng Ngãi).
Thủy điện Đăkre, theo ông Huỳnh Kim Lập, Chủ tịch Công ty Thiên Tân, được lập thủ tục từ năm 2013, đến năm 2016 mới chính thức khởi công xây dựng và đang tăng tốc về đích tháng 10 năm nay.
Để đạt và vượt các mốc tiến độ, các nhà thầu đang huy động khoảng 700 nhân lực với thiết bị máy móc luôn sẵn sàng vượt qua địa hình khó khăn, địa chất phức tạp và thời tiết khắc nghiệt “khoét núi, ngủ hầm, mưa dầm, cơm vắt” chinh phục từng mét hầm, đường ống áp lực, tỉ mẩn lắp đặt an toàn các thiết bị vào 2 tổ máy chờ ngày khởi động tuốc bin, chính thức phát điện, hòa lưới quốc gia, bổ sung vào nguồn năng lượng phục vụ cho sự nghiệp công nghiệp hóa đất nước.
Giải thích về quá trình chuẩn bị thủ tục quá… kỹ càng, ông Lập cho biết là do đi tìm phương án tối ưu vừa không ảnh hưởng đến rừng, đến dân sinh mà vẫn đảm bảo hiệu quả dự án. Theo ông Lập, ban đầu tư vấn lên phương án làm đập, cửa xả đáy và kênh dẫn nước về nhà máy (đây là thế mạnh xây dựng của Thiên Tân, nếu làm phương án này sẽ nhanh hơn và tiết kiệm chi phí hơn). Tuy nhiên, nếu triển khai theo phương án này phải di dời và tái định cư 620 hộ dân, giải phóng mặt bằng hơn 90ha lúa nước, ảnh hưởng hơn 170 ha rừng..
“Sau khoảng 5-6 lần nâng lên đặt xuống với vài chục lần cùng tư vấn khảo sát thực địa và đi đến thống nhất đánh giá là… phương án này không bền vững. Nếu di dời dân và tái định cư không tốt sẽ dẫn đến đời sống người dân khó khăn, hệ lụy từ dự án sẽ rất lớn. Vì vây, phương án đào hầm đã được chốt. Phương án tối ưu này đã “đội” kinh phí đầu tư của hạng mục này lên khoảng 60% (từ khoảng 120 triệu đồng lên hơn 320 triệu đồng). Bù lại, đã không phải di dời bất cứ hộ dân nào, không ảnh hưởng đến diện tích trồng lúa nước của bà con và đặc biệc là giữ được rừng”, ông Lập cho biết.
“Thiên Tân muốn làm một dự án thủy điện “xanh” đúng nghĩa, đảm bảo an sinh xã hội, cuộc sống người dân không bị xáo trộn và môi trường không bị tác động”, ông Lập khẳng định.
Một số hình ảnh thi công công trình thủy điện Đăkre do phóng viên Baodautu.vn ghi lại:","Nhà máy thủy điện, Thủy điện Dakre, Ba Tơ, Quảng Ngãi, KPlong, Kon Tum, Huỳnh Kim Lập, Thiên Tân",1132
https://vneconomy.vn/giai-quyet-dut-diem-tinh-trang-su-dung-sim-rac-sim-nac-danh.htm,"Giải quyết dứt điểm tình trạng sử dụng SIM rác, SIM nặc danh",2022-07-05,Kinh tế số,"Chỉ đạo trên được nêu tại kết luận cuộc họp ngày 16/6 về kết nối thông tin thuê bao (trừ thông tin mật) với Cơ sở dữ liệu quốc gia về dân cư nhằm nâng cao hiệu quả công tác quản lý, giải quyết tình trạng sử dụng SIM rác do Phó Thủ tướng Vũ Đức Đam đã tiếp tục chủ trì. Thông báo kết luận cuộc họp trên được Văn phòng Chính phủ ban hành ngày 4/7.
Thông báo cho biết, kết luận cuộc họp, Phó Thủ tướng Vũ Đức Đam nhận định, trong những năm qua, các doanh nghiệp viễn thông đã tập trung phát triển, cung cấp thuê bao với tốc độ nhanh chóng để đáp ứng nhu cầu sở hữu thuê bao của xã hội.
Việc tăng trưởng số lượng thuê bao nóng với các giải pháp kiểm soát thủ công kéo theo tình trạng lạm dụng các tài khoản SIM rác, SIM nặc danh để lừa đảo, gây rối trật tự xã hội, làm ảnh hưởng đến quyền lợi của công dân. Bộ Công an, Bộ Thông tin và Truyền thông đã thực hiện nhiều giải pháp để khắc phục tình trạng này, tuy nhiên chưa triệt để.
Hiện nay, Cở sở dữ liệu quốc gia về dân cư đã sẵn sàng cho việc kết nối, khai thác để xác thực thông tin, cần thiết phải triển khai các biện pháp dứt khoát rà soát, khắc phục tình trạng lạm dụng SIM rác, SIM nặc danh để quản lý xã hội minh bạch, bảo vệ quyền lợi cho người dân, doanh nghiệp.
Ghi nhận mong muốn được hỗ trợ kết nối với Cơ sở dữ liệu quốc gia về dân cư để xác thực, làm sạch thông tin thuê bao và nỗ lực của các doanh nghiệp viễn thông trong công tác quản lý thuê bao, xác minh tính chính xác của các thuê bao thời gian qua, Phó thủ tướng Vũ Đức Đam yêu cầu thời gian tới, các doanh nghiệp viễn thông tiếp tục thực hiện các giải pháp để nâng cao chất lượng cung cấp dịch vụ, bảo đảm quyền lợi cho người dân và doanh nghiệp.
Phó thủ tướng cũng giao Bộ Công an, Bộ Thông tin và Truyền thông theo đúng chức năng quản lý nhà nước hỗ trợ các doanh nghiệp viễn thông xác thực thông tin thuê bao nhằm nâng cao hiệu quả công tác quản lý, giải quyết dứt điểm tình trạng sử dụng SIM rác, SIM nặc danh.
“Không làm ảnh hưởng đến hoạt động kinh doanh của các doanh nghiệp viễn thông và các ngành, nghề kinh doanh có liên quan, tăng cường ứng dụng công nghệ thông tin, chia sẻ dữ liệu để hỗ trợ việc xác thực, hạn chế yêu cầu người dân phải thực hiện khai báo lại. Lộ trình triển khai thực hiện theo chỉ đạo tại thông báo 174 ngày 15/6/2022 của Văn phòng Chính phủ”, Phó thủ tướng Đam chỉ đạo.
Phó thủ tướng cũng giao Bộ Tài chính phối hợp với Bộ Công an nghiên cứu đề xuất của các nhà mạng về phương án tính phí khai thác thông tin Cơ sở dữ liệu quốc gia về dân cư phù hợp với mức thu nhập của người dân, đồng thời tiết kiệm chi phí của người dân, doanh nghiệp.
Bộ Công an chủ trì, phối hợp với Ngân hàng Nhà nước Việt Nam, Bộ Thông tin và Truyền thông, Văn phòng Chính phủ đề xuất giải pháp kết nối sử dụng dữ liệu dân cư khắc phục tình trạng sử dụng tài khoản ngân hàng, số thuê bao điện thoại không chính chủ; tạo lập website, ứng dụng điện thoại, tài khoản mạng xã hội không đăng ký để thực hiện các hành vi vi phạm pháp luật có liên quan đến “tín dụng đen”.","Viettel, chuyển đổi số, VinaPhone, MobiFone, Bộ Thông tin và Truyền thông, nhà mạng, kinh tế số, Phó Thủ tướng Vũ Đức Đam, xã hội số, viễn thông di động, Bộ Công an, Chính phủ số, VNPT, SIM rác, sim nặc danh",727
https://baodautu.vn/sa-xi-chuong-duong-tiep-tuc-lo-nang-trong-quy-dau-nam-d213468.html,Sá xị Chương Dương tiếp tục lỗ nặng trong quý đầu năm,2024-04-22,Tài chính - Chứng khoán,"Báo cáotài chínhcủa Công ty cổ phần Nước giải khát Chương Dương (mãchứng khoán: SCD) ghi nhận doanh thu thuần quý đầu năm nay đạt 56,8 tỷ đồng, giảm 10,6% so với cùng kỳ. Sau khi trừ giá vốn, công ty có lãi gộp 16,7 tỷ đồng, tương ứng tỷ suất sinh lời gộp 29,4%.
Các khoản chi phí củadoanh nghiệpsở hữu thương hiệu Sá xị Chương Dương đều biến động mạnh trong 3 tháng đầu năm. Cụ thể, công ty ghi nhận chi phí lãi vay xấp xỉ 10 tỷ đồng trong khi cùng kỳ năm ngoái con số chưa đến 4 tỷ đồng. Chi phí bán hàng cũng nhảy vọt từ 10,7 tỷ đồng lên 17,6 tỷ đồng. Khoản mục “chi phí khác” như tiền thuê đất, khấu hao… cũng tăng gấp đôi, từ 1,2 tỷ đồng lên 2,6 tỷ đồng.
Tính đến ngày 31/3, tổng tài sản của công ty đạt 681 tỷ đồng, giảm nhẹ so với mức 687 tỷ đồng của đầu kỳ. Nợ phải trả của công ty đã vượt quá tổng tài sản. Cụ thể, tổng nợ được ghi nhận vào cuối quý I là 710 tỷ đồng, tăng 11 tỷ đồng so với đầu năm. Trong số này có đến 532 tỷ đồng là các khoản nợ ngắn hạn.
Trong văn bản giải trình gửi Sở Giao dịch chứng khoán TP.HCM, ban lãnh đạo công ty cho biết hiện phải đối mặt với chi phí nguyên liệu đường và nhôm ngày càng tăng. Nhu cầutiêu dùngtrong nước cũng thấp hơn trước đây bởi tâm lý thắt lưng buộc bụng của người tiêu dùng. Điều này cộng thêm chi phí thuê đất và lãi vay cao hơn cùng kỳ đã khiến kết qủa hoạt động trong quý I thấp hơn năm ngoái.
“Doanh nghiệp tiếp tục tập trung vào việc giảm chi phí hoạt động, bao gồm chi phí quảng cáo và khuyến mãi để đảm bảo chi tiêu hiệu quả hơn. Ngoài rà, chúng tôi vẫn cam kết tối ưu hoá chi phí sản xuất thông qua làm việc với nhà cung cấp để có mức giá tốt hơn và luôn xem xét mọi cơ hội về giá cả cạnh tranh và mở rộng địa bàn để tăng sản lượng”, ông Phạm Tấn Lợi, Giám đốc công ty - viết trong văn bản giải trình kết quả kinh doanh.
Trong tài liệu trình đại hội đồng cổ đông thuờng niên, Hội đồng quản trị công ty cho rằng hoạt động kinh doanh có triển vọng tăng trưởng tốt trong năm nay nên đặt mục tiêu doanh thu thuần từ bán hàng và cung cấp dịch vụ đạt 225,26 tỷ đồng, cao hơn năm ngoái 78,4%. Tuy nhiên, ban lãnh đạo cũng nhận định sự phát triển mạnh mẽ của các đối thủ là thách thức lớn trong nỗ lực mở rộng thị phần của công ty, cộng thêm chi phí dành cho các dịch vụ thuê ngoài vẫn tăng cao. Do đó, Hội đồng quản trị lên kế hoạch năm nay sẽ lỗ sau thuế 73,11 tỷ đồng, nối dài chuỗi lỗ năm thứ tư liên tiếp.
Trước đó, khoản lỗ sau thuế 119,25 tỷ đồng trong năm 2023 khiến công ty bị Sở Giao dịch chứng khoán TP.HCM (HoSE) ra quyết định huỷ niêm yết từ ngày 6/5 vì ""kết quả sản xuất kinh doanh bị thua lỗ trong 3 năm liên tục hoặc tổng số lỗ luỹ kế vượt quá số vốn điều lệ thực góp, hoặc vốn chủ sở hữu âm trong báo cáotài chínhkiểm toán năm gần nhất"".
Thông tin huỷ niêm yết sau gần 18 năm niêm yết trên sàn chứng khoán khiến giá cổ phiếu lao dốc mạnh lập tức, nhưng sau đó đã có tín hiệu hồi phục trở lại. Cụ thể, SCD đang có chuỗi tăng 2 phiên liên tiếp lên vùng giá 13.000 đồng, trong đó phiên gần nhất tăng đến 6,6% so với tham chiếu.","Nước giải khát Chương Dương, Sá xị Chương Dương, SCD, huỷ niêm yết",814
https://vneconomy.vn/chung-khoan-my-chung-lai-cho-bao-cao-quan-trong-gia-dau-tang-nhe-sau-quyet-dinh-cua-opec.htm,"Chứng khoán Mỹ chững lại chờ báo cáo quan trọng, giá dầu tăng nhẹ sau quyết định của OPEC+",2024-12-06,Thế giới,"Các chỉ số chứng khoán Mỹ trong phiên giao dịch ngày thứ Năm (5/12) đồng loạt giảm điểm sau khi đều lập kỷ lục trong phiên trước khi nhà đầu tư chờ đợi báo cáo việc làm công bố vào ngày thứ Sáu.
Lúc đóng cửa, chỉ số Dow Jones giảm 0,55% còn 44.765,72 điểm. S&P 500 giảm 0,19%, chốt ở mức 6.075,11 điểm, còn Nasdaq giảm 0,18% xuống 19.700,26 điểm.
Cổ phiếu công ty thiết kế chip Synopsys giảm 12,4% sau khi đưa ra dự báo doanh thu năm 2025 thấp hơn so với dự báo của Phố Wall, một phần do doanh số tại Trung Quốc sụt giảm. Trong khi đó, cổ phiếu công ty dịch vụ bảo hiểm UnitedHealth sụt 5,2% sau tin CEO công ty bị sát hại.
Đà tăng của tiền số và các cổ phiếu liên quan tới tiền số đang chững lại sau khi đồng bitcoin – tiền số lớn nhất thị trường – lần đầu tiên đạt mốc giá 100.000 USD. Cổ phiếu MicroStrategy, công ty nắm giữ nhiều bitcoin nhất, đóng cửa phiên hôm qua giảm 4,8%. Còn cổ phiếu sàn giao dịch tiền ảo lớn nhất tại Mỹ, Coinbase, giảm 3,1%.
Theo khảo sát của Reuters, các nhà phân tích dự báo rằng báo cáo việc làm công bố ngày thứ Sáu sẽ cho thấy khu vực phi nông nghiệp Mỹ tạo thêm 200.000 công việc mới trong tháng 11. Trong tháng 10, con số này là 12.000 việc làm, con số tăng thấp nhất kể từ tháng 12/2020.
Báo cáo này sẽ là cơ sở để các nhà phân tích dự báo về quyết định lãi suất của Cục Dự trữ Liên bang Mỹ (Fed) tại cuộc họp chính sách vào ngày 17-18/12 tới. Hôm thứ Tư (3/12), Chủ tịch Fed Jerome Powell nói rằng nền kinh tế Mỹ đang mạnh hơn dự báo của Fed khi bắt đầu giảm lãi suất hồi tháng 9. Các nhà phân tích cho rằng ông có vẻ ủng hộ nới lỏng chính sách tiền tệ với tốc độ chậm hơn.
“Thị trường lao động đã ổn hơn và rủi ro dường như ít đi”, ông Powell phát biểu. “Tăng trưởng rõ ràng mạnh hơn so với dự báo của chúng tôi, còn lạm phát đang tăng một chút. Vì vậy, tin tốt là chúng tôi có thể thận trọng hơn một chút khi tìm điểm cân bằng trong chính sách tiền tệ”.
Đầu phiên hôm qua, thị trường cũng đón nhận dữ liệu về số lượng đơn xin trợ cấp thất nghiệp mới với mức tăng nhẹ vào tuần trước.
“Thị trường đang hấp thụ các số liệu kinh tế mới và chờ đợi báo cáo việc làm vào thứ Sáu”, ông Daniel Morgan, quản lý danh mục tại Synovus Trust (Mỹ), nhận xét. “Rõ ràng Phố Wall đang hành động dựa trên dự báo về những hành động tiếp theo của Cục Dự trữ Liên bang Mỹ (Fed)”.
Trên thị trường năng lượng, giá dầu tăng nhẹ sau khi Tổ chức các nước xuất khẩu dầu mỏ và các đối tác (OPEC+) quyết định lùi kế hoạch tăng sản lượng tới tháng 4/2025. Theo các nguồn tin, tại cuộc họp ngày 5/12, các thành viên OPEC+ đồng ý kéo dài việc cắt giảm sản lượng 2 triệu thùng/ngày và 1,65 triệu thùng/ngày đến cuối năm 2026 thay vì cuối năm 2025 như kế hoạch trước đó. Việc nới lỏng dần kế hoạch giảm 2,2 triệu thùng/ngày sẽ bắt đầu từ tháng 4 năm sau và kéo dài tới tháng 9/2026.
Lúc đóng cửa, dầu thô Brent tăng 0,09 USD, tương đương tăng 0,13%, giao dịch ở mức 72.180 USD/thùng. Giá dầu WTI đóng cửa tăng 0,139 USD, tương đương tăng 0,2% lên 68,439 USD/thùng","chứng khoán Mỹ, opec+",793
https://vneconomy.vn/phan-giao-tong-nguon-xang-dau-toi-thieu-5-5-trieu-m3-tan-trong-quy-4-2022.htm,"Phân giao tổng nguồn xăng dầu tối thiểu 5,5 triệu m3/tấn trong quý 4/2022",2022-10-25,Thị trường,"Ngày 24/10/2022, Bộ Công Thương tổ chức cuộc họp với Hiệp hội Xăng dầu Việt Nam và 31 doanh nghiệp đầu mối kinh doanh xăng dầu nhằm đánh giá việc thực hiện tổng nguồn và hạn mức nhập khẩu xăng dầu tối thiểu 9 tháng năm 2022 và phân giao nguồn xăng dầu quý 4/2022.
Theo báo cáo của Vụ Thị trường trong nước (Bộ Công Thương) tổng nguồn xăng, dầu tối thiểu năm 2022 được Bộ Công Thương giao cho 36 thương nhân đầu mối là 20.722.039m3.
Để bù đắp sản lượng thiếu hụt trong nước, Bộ Công Thương ban hành Quyết định số 242/QĐ-BCT ngày 24/2/2022 giao sản lượng nhập khẩu xăng, dầu tăng thêm trong quý 2/2022. Theo đó, 10 thương nhân đầu mối kinh doanh xăng dầu đã được giao nhập khẩu tăng thêm 2,4 triệu m3 xăng dầu.
Theo báo cáo tổng hợp từ các thương nhân đầu mối kinh doanh xăng dầu, tổng nguồn xăng dầu mặt đất (xăng, diesel, dầu hỏa, dầu mazut) trong 9 tháng năm 2022 đạt khoảng 17.238.335 m3/tấn.
Như vậy, hết quý 3/2022, các thương nhân đầu mối đã thực hiện được khoảng 83% kế hoạch tổng nguồn tối thiểu năm 2022. Nếu tính cả lượng giao nhập khẩu tăng thêm theo Quyết định 242 thì con số này là 75%.
Đối với mặt hàng chủ đạo là xăng và diesel, Vụ trưởng Vụ Thị trường trong nước (Bộ Công Thương) Trần Duy Đông cho biết một số thương nhân thực hiện tổng nguồn gần đạt, thậm chí vượt so với tổng nguồn tối thiểu được giao.
Cụ thể, Tập đoàn Xăng dầu Việt Nam đạt 99,6% đối với xăng và 95,9% đối với diesel; Tổng công ty Dầu Việt Nam - CTCP đạt 100,3% đối với xăng và 83,4% đối với diesel; Công ty TNHH MTV Dầu khí TP. Hồ Chí Minh đạt 93,2% đối với xăng và 167,0% đối với diesel; Công ty Cổ phần Thương mại dầu khí Đồng Tháp đạt 96,2% đối với xăng và 74,9% đối với diesel; Tổng Công ty Thương mại Xuất nhập khẩu Thanh Lễ - CTCP đạt 119,0% đối với xăng và 119,4% đối với diesel; Công ty TNHH một thành viên Tổng công ty xăng dầu Quân đội đạt 123,5% đối với xăng và 127,8% đối với diesel…
Tuy nhiên, vẫn có một số thương nhân đã không thực hiện tổng nguồn tối thiểu được giao là Công ty TNHH Sản xuất - Thương mại Hưng Phát; Tổng Công ty Thương mại Sài Gòn - TNHH một thành viên; Công ty Cổ phần Nhiên liệu Phúc Lâm (mặt hàng diesel); Công ty TNHH Xăng dầu Giang Nam; Công ty TNHH Trung Linh Phát (mặt hàng xăng); Công ty Cổ phần Phúc Lộc Ninh.
Để đảm bảo nguồn cung xăng dầu phục vụ nhu cầu thị trường thời gian tới, Bộ Công Thương dự kiến phân giao tổng nguồn xăng dầu tối thiểu (bao gồm nhập khẩu, mua từ các nhà máy lọc dầu trong nước và tự sản xuất, pha chế) cho các thương nhân đầu mối kinh doanh xăng dầu trong quý 4/2022 là 5,5 triệu m3/tấn; bình quân 1.833.333 m3/tấn/tháng. Trong đó, lượng xăng là 2.248.066 m3 (bình quân 749.355m3/tháng); Diesel 3.133.149 m3 (bình quân 1.044.383 m3/tháng); Mazut 110.497 tấn (bình quân 36.832 tấn/tháng); Dầu hỏa 8.287 m3 (bình quân 2.762 m3/tháng).
Việc phân giao được thực hiện căn cứ vào tỷ trọng tổng nguồn đã phân giao đầu năm 2022 cho các thương nhân đầu mối kinh doanh xăng dầu và đã có danh sách với số lượng hạn mức cụ thể đến từng thương nhân đầu mối.",Phân giao tổng nguồn xăng dầu tối thiểu cho các thương nhân đầu mối,808
https://baodautu.vn/hoa-phat-cap-container-made-in-vietnam-cho-hang-tau-hapag-lloyd-d221085.html,Hòa Phát cấp container “Made in Vietnam” cho hãng tàu Hapag-Lloyd,2024-07-30,Doanh nghiệp,"Sự kiện này không chỉ mở ra cơ hội hợp tác chiến lược mà còn khẳng định container ""Made in Vietnam"" của Hòa Phát đáp ứng tiêu chuẩn quốc tế tại các thị trường khó tính nhất.
Tham dự buổi lễ có sự hiện diện của các lãnh đạo cấp cao từ Hapag-Lloyd, đại diện là bà Andrea Schöning, Giám đốc điều hành Container.  Về phía Hòa Phát có ông Nguyễn Mạnh Tuấn, Phó chủ tịch HĐQT Tập đoàn kiêm Tổng giám đốc Công ty CP Sản phẩm Thép Hòa Phát và Ban Giám đốc Công ty Cổ phần Sản xuất Container Hòa Phát.
Bà Andrea Schöning, Giám đốc điều hành Container hãng tàu Hapag-Lloyd cho biết, trong khuôn khổ cam kết chiến lược tăng trưởng tại Việt Nam, chúng tôi vui mừng thông báo hợp tác với Hòa Phát về lĩnh vực sản xuất container. Là một trong những tập đoàn sản xuất công nghiệp hàng đầu tại Việt Nam, nhà máy sản xuất container của Hòa Phát hiện đại, đáp ứng các tiêu chuẩn quốc tế và cung cấp sản phẩm chất lượng cao. Chúng tôi tin rằng, sự hợp tác này không chỉ nâng cao hiệu quả chuỗi cung ứng mà còn củng cố sự hiện diện lâu dài của chúng tôi tại thị trường Việt Nam, góp phần hỗ trợ nềnkinh tếkhu vực.
Tại lễ ký kết, ông Vũ Đức Sính, Giám đốc Công ty CP sản xuất container Hòa Phát cho biết chia sẻ, Hòa Phát tự hào là đối tác với Hapag-Lloyd. Sau lô hàng này, chúng tôi tin tưởng hai bên sẽ tiếp tục hợp tác với quy mô lớn hơn trong thời gian tới.
""Lô hàng 2.000 container loại 20DC lần này được thiết kế với nhiều tính năng tiên tiến, khung gầm được gia cố để chuyên chở hàng hóa trọng lượng lớn, đáp ứng yêu cầu của thị trường vận tải biển. Để đảm bảo chất lượng, mỗi container đều được kiểm tra bởi các kiểm định viên do Hapag-Lloyd chỉ định và một tổ chức phân loại được công nhận. Container có tải trọng tối đa 32.500 kg, phần cửa được trang bị bản lề chống trộm và thiết bị định vị đặc biệt để dễ dàng giám sát trong quá trình vận chuyển. Đây là một trong những lợi thế giúp Hapag-Lloyd mang đến cho khách hàng những sản phẩm an toàn, minh bạch nhất"", đại diện Hòa Phát nói thêm.
Container của Hòa Phát được thiết kế và sản xuất theo các tiêu chuẩn quốc tế, hoàn toàn đáp ứng yêu cầu kỹ thuật trong việc vận chuyển hàng hóa xuyên lục địa. Toàn bộ quá trình từ nguyên liệu đầu vào, sản xuất đến nghiệm thu sản phẩm được kiểm soát nghiêm ngặt bởi hệ thống quản lý chất lượng tiên tiến, tự động hóa cao.
Là mặt hàng đặc thù, tỷ trọng xuất khẩu chiếm đa số, cũng trong buổi lễ, Hòa Phát bày tỏ mong muốn nhận được sự hỗ trợ tối đa về chính sách và thủ tục hành chính từ các cơ quan nhà nước để thuận lợi trong việc xuất khẩu container, góp phần thúc đẩy xuất khẩu, tăng thu ngoại tệ, nâng cao vị thế của Việt Nam trong ngành sản xuất container toàn cầu và lĩnh vực vận tải quốc tế.
Bằng kinh nghiệm lâu năm trong sản xuất công nghiệp, Hòa Phát đặt mục tiêu tối ưu hóa quản trị sản xuất, mở rộng thị trường nhằm sớm đạt công suất thiết kế sản phẩm, tận dụng cơ hội từ thị trường logistics. Dự kiến, Tập đoàn sẽ nghiên cứu đầu tư giai đoạn 2 vào thời điểm thích hợp để đạt tổng công suất 500.000 TEU/năm.","container hòa phát, sản xuất vỏ container lớn nhất việt Nam, vận tải biển, Hapag-Lloyd, logicstics",738
https://vneconomy.vn/tp-hcm-chi-hon-1-300-ty-dong-boi-thuong-tai-dinh-cu-khu-do-thi-moi-thu-thiem.htm,"TP.HCM chi hơn 1.300 tỷ đồng bồi thường, tái định cư khu đô thị mới Thủ Thiêm",2021-06-26,Bất động sản,"Tại kỳ họp thứ nhất Hội đồng nhân dân thành phố khóa X chiều 24/6, ông Võ Văn Hoan, Phó chủ tịch Ủy ban nhân dân TP.HCM, đã trình các tờ trình liên quan đến các vấn đề củakhu đô thị mới Thủ Thiêm.
Theo đó, Ủy ban nhân dân TP.HCM trình Hội đồng nhân dân thành phố xem xét chấp thuận chủ trương điều chỉnh về mốc thời điểm với một số trường hợp để tính bồi thường, hỗ trợ cho phù hợp với quy định của Luật đất đai.
Đồng thời, điều chỉnh, bổ sung tăng mức hỗ trợ đối với một số trường hợp để người dân có điều kiện ổn định cuộc sống; điều chỉnh bổ sung một số nội dung bất cập trong quá trình áp dụng các chính sách đã thực hiện hiện nay.
Dự kiến tổng kinh phí cần bổ sung cho công tác bồi thường,tái định cưcủa khu đô thị mới Thủ Thiêm là hơn 1.300 tỷ đồng. Trong trường hợp thực hiện tái định cư bằng chung cư, dự kiến thành phố cần 17.000m2 đất.
Kinh phí chi trả được sử dụng từ nguồn thu, tiền đấu giá quỹ sử dụng đất trong khu đô thị mới Thủ Thiêm.
Ủy ban nhân dân TP.HCM khẳng định việc thực hiện bồi thường, hỗ trợ, tái định cư sẽ đảm bảo đúng quy định pháp luật, công khai, minh bạch, đáp ứng quyền và lợi ích người dân.
Ông Võ Văn Hoan báo cáo Hội đồng nhân dân TP.HCM tờ trình về bổ sung dự toán thu chi ngân sách thành phố năm 2021, nhằm xử lý khoản tiền tạm ứng ngân sách và trả lãi vay tín dụng liên quan dự án khu đô thị mới Thủ Thiêm.
Theo Ủy ban nhân dân TP.HCM, dự kiến các nguồn thu phát sinh tính đến cuối năm 2021 là hơn 41.000 tỷ đồng. Trong đó, nguồn thu từ quỹ 12.500 căn hộ là khoảng 14.000 tỷ, nguồn thu từ đấu giá tiền sử dụng đất là hơn 25.000 tỷ, nguồn thu từ chuyển đổi nhà tái định cư thành nhà ở thương mại là khoảng 1.600 tỷ, nguồn thu bố trí quỹ nhà tái định cư của các hộ dân là 164 tỷ đồng.
Trên cơ sở những dự kiến nguồn thu bổ sung trên, Ủy ban nhân dân TP.HCM đề xuất bổ sung dự toán thu ngân sách địa phương năm 2021 với số tiền hơn 41.000 tỷ.
Ngoài ra, Ủy ban nhân dân TP.HCM cũng trình Hội đồng nhân dân TP.HCM xem xét bổ sung dự toán chi ngân sách địa phương năm 2021 gần 37.000 tỷ để hoàn trả tạm ứng ngân sách thành phố và trả vay tín dụng. Phân bổ dự toán chi số tiền trên cho Ban Quản lý đầu tư xây dựng khu đô thị mới Thủ Thiêm với gần 37.000 tỷ để xử lý hoàn trả tạm ứng ngân sách và trả các khoản lãi vay tín dụng.
Trước đó, Hội đồng nhân dân TP.HCM đã thông qua chính sách giải quyết bồi thường, hỗ trợ, tái định cư bổ sung đối với 331 hộ dân khu đất 4,39ha được Thanh tra Chính phủ xác định ngoài ranh quy hoạch khu đô thị mới Thủ Thiêm.
TP.HCM áp dụng giá đất theo hệ số quy đổi với 3 phương án là tiền, nền đất và nhà tái định cư để bồi thường cho người dân.
Thành ủy TP.HCM sau đó cũng đã có Nghị quyết về tập trung đầu tư xây dựng hoàn thành khu đô thị mới Thủ Thiêm trước năm 2030.
Trong đó, TP.HCM sẽ thực hiện việc xây dựng hạ tầng kỹ thuật 3 lô đất tái định cư để bố trí cho người dân chịu ảnh hưởng bởi khu đô thị mới Thủ Thiêm. Thành phố cũng tổ chức các chính sách bồi thường tái định cư bổ sung cho người dân tại khu đất 4,39ha.","TP.HCM, Tái định cư, Thủ Thiêm, Bồi thường",774
https://baodautu.vn/pho-thong-doc-noi-ve-ly-do-tang-lai-suat-dieu-hanh-va-lai-suat-tran-huy-dong-d176702.html,Phó thống đốc nói về lý do tăng lãi suất điều hành và lãi suất trần huy động,2022-10-29,Ngân hàng - Bảo hiểm,"Trao đổi với báo giới về vấn đề cácngân hàngthương mại đồng loạt tăng lãi suất huy động sau khi Ngân hàng Nhà nước tiếp tục tăng trần lãi suất huy động, Phó thống đốc Ngân hàng Nhà nước (NHNN) Phạm Thanh Hà cho biết, mục tiêu tăng trưởng tín dụng năm nay là 14%, cao hơn mức của 2 năm trước 2020-2021.
Thực tế, tín dụng đã tăng ngay từ những tháng đầu năm và tính đến nay, tín dụng tiếp tục ở mức cao so với cùng kỳ của các năm trước. Cụ thể, tín dụng đến ngày 25/10 tăng 11,5% so với cuối năm ngoái, và so với cùng kỳ cuối tháng 10 năm ngoái, tăng trên 17%, ""là mức cao so với cùng kỳ nhiều năm trước đây"", ông Hà nói.
Theo Phó thống đốc, tăng trưởngkinh tếtrong 9 tháng có sự đóng góp tích cực của việc tăng trưởng tín dụng. Tuy nhiên, huy động vốn tăng trưởng chậm, tăng khoảng 4,6% so với đầu năm, tức là chỉ bằng 1/3 so với tốc độ tăng trưởng của tín dụng. Điều này đặt ra thách thức lớn đối với hệ số sử dụng vốn của hệ thống ngân hàng, gây quan ngại về thanh khoản của hệ thống ngân hàng.
Để bảo đảm thanh khoản cho các tổ chức tín dụng và nguồn vốn cung cấp tín dụng cho nền kinh tế, NHNN đã điều chỉnh các mức lãi suất điều hành từ tháng 9, và lần điều chỉnh thứ 2 là hôm 24/10, tăng lãi suất điều hành và tăng lãi suất trần huy động của các kỳ hạn ngắn dưới 6 tháng. ""Điều này bảo đảm cho các tổ chức tín dụng có khả năng huy động thêm được nguồn vốn, bảo đảm an toàn thanh khoản, và có điều kiện để cung ứng vốn tín dụng cho nền kinh tế"", ông Hà lý giải.
Cũng theo Phó thống đốc, điều này cũng phù hợp với thế giới khi lạm phát của thế giới tăng cao và kéo dài. Tất cả các ngân hàng Trung ương trên thế giới đã tăng lãi suất, điển hình là Cục Dự trữ Liên bang Mỹ (Fed) tăng nhanh và rất mạnh lãi suất đã làm cho đồng tiền nội tệ của các nước mất giá theo. Tiếp đó, các nước tiếp tục tăng lãi suất lần 2 để chống lạm phát trong nước và chống đỡ sự giảm giá của đồng nội tệ so với USD.
""Việc tăng lãi suất của NHNN là phù hợp với điều kiện kinh tế vĩ mô trong nước cũng như bối cảnh quốc tế khi nền kinh tế của chúng ta có độ mở lớn, hội nhập sau rộng kinh tế quốc tế"", Phó thống đốc Phạm Thanh Hà khẳng định.
Tuy nhiên, việc nâng mặt bằng lãi suất lên cũng tạo ra những quan ngại về khả năng tiếp cận tín dụng của cácdoanh nghiệp. Để giải quyết vấn đề này, Phó thống đốc cho biết, NHNN đã thường xuyên chỉ đạo các tổ chức tín dụng tập trung vốn cho các đối tượng ưu tiên, các tổ chức kinh doanh.
""Chúng tôi có trần lãi suất cho vay ưu tiên, bảo đảm cho 5 lĩnh vực ưu tiên của Chính phủ. Các doanh nghiệp đủ điều kiện có thể tiếp cận với nguồn vốn với lãi suất thấp hơn lãi suất thị trường"", Phó thống đốc nhấn mạnh và cho biết, NHNN tiếp tục yêu cầu các ngân hàng, các tổ chức tín dụng tập trung vốn vào các lĩnh vực sản xuất kinh doanh ưu tiên như là xăng dầu hay các mặt hàng thiết yếu của nền kinh tế.
Bên cạnh đó, NHNN cũng đang tập trung chỉ đạo bảo đảm cho tăng trưởng tín dụng phù hợp với kinh tế vĩ mô và bảo đảm cho khả năng tiếp cận vốn của nền kinh tế cũng như các doanh nghiệp.","Phạm Thanh Hà, Ngân hàng Nhà nước, tăng lãi suất điều hành, tăng lãi suất trần huy động",759
https://baodautu.vn/quang-nam-von-fdi-chu-yeu-rot-vao-khu-kinh-te-khu-du-lich-ven-bien-d185897.html,"Quảng Nam: Vốn FDI chủ yếu rót vào khu kinh tế, khu du lịch ven biển",2023-03-21,Đầu tư,"Ông Nguyễn Tấn Văn, Phó giám đốc Sở KH&ĐT tỉnh Quảng Nam cho biết đã có báo cáo gửi Bộ Kế hoạch và Đầu tư về tình hình thu hút, quản lý vốnđầu tưnước ngoài trên địa bàn tỉnh Quảng Nam giai đoạn 2018 – 2022.
Theo đó, trong giai đoạn 2018-2022, tỉnh Quảng Nam đã cấp mới 76dự ánđầu tư nước ngoài với tổng vốn đầu tư 603,56 triệu USD, điều chỉnh 191 dự án (trong đó có 52 dự án điều chỉnh vốn). Ngoài ra, địa phương này đã chấm dứt hoạt động đối với 20 dự án; thông báo chấp thuận 166 lượt góp vốn, mua cổ phần, phần vốn góp của nhà đầu tư nước ngoài.
Một số dự án quy mô lớn được cấp trên địa bàn tỉnh trong giai đoạn 2018-2022, như Nhà máy Sản xuất vải mành tại KCN Tam Thăng của Công ty TNHH Hyosung Quảng Nam với tổng vốn đầu tư 410 triệu USD; Dự án Nam châm từ tính SGI tại KCN Bắc Chu Lai của nhà đầu tư Star Group Ind.Co., Ltd (Hàn Quốc) với tổng vốn đầu tư 39,3 triệu USD; Dự án Nhà máy Dệt may quần áo không đường may tại KCN Tam Thăng của Công ty TNHH Celebrity Fashion Vina (Hồng Kông) với tổng vốn đầu tư 35 triệu USD;...
Lũy kế đến nay, tỉnh Quảng Nam có 194 dự án FDI với tổng vốn đầu tư khoảng 6,06 tỷ USD. Các dự án đầu tư tập trung phần lớn tại KhuKinh tếmở Chu Lai, khu du lịch ven biển và các khu, cụm công nghiệp trên địa bàn tỉnh; lĩnh vực đầu tư chủ yếu tập trung ở các ngành công nghiệp chế biến chế tạo, dịch vụ, du lịch...
Về đối tác đầu tư, các dự án FDI đầu tư vào Quảng Nam đến từ 30 quốc gia và vùng lãnh thổ, trong đó Hàn Quốc là đối tác có số lượng dự án FDI nhiều nhất với 57 dự án, tổng vốn đầu tư đăng ký 824,12 triệu USD; Singapore là đối tác có vốn đầu tư FDI lớn nhất với 10 dự án đầu tư, tổng vốn đăng ký 4,09 tỷ USD.
Trong giai đoạn 2018-2022, tỉnh Quảng Nam đã cho các tổ chức kinh tế có vốn đầu tư nước ngoài thuê đất với tổng diện tích 158,8 ha
Theo UBND tỉnh Quảng Nam, hầu hết các dự án FDI đầu tư vào Quảng Nam đã góp phần tích cực vào sự phát triển kinh tế - xã hội của tỉnh. Trong giai đoạn 2018- 2020, tổng doanh thu cácdoanh nghiệpFDI là 4.575,47 triệu USD, tổng kim ngạch xuất nhập khẩu đạt 8.482 triệu USD, đóng góp nguồn thu vào ngân sách tỉnh hơn 355 triệu USD, giải quyết khoảng 56.000 lao động trên toàn tỉnh.
Trong các dự án đang thực hiện đầu tư trên địa bàn tỉnh, Dự án Khu nghỉ dưỡng Nam Hội An của Công ty TNHH Phát triển Nam Hội An (nhà đầu tư Singapore) với quy mô tổng vốn đầu tư 4 tỷ USD, diện tích đất 985,3 ha là một trong những dự án trọng điểm, tạo động lực thúc đẩy phát triển kinh tế - xã hội của tỉnh.
Về tình hình sử dụng lao động, các doanh nghiệp FDI đã góp phần giải quyết việc làm cho 56.000 lao động trên địa bàn tỉnh. Bên cạnh tạo việc làm trực tiếp, doanh nghiệp FDI cũng gián tiếp tạo việc làm cho rất nhiều lao động trong các ngành công nghiệp phụ trợ hay các doanh nghiệp khác nằm trong chuỗi cung ứng hàng hoá cho các doanh nghiệp FDI. Tốc độ tăng lao động của khu vực này bình quân 12%/năm trong giai đoạn từ 2018-2022, lao động thường tập trung vào một số ngành sản xuất thâm dụng lao động như dệt may, da giày…","Tỉnh Quảng Nam, vốn FDI, KKT Chu Lai, du lịch ven biển, báo cáo, Bộ KH&ĐT",810
https://vneconomy.vn/gia-tang-manh-nguoi-nha-va-lanh-dao-chot-loi-loat-co-phieu-nlg-ssi-dxg-pom-pnj.htm,"Giá tăng mạnh, người nhà và lãnh đạo chốt lời loạt cổ phiếu NLG, SSI, DXG, POM, PNJ",2023-07-18,Chứng khoán,"Trần Thanh Phong thông báo giao dịch cổ phiếu của người nội bộ Công ty Cổ phần Đầu tư Nam Long (mã NLG-HOSE).
Theo đó,ông Trần Thanh Phong - Phó Chủ tịch thường trực Công ty Cổ phần Đầu tư Nam Long (mã NLG)đăng ký bán 1.048.348 cổ phiếu. Nếu thành công, ông Phong sẽ giảm số lượng cổ phiếu nắm giữ còn 15.683.750 cổ phiếu, nhằm cân đối tài chính cá nhân. Giao dịch theo phương thức thoả thuận/khớp lệnh, từ ngày 20/7-18/8/2023.
Trong khi đó,mẹ ông Cao Tấn Thạch - thành viên HĐQT NLG là bà Ngô Thị Ngọc Liễuthông báo đã bán 210.800 cổ phiếu, từ ngày 10/7-11/7 và ngày 14/7, bà Liễn đã bán 200.000 cổ phiếu và số cổ phiếu nắm giữ còn sau giao dịch là 1.000.054 cổ phiếu.
Chốt phiên giao dịch ngày 17/7, giá cổ phiếu NLG giảm nhẹ còn 36.500 đồng/cổ phiếu và tăng 14,24% trong tuần qua.
Cũng tại vùng giá cao,Công ty TNHH Bất động sản Sài Gòn Đan Linh vừa thông báo đã mua 4 triệu cổ phiếu SSIcủa CTCP Chứng khoán SSI, nhằm nâng sở hữu lên mức 58,9 triệu cổ phiếu, chiếm 3,924%.Bên bán thỏa thuận là ông Nguyễn Hồng Nam - người đang đồng thời là Thành viên HĐQT kiêm Tổng Giám đốc Chứng khoán SSI và Sài Gòn Đan Linh. Giao dịch được thực hiện từ ngày 12/7 đến ngày 14/7.
Mới đây, ngày 12/7 SSI đã chi trả cổ tứcc năm 2022 bằng tiền với tỷ lệ 10% (1 cổ phiếu được nhận 1.000 đồng). Ngày đăng ký cuối cùng là ngày 21/6. Chốt phiên ngày 17/7, giá cổ phiếu này tăng thêm 1,05% lên 28.800 đồng/cổ phiếu và tăng 10,56% trong 1 tháng qua.
Tương tự,ông Lê Văn Hưng - Phó Tổng Giám đốc CTCP Tập đoàn Đất Xanh (mã DXG)thông báo đã bán 72.700 cổ phiếu DXG/272.750 cổ phiếu đang nắm giữ theo phương thức khớp lệnh; thời gian từ ngày 7/7 - 4/8. Sau giao dịch, ông Hưng còn nắm giữ 200.500 cp, chiếm 0,033% vốn điều lệ. Nguyên nhân ông Hưng không bán hết là do giao thực hiện giao dịch lô lẻ.
Chốt phiên ngày 17/7, giá cổ phiếu DXG tăng 3,49% đạt 16.300 đồng/cổ phiếu và cũng tăng 12,80% trong 1 tháng qua.
Trong khi đó,bà Đỗ Thị Kim Ngọc - em gái ông Đỗ Duy Thái - Chủ tịch HĐQT Công ty Cổ phần Thép POMINA (mã POM)đã bán ra 5,22 triệu cổ phiếu /5,5 triệu cổ phiếu đã đăng ký theo phương thức thỏa thuận/khớp lệnh từ ngày 11 - 13/7.
Sau giao dịch, bà Ngọc giảm lượng sở hữu từ 15,4 triệu cổ phiếu, chiếm 5,51% xuống còn 10,2 triệu cổ phiếu, chiếm 3,64%. Qua đó không còn là cổ đông lớn của Pomina.
Tuy nhiên, ngay sau khi bà Ngọc bán ra cổ phiếu thì Pomina tiến hành họp ĐHCĐ thường niên vào ngày 14/7 thì giá cổ phiếu POM cũng tăng trần 2 phiên liên tiếp lên mức 7.900 đồng/cổ phếu (chốt phiên ngày 17/7).
Ngoài ra,Nhóm quỹ Dragon Capital thông báo đã bán 600.000 cổ phiếu PNJ của CTCP Vàng bạc Đà quý Phú Nhuận (mã PNJ)trong ngày 17/7 và giảm sở hữu từ 29,75 triệu cổ phiếu về 29,15 triệu cổ phiếu, chiếm 8,89% vốn tại PNJ.
Ở chiều ngược lại, Sprucegrove Investment Management (Canadia) đã mua 650.300 cổ phiếu vào ngày 22/6 và nâng số lượng cổ phiếu nắm giữ lên 16.581.532 cổ phiếu, chiếm 5,06%.
Chốt phiên ngày 17/7 giá cổ phiếu này tăng 2,29% lên 80.300 đồng/cổ phiếu và tăng 9,25% trong 1 tháng qua.","chốt lời, chứng khoán, DXG, NLG, POM, SSI",882
https://baodautu.vn/batdongsan/khong-phai-nop-tien-su-dung-dat-khi-chuyen-tu-dat-phi-nong-nghiep-sang-dat-o-d72689.html,Không phải nộp tiền sử dụng đất khi chuyển từ đất phi nông nghiệp sang đất ở,2017-11-16,Chuyển động thị trường,"Hộ gia đình, cá nhân chuyển mục đích sử dụng đất từ đất sản xuất kinh doanh phi nông nghiệp (không phải là đất ở) có nguồn gốc là đất ở sang đất ở của hộ gia đình, cá nhân thì không phải nộp tiền sử dụng đất.
Nếu chuyển mục đích sử dụng từ đất sản xuất kinh doanh phi nông nghiệp (không phải là đất ở) có nguồn gốc nhận chuyển nhượng đất ở của hộ gia đình, cá nhân sang đất ở để thực hiệndự ánđầu tưtừ ngày 1/7/2014 trở về sau thì nộp tiền sử dụng đất bằng mức chênh lệch giữa tiền sử dụng đất tính theo quy hoạch xây dựng chi tiết của dự án được cơ quan nhà nước có thẩm quyền phê duyệt trừ tiền sử dụng đất tính theo quy hoạch xây dựng chi tiết xây dựng nhà ở của hộ gia đình, cá nhân tại thời điểm được cơ quan nhà nước có thẩm quyền cho phép chuyển mục đích sử dụng đất.
Nghị định số 123/2017/NĐ-CP của Chính phủ đã sửa đổi, bổ sung một số điều của Nghị định số 45/2014/NĐ-CP ngày 15/5/2014 quy định về thu tiền sử dụng đất và Nghị định số 46/2014/NĐ-CP ngày 15/5/2014 quy định về thu tiền thuê đất, thuê mặt nước.
Theo Nghị định số 123/2017/NĐ-CP, nếu chuyển mục đích sử dụng từ đất sản xuất kinh doanh phi nông nghiệp (không phải là đất ở) có thời hạn sử dụng ổn định lâu dài có nguồn gốc được Nhà nước giao đất có thu tiền sử dụng đất trước ngày 1/7/2004 sang đất ở để thực hiện dự án đầu tư từ ngày 1/7/2014 trở về sau thì nộp tiền sử dụng đất bằng mức chênh lệch giữa tiền sử dụng đất tính theo giá đất ở trừ tiền sử dụng đất tính theo giá đất tính thu tiền thuê đất một lần cho cả thời gian thuê của đất sản xuất kinh doanh phi nông nghiệp (thương mại, dịch vụ) thời hạn 70 năm tại thời điểm được cơ quan nhà nước có thẩm quyền cho phép chuyển mục đích sử dụng đất.
Về miễn, giảm tiền sử dụng đất, Nghị định số 123/2017/NĐ-CP bổ sung quy định, tổ chứckinh tếđược Nhà nước giao đất sản xuất kinh doanh phi nông nghiệp có thu tiền sử dụng đất đã hoàn thành nghĩa vụtài chínhvề tiền sử dụng đất và được cơ quan nhà nước có thẩm quyền quyết định cho phép miễn, giảm tiền sử dụng đất theo quy định của pháp luật đất đai trước ngày 1/7/2014 khi chuyển nhượng dự án hoặc chuyển nhượng quyền sử dụng đất từ ngày 1/7/2014 trở về sau thì xử lý như sau:
- Trường hợp số tiền sử dụng đất đã được miễn, giảm không tính vào giá chuyển nhượng và người nhận chuyển nhượng tiếp tục thực hiện dự án thì người nhận chuyển nhượng tiếp tục được miễn, giảm tiền sử dụng đất theo quy định của pháp luật về đầu tư cho thời gian còn lại của dự án.
- Trường hợp người nhận chuyển nhượng không tiếp tục thực hiện dự án thì phải nộp tiền sử dụng đất theo quy định đối với dự án sau chuyển nhượng. Trường hợp người chuyển nhượng đã thực hiện một phần nghĩa vụ tài chính về đất đai thì người nhận chuyển nhượng được kế thừa phần nghĩa vụ mà người chuyển nhượng đã nộp.
2- Đối với trường hợp chuyển nhượng quyền sử dụng đất thì người chuyển nhượng phải nộp đủ số tiền đã được miễn, giảm vào ngân sách nhà nước theo giá đất tại thời điểm chuyển nhượng quyền sử dụng đất.","đất phi nông nghiệp, chuyển nhượng quyền sử dụng đất, đất sản xuất kinh doanh phi nông nghiệp, đất ở",724
https://vneconomy.vn/thanh-khoan-ngan-hang-du-thua-trong-nhung-ngay-cuoi-nam-2022.htm,Thanh khoản ngân hàng “dư thừa” trong những ngày cuối năm 2022,2022-12-28,Tài chính,"Ghi nhận trong phiên giao dịch hôm qua (27/12), Ngân hàng Nhà nước chào thầu 6.000 tỷ đồng trên kênh cầm cố với kỳ hạn 7 ngày, lãi suất 6%/năm. Qua đó, các tổ chức tín dụng tiếp cận 3.460 tỷ đồng. Trái lại, kênh này có tới 9.610 tỷ đồng đáo hạn.
Bên cạnh đó, Ngân hàng Nhà nước cũng chào thầu tín phiếu với kỳ hạn 7 ngày, có gần 20.000 tỷ đồng trúng thầu với lãi suất 5,5%. Ngược lại, cũng có tới 20.000 tỷ đồng tín phiếu đáo hạn trong ngày.
Như vậy,  chỉ riêng ngày 27/12, nhà điều hành tiền tệ đã hút ròng 6.150 tỷ đồng thông qua kênh thị trường mở. Thậm chí, diễn biến hút ròng liên tục được ghi nhận trong các phiên gần đây khi cơ quan này tăng phát hành tín phiếu và để lượng tiền hỗ trợ thanh khoản trước đó đáo hạn. Cụ thể, quy mô tín phiếu từ mức 0 đã được đẩy lên tới gần 100.000 tỷ đồng và khối lượng lưu hành trên kênh cầm cố cùng giảm từ mức 82.000 tỷ đồng xuống còn khoảng 50.000 tỷ đồng.
Ngân hàng Nhà nước thực hiện hút ròng trong bối cảnh thanh khoản ngân hàng có phần nào dư thừa trong ngắn hạn. Điều này thể hiện khá rõ ở việc lãi suất liên ngân hàng kỳ hạn qua đêm chỉ còn duy trì tại mức 3,45%, giảm mạnh so với mức gần 6% cách đây một tháng.
Các nguyên nhẫn dẫn đến thanh khoản bất ngờ dư thừa trong ngắn hạn có thể đến từ việc các ngân hàng thương mại đẩy mạnh chuẩn bị phần nguồn cho giai đoạn cao điểm cuối năm, trong khi hoạt động tín dụng trên hệ thống chưa tích cực như kỳ vọng.
Số liệu Ngân hàng Nhà nước vừa công bố cũng cho thấy điều này, đến ngày 21/12/2022 tín dụng toàn nền kinh tế đạt trên 11,78 triệu tỷ đồng, tăng 12,87% so với cuối năm 2021. Theo đó, trong hơn 20 ngày, dư nợ tín dụng toàn nền kinh tế tăng khoảng 0,67 điểm phần trăm, tương đương tăng khoảng 70.000 tỷ đồng.
Theo giới phân tích, sở dĩ tín dụng tăng thấp là do tốc độ hồi phục của doanh nghiệp sau đại dịch vẫn còn chậm, trong khi từ đầu năm 2022, đặc biệt là từ tháng 8/2022, Ngân hàng Nhà nước chủ trương nâng mặt bằng lãi suất để bảo vệ tỷ giá và kiểm soát lạm phát nên các doanh nghiệp hạn chế vay mượn. Chưa kể, về phía ngân hàng vẫn không hạ chuẩn mực tiếp cận tín dụng nên các doanh nghiệp không dễ vay, nhất là đối với khu vực bất động sản.
Trong một diễn biến khác, với việc Ngân hàng Nhà nước liên tục hút ròng, tỷ giá tại các thị trường đều hạ nhiệt. Trong đó, ngày 27/12, tỷ giá trung tâm ở mức 23.634 VND/USD, giảm nhẹ 2 VND so với phiên liền trước. Trên liên ngân hàng, giá USD giảm về 23.595 VND, giảm 13 VND. Tương tự, giá USD trên thị trường tự do giảm 70 VND ở chiều mua vào và 40 VND ở chều bán ra.
Nhìn chung, nhờ sự can thiệp kịp thời, tỷ giá USD/VND chỉ tăng khoảng 3,81% so với cuối năm 2021, mức mất giá của VND so với USD thấp hơn các đồng tiền khác trên thế giới.
Trong phát biểu gần đây, ông Phạm Chí Quang, Vụ trưởng Vụ Chính sách tín dụng cho hay, Ngân hàng Nhà nước sẽ tiếp tục kiên định ổn định thị trường tiền tệ, thông suốt thanh khoản để duy trì tỷ giá ổn định. Theo đó, Ngân hàng Nhà nước có thể tiếp tục mua được ngoại tệ để tăng dự trữ ngoại hối.","ngân hàng, tài chính, thanh khoản",765
https://baodautu.vn/batdongsan/trien-vong-tuoi-sang-cho-thi-truong-can-ho-hang-sang-tai-tphcm-d114834.html,Triển vọng tươi sáng cho thị trường căn hộ hạng sang tại TP.HCM,2020-01-20,Dự án - quy hoạch,"Mới đây, tại TP.HCM đã diễn ra sự kiện Triển vọng thị trường nhà ở năm 2020. Chương trình đã mang đến cho nhàđầu tư, nhà phát triểnbất động sảnvà người mua cái nhìn tổng quan về thị trường trong nước năm 2019 và những dự báo cho năm 2020.
Theo CBRE, năm 2019 là năm ghi nhận sự sụt giảm rõ nét từ nguồn cung chào bán. Tính lũy kế đến hết quý IV/2019, toàn TP.HCM có hơn 286.000 căn hộ. Mặc dù nguồn cung có xu hướng giảm, nhưng lượng giao dịch liên tục cao hơn so với lượng chào bán mới. Điều này đã giúp hàng tồn kho giảm đều đặn qua các năm và giảm tới 15% trong năm 2019.
Năm 2019 cũng là năm chứng kiến mặt bằng giá mới ở tất cả các phân khúc căn hộ, dẫn đầu là các sản phẩm hạng sang. Giá bán căn hộ hạng sang tăng mạnh trong thời gian qua, đạt mức bình quân 6.308 USD/m2 trong quý IV/2019, tương đương với mức tăng trưởng 10% so với năm trước.
“Nhữngdự ánđầu tiên xuất hiện trong giai đoạn 2004 - 2009 có giá chỉ 2.000-3.000 USD/m2, nhưng trong hai năm 2018 - 2019, chúng ta có những dự án lên đến 10.000 USD/m2. Đó là cột mốc quan trọng cho thấy đã có những chuyển biến rõ rệt về giá bán của căn hộ hạng sang”, bà Dương Thùy Dung, Giám đốc cấp cao CBRE Vietnam cho biết tại sự kiện.
Các chuyên gia nhận định, năm 2020 là một năm nhiều thách thức do vấn đề chậm cấp phép vẫn tiếp diễn và tín dụng vào bất động sản tiếp tục thắt chặt. Tuy nhiên, đây cũng chính là cơ hội cho những chủ đầu tư đã có giấy phép chào bán.
Nhu cầu sở hữu căn hộ tiếp tục tăng trưởng, đến từ sự vươn lên của thu nhập bình quân đầu người cũng như sự quan tâm của các nhà đầu tư nước ngoài. Báo cáo của ULI và PwC mới đây cho thấy, TP.HCM đứng thứ ba tại châu Á về triển vọng đầu tư và dẫn đầu triển vọng phát triển bất động sản. Trong đó, phân khúc hạng sang tiếp tục chứng tỏ sức hút của mình với các nhà đầu tư.
“Tầng lớp siêu giàu tại Việt Nam ngày càng gia tăng và họ muốn bỏ tiền vào đất đai, bất động sản để tránh lạm phát. Căn hộ thường có rủi ro là chất lượng ngày càng xuống và lợi tức theo đó cũng giảm dần. Ngược lại, chất lượng tại các dự án hạng sang được đảm bảo theo thời gian nhờ sự tham gia vận hành và quản lý bởi các đơn vị quốc tế chuyên nghiệp. Đó là lý do vì sao các sản phẩm hạng sang có nhu cầu ngày càng cao”, Chuyên giakinh tếNguyễn Xuân Thành lý giải.
Ông Andy Han, Tổng giám đốc SonKim Land cho biết, những dự án hạng sang do chủ đầu tư này phát triển tại khu vực Thủ Thiêm (quận 2, TP.HCM) vẫn rất được thị trường ưa chuộng. Nguồn cầu không chỉ đến từ nội địa, mà còn có lượng khách hàng rất lớn đến từ Singapore, Hồng Kông, Hàn Quốc…
Nguồn cung hạn chế trong khi lực cầu mạnh, đẩy giá căn hộ tiếp tục đi lên. Trong đó, các dự án nằm dọc theo tuyến đường vành đai 3 hoặc dễ dàng tiếp cận với tuyến metro số 1, sân bay quốc tế Long Thành đặc biệt được săn đón.
Tại sự kiện, các chuyên gia đều thống nhất quan điểm cho rằng, thị trường bất động sản TP.HCM năm 2020 là những gam màu sáng tối đan xen, nhưng vẫn còn nhiều tiềm năng để tăng trưởng và phát triển trong những năm tới.","Thị trường căn hộ TP.HCM, căn hộ hạng sang, căn hộ hạng sang TP.HCM, thị trường nhà ở",782
https://baodautu.vn/home-credit-cho-vay-tien-mat-tang-80-chi-trong-4-thang-d46743.html,Home Credit cho vay tiền mặt tăng 80% chỉ trong 4 tháng,2016-06-13,Thông tin doanh nghiệp,"Trong số khách hàng vay của Home Credit, có hơn 20% khách hàng có từ 2 hợp đồng vay tiền mặt trở lên. Đa số khách vay tiền mặt tại Home Credit là công nhân và lao động phổ thông.
Bắt đầu hoạt động tại Việt Nam từ năm 2009, tăng trưởng dư nợ cho vay tiền mặt của Công tyTài chínhHome Credit Việt Nam luôn ở mức hai con số trong giai đoạn 2010 - 2015, với mức tăng trưởng bình quân là 57%. Trong năm 2016, chỉ tính riêng 4 tháng đầu năm, tăng trưởng doanh số cho vay tiền mặt của Home Credit đạt đến 80% so với cùng kỳ năm 2015, và chiếm đến 27% tổng doanh số cho vay của cả công ty.
Hiện tại Home Credit có hai mảng cho vay tiền mặt, đó là cho vay tiền mặt đối với khách hàng mới chưa từng vay bao giờ tại Home Credit – mức cho vay tối đa là 20 triệu đồng, và cho vay tiền mặt với khách hàng cũ (khách đã từng có hợp đồng vay trả góp đối với mặt hàng xe máy, điện tử, điện gia dụng…) với mức cho vay tối đa là 60 triệu đồng.
Độ tuổi trung bình của khách hàng vay tiền mặt tại Home Credit là 32,5 tuổi. Thống kê này giải thích cho tỉ lệ gần 70% khách hàng vay tiền mặt tại công ty là những người đã có gia đình. Con số này tương đương với thống kê ở nhóm khách hàng vay mua trả góp mặt hàng xe máy, điện tử và điện gia dụng. Điều này cho thấy nhu cầu chi tiêu, mua sắm của các khách hàng đã lập gia đình cao hơn nhiều so với khách hàng độc thân (chiếm 24%).
Đối với khách mới vay tiền mặt lần đầu, số tiền vay phổ biến nhất là từ 7-10 triệu đồng với thời gian vay trung bình do khách hàng lựa chọn đa phần dưới 1 năm (60% khách hàng chọn kỳ hạn vay từ 6 – 12 tháng). Trong khi đó, những khách từng đã có lịch sử vay tại Home Credit đa phần chọn mức vay từ 20-30 triệu đồng với thời hạn vay trên 2 năm
Trong nhóm khách hàng đã vay tiền mặt nhiều lần tại Home Credit, chỉ tính riêng trong 04 tháng đầu năm, có hơn 20% khách hàng có tối thiểu 2 hợp đồng tiền mặt tại công ty.
Thống kê về nghề nghiệp cho thấy, 50% khách hàng của Home Credit là công nhân và lao động phổ thông trong khi tỉ lệ khách hàng làm trong lĩnh vực kinh doanh chiếm 11%, người làm công việc văn phòng chỉ chiếm 8%, kỹ thuật viên chiếm 6%, nông dân chiếm 6%, còn lại là những người làm việc trong các ngành nghề khác… Thống kê về trình độ học vấn cũng cho thấy, 80% khách hàng vay tiền mặt tại Home Credit có trình độ phổ thông.
Ông Bruce Allan Butler, TGĐ Home Credit Việt Nam cho hay: “Đối tượng vay tại các công ty tài chính thường là lao động phổ thông có thu nhập trung bình, và không thỏa mãn các điều kiện để vaytiêu dùngtạingân hàng. Việc doanh số cho vay tiền mặt của Home Credit luôn tăng trưởng cao qua các năm cho thấy nhu cầu vay tiền mặt phục vụ mục đích tiêu dùng của đối tượng trên là có thực và không nhỏ. Qua đó có thể khẳng định vai trò quan trọng của các CTTC trong việc cung cấp giải pháp tài chính hợp pháp, an toàn, và đơn giản cho một bộ phận người dân có thu nhập trung bình-thấp nhằm cải thiện chất lượng cuộc sống của họ,cũng như góp phần kích cầu tiêu dùng nội địa”.","tăng trưởng cho vay, Home Credit, tín dụng tiêu dùng, cho vay tiêu dùng, vay tiêu dùng",725
https://vneconomy.vn/nguoi-viet-quan-tam-rat-cao-toi-ngan-hang-ao-tien-dien-tu-nfts-va-metaverse.htm,"Người Việt quan tâm rất cao tới ngân hàng ảo, tiền điện tử, NFTs và Metaverse",2023-09-06,Kinh tế số,"Theo báo cáo nghiên cứu về thái độ thanh toán của người tiêu dùng vừa được Visa công bố, người tiêu dùng Việt Nam ngày càng có nhận thức cao và đang tích cực đón nhận các hình thức ngân hàng số và bán lẻ kỹ thuật số hậu đại dịch.
Ngân hàng kỹ thuật số là một trong những xu hướng đang được quan tâm. Cụ thể có tới 90% người tiêu dùng Việt Nam quan tâm đến dịch vụ ngân hàng ảo. Ngoài ra, cứ 10 người tiêu dùng ở Việt Nam thì có ít nhất 7 người biết đến khái niệm ngân hàng mở.
Ngân hàng mở được thiết kế để mang lại cho khách hàng những trải nghiệm thuận tiện hơn, bằng cách cho phép người tiêu dùng và doanh nghiệp kích hoạt các ứng dụng của bên thứ ba truy cập dữ liệu tài chính ngay lập tức và an toàn.
Ngoài ra, phân khúc thế hệ ""Gen X"" và ""Gen Z"" là những đối tượng có nhận thức cao nhất về ngân hàng mở và sẵn sàng chia sẻ thông tin liên hệ và thông tin cá nhân của họ.
Người tiêu dùng Việt Nam cũng rất quan tâm đến một số xu hướng kỹ thuật số được dự đoán sẽ phổ biến trong tương lai. Minh chứng có khoảng 70% người tiêu dùng Việt Nam tham gia nghiên cứu quan tâm đến các xu hướng kỹ thuật số mới nổi như tiền điện tử, NFTs (loại token mã hóa trên blockchain, đại diện cho một tài sản duy nhất) và vũ trụ ảo (Metaverse). Âm nhạc, video và tranh vẽ là các hình thức NFTs được giao dịch phổ biến nhất. Khoảng 7 trên 10 người tiêu dùng Việt Nam muốn biết thêm về Metaverse hoặc cách trải nghiệm hình thức mới này.
Bên cạnh ngân hàng kỹ thuật số, bán lẻ kỹ thuật số cũng đánh dấu sự tăng trưởng đặc biệt mạnh mẽ. Các xu hướng trong lĩnh vực này được dự đoán vẫn sẽ phổ biến với người tiêu dùng Việt Nam trong tương lai.
Điển hình như thực tế ảo tăng cường (AR), cho phép người tiêu dùng thử, cá nhân hóa hoặc hình dung sản phẩm thông qua camera trên điện thoại cá nhân khi trải nghiệm mua sắm trực tuyến. Theo đó, cứ 5 dùng người Việt thì có 4 người biết về khái niệm sử dụng AR để mua sắm bán lẻ và 3 trên 10 người đã sử dụng phương thức này.
Phân khúc Gen Z và Gen X có tỷ lệ sử dụng AR cao nhất. Mặc dù việc sử dụng AR chưa phổ biến, nhưng người tiêu dùng coi đây là một tính năng quan trọng, đặc biệt là khi quyết định có nên mua một sản phẩm đắt tiền hay không.
Một xu hướng bán lẻ kỹ thuật số khác được quan tâm là thanh toán thông minh, cho phép người tiêu dùng quét các mặt hàng khi chọn chúng và tạo một giỏ hàng kỹ thuật số để thanh toán mà không cần quét hàng hóa khi kết thúc mua sắm.
Gần một nửa người tiêu dùng Việt Nam, chủ yếu là Gen Z đã thử thanh toán thông minh. Các yếu tố thu hút sự quan tâm của đa số người tiêu dùng đối với thanh toán này gồm tốc độ nhanh chóng và tiện lợi, tính mới mẻ, khả năng cân đối ngân sách khi có thể xem tổng hóa đơn trước khi thanh toán.
Nghiên cứu cũng chỉ ra trong tương lai người tiêu dùng Việt Nam kỳ vọng rằng gần 8 trên 10 đơn đặt hàng sẽ được giao tận nhà. Tại Đông Nam Á, trung bình 4 trên 5 người tiêu dùng trong khu vực (82%) cho biết sẽ tiếp tục mua sắm trực tuyến, tỷ lệ này cao nhất tại Indonesia (92%) và Việt Nam (89%) .","bitcoin, hành vi người dùng, kinh tế số, Metaverse, NFT, ngân hàng ảo, tiền điện tử, tiền kỹ thuật số, Visa, xu hướng kỹ thuật số",735
https://baodautu.vn/vn-index-hoi-phuc-vuot-1175-diem-diem-sang-o-loat-co-phieu-ngan-hang-va-khu-cong-nghiep-d207975.html,"VN-Index hồi phục vượt 1.175 điểm, điểm sáng ở loạt cổ phiếu ngân hàng và khu công nghiệp",2024-01-26,Tài chính - Chứng khoán,"Thị trường phiên hôm qua 25/1 tiếp tục biến động trong biên độ hẹp và giảm điểm điều chỉnh phiên thứ 4, VN-Index đã quay về kiểm tra hỗ trợ 1.168 - 1.169 và có sự phục hồi nhẹ. Thanh khoản suy yếu cho thấy tâm lý nhàđầu tưgần như trạng thái đứng ngoài quan sát.
Bước vào phiên giao dịch ngày 26/1, thị trường giao dịch vẫn tương đối ảm đạm nhưng khác với các phiên trước, các chỉ số biến động có phần tích cực hơn. Tuy nhiên, lực cầu vẫn còn khá thận trọng và không diễn ra mạnh nên đà tăng của các chỉ số đều không quá mạnh. VN-Index và HNX-Index duy trì sắc xanh xuyên suốt cả phiên giao dịch là sự tích cực. Trong khi đó, UPCoM-Index giảm điểm phần lớn thời gian của phiên chiều nhưng đóng cửa vẫn trong sắc xanh.
Giao dịch trên thị trường có phần tích cực hơn vào cuối phiên trước sự tích cực đến từ một số cổ phiếu thuộc nhómbất động sản,ngân hàngvà thép.
Ở nhóm ngân hàng, đa số các mã đều được kéo lên mốc tham chiếu. Trong đó, ACB tăng 1,9%, HDB tăng 1,2%, BID tăng 1,1%, VCB tăng 1,1%... Chiều ngược lại, EIB là cổ phiếu tiêu cực nhất nhóm ngân hàng khi giảm 1% và khớp lệnh dưới mức trung bình với hơn 11,4 triệu cổ phiếu. STB phiên này cũng đóng cửa trong sắc đỏ nhưng giảm nhẹ 0,7% và khớp lệnh 15 triệu đơn vị.
Tại nhóm bất động sản, dòng tiền chảy khá mạnh đã giúp hàng loạt cổ phiếu bứt phá, trong đó, PDR và NLG đều tăng đến 2,9%. Bên cạnh đó, các mã như VRE, TCH, DXG, CEO… cũng đều duy trì vững sắc xanh. Không chỉ các mã bất động sản nhà ở, nhóm khu công nghiệp cũng ghi nhận hàng loạt mã bứt phá. D2D được kéo lên mức giá trần 29.900 đồng/cp. SZC tăng 5,5%, SIP tăng 3,7%, NTC tăng 3,2%...
Tại nhómchứng khoán, đa phần biến động trong biên độ hẹp, HCM là cổ phiếu chứng khoán gây bất ngờ nhất ở phiên này khi tăng 2,1% lên 26.850 đồng/cp và khớp lệnh 8,7 triệu đơn vị.
Trong nhóm VN30, sắc xanh cũng áp đảo hơn. VCB là mã tác động tốt nhất đến VN-Index khi đóng góp 1,37 điểm. BID và GVR đóng góp lần lượt 0,77 điểm và 0,54 điểm. Chiều ngược lại, các mã như SAB, MSN, GAS, MWG… giảm giá và gây áp lực đáng kể lên thị trường chung. SAB giảm mạnh 2,6% và lấy đi của VN-Index 0,47 điểm. MSN giảm 1,5% và lấy đi 0,35 điểm.
Kết thúc phiên giao dịch, VN-Index tăng 5,3 điểm (0,45%) lên 1.175,67 điểm. Toàn sàn có 253 mã tăng, 193 mã giảm và 129 mã đứng giá. HNX-Index tăng 0,91 điểm (0,4%) lên 229,43 điểm. Toàn sàn có 101 mã tăng, 57 mã giảm và 74 mã đứng giá. UPCoM-Index tăng 0,02 điểm (0,02%) lên 87,7 điểm.
Thanh khoản khớp lệnh trên sàn HoSE vẫn ở mức thấp, chưa tới 11.000 tỷ đồng. PDR là mã khớp lệnh mạnh nhất thị trường với 24,5 triệu đơn vị. SHB và STB khớp lệnh lần lượt 21,7 triệu đơn vị và 15 triệu đơn vị.
Khối ngoại phiên hôm nay mua ròng trở lại 234 tỷ đồng ở riêng sàn HoSE. Ở hai sàn HNX và UPCoM mua ròng lần lượt 3 tỷ đồng và 47 tỷ đồng. Khối ngoại mua ròng mạnh nhất mã HPG với 92 tỷ đồng. HSG và VCG được mua ròng lần lượt 82 tỷ đồng và 76 tỷ đồng. Trong khi đó, VHM bị bán ròng mạnh nhất với 108 tỷ đồng. SAB và MSN bị bán ròng lần lượt 85 tỷ đồng và 57 tỷ đồng.","giá vàng, vàng miếng SJC, giá vàng tăng, Fed",876
https://vneconomy.vn/amazon-gay-that-vong-du-bao-doanh-thu-hon-100-ty-usd-quy-thu-ba-lien-tiep.htm,"Amazon gây thất vọng, dù báo doanh thu hơn 100 tỷ USD quý thứ ba liên tiếp",2021-07-30,Thế giới,"Ngày 29/7, hãng thương mại điện tử Amazon công bố kết quả kinh doanh quý 2/2021. Đây là quý thứ ba liên tiếp Amazon ghi nhận doanh thu trên 100 tỷ USD, nhưng chưa đạt kỳ vọng của các nhà phân tích.
Kết quả này cùng dự báo tăng trưởng quý 3 chậm lại khiến cổ phiếu Amazon sụt mạnh 7% trong phiên giao dịch ngoài giờ.
Trong quý 2, doanh thu của Amazon đạt 113,08 tỷ USD, thấp hơn mức dự báo 115,2 tỷ USD của các nhà phân tích theo khảo sát của Refinitiv. So với cùng kỳ năm trước, doanh thu của hãng này tăng 27%. Con số này thấp hơn đáng kể so với mức tăng trưởng doanh thu tới 41% vào quý 2/2020.
Theo Giám đốc tài chính Brian Olsavsky của Amazon, nguyên nhân của việc này là cơ sở so sánh cao của quý 2 năm ngoái, khi hoạt động thương mại điện tử “bùng nổ” trong các đợt phong tỏa nghiêm ngặt giữa đại dịch Covid-19 năm ngoái. Ông cho biết vào giữa tháng 5/2020, Amazon ghi nhận tăng trưởng tới 35-45%.
“Giờ đây không còn điều đó nữa và đây là lý do tại sao tốc độ tăng trưởng sẽ giảm xuống”, ông Olsavsky nói và cho biết thêm rằng Amazon dự báo sẽ tiếp tục tăng trưởng chậm hơn trong vài quý tới.
Amazon dự báo doanh thu sổ sách của quý 3 sẽ rơi vào khoảng 106-112 tỷ USD, tương đương mức tăng trưởng 10-16% so với cùng kỳ năm trước. Con số này thấp hơn nhiều so với dự báo của các nhà phân tích là 119,2 tỷ USD.
“Khách hàng an toàn, khỏe mạnh và mua hàng từ chúng tôi. Chúng tôi cũng biết rằng thời gian tới họ sẽ có nhiều kỳ nghỉ hơn và đi lại nhiều hơn. Đây là những điều mà nhiều người phải tránh trong năm ngoái và mọi thứ vẫn rất ổn”, ông Olsavsky nói với báo chí. “Tuy nhiên, khách hàng có xu hướng làm nhiều việc khác ngoài việc mua sắm. Nhận thức rõ điều này, chúng tôi đã điều chỉnh dự báo tăng trưởng của mình trong giai đoạn tới”.
Trước Amazon, Facebook và Apple cũng đưa ra dự báo tương tự, cho rằng tăng trưởng doanh thu của mình sẽ sụt giảm so với mức đỉnh giữa đại dịch.
Mặc dù doanh thu không đạt dự báo, Amazon ghi nhận lợi nhuận 7,8 tỷ USD trong quý 2, mức lợi nhuận trên một cổ phiếu đạt 15,12 USD, vượt dự báo 12,28 USD của các nhà phân tích. Trong đó, riêng mảng toán đám mây AWS của Amazon mang về hơn 4 tỷ USD lợi nhuận trong quý.
“Amazon đang ở giữa chu kỳ đầu tư kéo dài nhiều năm, bao gồm việc đầu tư mạnh để tăng công suất của các nhà kho trên khắp cả nước. Hầu hết các khoản chi tiêu và hoạt động khai trương cơ sở mới của Amazon trong năm 2021 dự kiến được thực hiện vào nửa cuối năm”, ông Olsavsky cho biết.
Quý 2/2021 cũng là quý trọn vẹn cuối cùng trong nhiệm kỳ Giám đốc điều hành của ông Jeff Bezos - người sáng lập Amazon. Kế nhiệm ông Bezos là Andy Jassy, người trước đó điều hành mảng điện toán đám mây AWS của Amazon. Hiện ông Bezos là chủ tịch điều hành của đế chế thương mại điện tử khổng lồ này.
Trong quý, số lượng nhân viên của Amazon tiếp tục tăng. Tính tới hết 30/6/2021, công ty này có 1,33 triệu nhân viên trên toàn cầu, tăng 52% so với cùng kỳ năm ngoái. Riêng trong quý 2, công ty này tuyển thêm 64.000 nhân sự.","amazon, doanh thu của Amazon, lợi nhuận của Amazon",762
https://vneconomy.vn/nang-suat-lua-cua-thanh-hoa-dat-cao-nhat-tu-truoc-den-nay.htm,Năng suất lúa của Thanh Hóa đạt cao nhất từ trước đến nay,2024-06-18,Thị trường,"Cụ thể, về trồng trọt, giá trị sản xuất lĩnh vực này của Thanh Hóa ước đạt 9.405 tỷ đồng, tăng 2,1% so với cùng kỳ. Tổng diện tích gieo trồng vụ xuân tại tỉnh này đạt 237.758 ha, bằng 100,74% kế hoạch; sản lượng lương thực ước đạt 893.717 tấn, vượt 0,6% so với kế hoạch và tăng 0,4% so với cùng kỳ.
Trong đó, diện tích lúa gieo trồng của tỉnh Thanh Hóa là 113.588ha, bằng 101% kế hoạch; sản lượng 766.720 tấn, bằng 106,5% kế hoạch, năng suất lúa ước đạt 67,5 tạ/ha, cao nhất từ trước đến nay.
Toàn tỉnh Thanh Hóa đã duy trì liên kết sản xuất gắn với bao tiêu sản phẩm trên 45.000 ha, trên các loại cây trồng: Mía, sắn, ớt, khoai tây, cây thức ăn chăn nuôi, ngô ngọt, dưa bao tử... nhiều mô hình liên kết có quy mô lớn và giá trị kinh tế cao tiếp tục được nhân rộng tại các huyện Quảng Xương, Yên Định, Thiệu Hóa, Thọ Xuân, Hoằng Hóa, Nông Cống, Triệu Sơn, Đông Sơn, Vĩnh Lộc, Hà Trung...
Đặc biệt các mô hình liên kết đều quan tâm đến chất lượng nông sản thông qua việc áp dụng các hệ thống tiêu chuẩn như VietGAP, hữu cơ. Đây cũng là những yếu tố góp phần nâng cao giá trị sản xuất ngành trồng trọt.
Về chăn nuôi, giá trị sản xuất trong lĩnh vực này của Thanh Hóa ước đạt 5.586 tỷ đồng, tăng 4,8% so với cùng kỳ; sản lượng thịt hơi tăng 1,5%, sữa tươi tăng 9,6%, trứng tăng 9% so với cùng kỳ.
Trong 6 tháng đầu năm nay, trên địa bàn tỉnh Thanh Hóa không xảy ra dịch bệnh nguy hiểm trên đàn gia súc, gia cầm. Cơ quan chức năng tỉnh Thanh Hóa đã cấp 3 giấy chứng nhận điều kiện chăn nuôi trang trại quy mô lớn 2 giấy chứng nhận cơ sở chăn nuôi an toàn dịch bệnh. Nâng tổng số cơ sở chăn nuôi an toàn dịch bệnh trên địa bàn tỉnh này lên 106 cơ sở gồm, 52 cơ sở chăn nuôi lợn, 4 cơ sở chăn nuôi bò, 50 cơ sở chăn nuôi gia cầm.
Trong thời gian trên, Thanh Hóa đã cấp 55 chứng chỉ hành nghề thú y và 52 giấy chứng nhận đủ điều kiện buôn bán thuốc thú y; giám sát 3 công ty sản xuất thức ăn chăn nuôi trên địa bàn tỉnh.
Đối với lâm nghiệp, giá trị sản xuất lĩnh vực này của Thanh Hóa ước đạt 1.182 tỷ đồng, tăng 6,7% so với cùng kỳ. Trồng rừng tập trung đạt 6.100 ha, bằng 61% kế hoạch, tăng 4,8% so với cùng kỳ; trồng được 4,3 triệu cây phân tán; sản lượng khai thác gỗ đạt 510.000 m3, tăng 19,4% so với cùng kỳ. Lực lượng chức năng đã xử lý 114 vụ vi phạm về khai thác, vận chuyển lâm sản với số tiền 2,37 tỷ đồng.
Về thủy sản, giá trị sản xuất lĩnh vực này Thanh Hóa ước đạt 3.487 tỷ đồng, tăng 4% so với cùng kỳ. Tổng sản lượng khai thác và nuôi trồng thủy sản đạt 106.892 tấn, tăng 2,4% so với cùng kỳ. Trong đó, sản lượng nuôi trồng thủy sản của Thanh Hóa đạt 37.803 tấn, tăng 4,4%; sản lượng khai thác đạt 69.089 tấn, tăng 1,3%. Toàn tỉnh này hiện có 6.052 tàu cá đang hoạt động, trong đó có 1.095 tàu có chiều dài từ 15m trở lên.
Trong 6 tháng đầu năm 2024, Thanh Hóa đã tích tụ, tập trung được hơn 4.000ha đất để sản xuất nông nghiệp quy mô lớn, ứng dụng công nghệ cao, bằng 66% kế hoạch. Trong đó, lĩnh vực trồng trọt hơn 2.365ha, chăn nuôi 18,5 ha, thủy sản 106 ha, lâm nghiệp hơn 1.600ha.","năng suất lúa, nông nghiệp Thanh Hóa, Thanh Hóa",848
https://vneconomy.vn/nha-may-hoa-dau-stavian-quang-yen-1-5-ty-usd-tim-duoc-doi-tac-tu-van-thiet-ke-ky-thuat.htm,"Nhà máy hóa dầu Stavian Quảng Yên 1,5 tỷ USD tìm được đối tác tư vấn thiết kế kỹ thuật",2023-05-19,Doanh nghiệp,"Công ty Cổ phần Hoá dầu Stavian Quảng Yên vừa chính thức công bố Tập đoàn MAIRE (MAIRE Group) là đối tác tư vấn và triển khai hạng mục thiết kế kỹ thuật tổng thể (FEED) cho dự án Nhà máy Hóa dầu Stavian Quảng Yên thông qua đấu thầu quốc tế.
Gói thầu FEED sẽ do Công ty Cổ phần Tecnimont (Tecnimont S.p.A), một công ty con của MAIRE trong lĩnh vực phát triển giải pháp thiết kế và thi công tổng thể (E&C) thực hiện. Theo thỏa thuận, tiến độ hoàn thành công tác thiết kế FEED là 10 tháng.
Tecnimont S.p.A hiện là một trong những đơn vị dẫn đầu mảng tư vấn kỹ thuật và thi công các tổ hợp nhà máy sử dụng công nghệ PDH – PP trên toàn thế giới.
Ông Đinh Đức Thắng, Chủ tịch HĐQT kiêm Tổng Giám đốc Công ty CP Hóa dầu Stavian Quảng Yên, cho biết nhu cầu về các sản phẩm hóa dầu nói chung trên thế giới được dự đoán sẽ còn tiếp tục gia tăng tương ứng với sự tăng trưởng mạnh của ngành công nghiệp chế biến chế tạo hạ nguồn, đặc biệt là tại khu vực châu Á – Thái Bình Dương.
Tính riêng năm 2022, nhu cầu về chất dẻo nguyên liệu của thị trường Việt Nam rơi vào khoảng 8 triệu tấn, với PP và PE có mức tiêu thụ lớn nhất, chiếm 55% tổng số lượng nhập khẩu toàn ngành, và ước tính sẽ tăng trưởng với tốc độ trung bình 6,6% một năm cho tới năm 2025.
Theo ông Thắng, khả năng cung ứng về nguyên liệu của thị trường nội địa còn nhiều hạn chế và tiềm năng để phát triển. Do vậy, việc hợp tác với Công ty Cổ phần Tecnimont, tiếp tục triển khai dự án đảm bảo tiến độ và chất lượng cao nhất, góp phần đảm bảo tự chủ nguồn nguyên liệu đầu vào cho ngành công nghiệp chế biến – chế tạo vốn đang là trọng tâm trong phát triển nền kinh tế tuần hoàn và bền vững của Việt Nam.
Stavian cho biết, công tác lập thiết kế kỹ thuật tổng thể là hạng mục công việc quan trọng trong việc triển khai dự án. Đây là nền tảng để thực hiện các công tác thiết kế chi tiết, mua sắm, lắp đặt máy móc thiết bị và xây dựng nhà máy. Khi đưa vào hoạt động, Nhà máy hóa dầu Stavian Quảng Yên góp phần thay thế và giảm dần việc nhập khẩu sản phẩm hóa dầu, nguyên liệu đầu vào đối với các ngành công nghiệp sản xuất nội địa, tạo nền tảng quan trọng cho những dự án đầu tư trong tương lai về công nghiệp hạ nguồn và các ngành công nghiệp liên quan tại địa phương.
Stavian Quảng Yên đồng thời cũng cam kết hạn chế tối đa tác động tới môi trường, nỗ lực đồng hành cùng Chính phủ trên tiến trình giảm phát thải ròng về 0 vào năm 2050.
Dự án Nhà máy Hoá dầu Stavian Quảng Yên được xây dựng trên diện tích 30 hecta tại Khu Công Nghiệp Bắc Tiền Phong, xã Tiền Phong, thị xã Quảng Yên, tỉnh Quảng Ninh. Dự án có tổng mức đầu tư ước tính lên đến 1,5 tỷ USD với quy mô sản xuất 600.000 tấn sản phẩm Polypropylene (PP)/năm, dự kiến chính thức vận hành vào quý 3/2027.
Dự án có chủ đầu tư là Công ty Cổ phần Hoá dầu Stavian Quảng Yên hoạt động chính trong lĩnh vực sản xuất – kinh doanh các sản phẩm hoá dầu. Công ty được thành lập bởi 02 cổ đông chính là Công ty Cổ phần Stavian Hóa chất (Stavian Chemical) và Công ty Cổ phẩn Cảng Hàng lỏng Yên Hưng (YHLP).","hóa dầu, kinh tế số, ngành công nghiệp, Stavian Quảng Yên",762
https://vneconomy.vn/tu-15-9-dat-o-do-thi-sau-tach-thua-toi-thieu-40m2-tai-dong-thap.htm,"Từ 15/9, đất ở đô thị sau tách thửa tối thiểu 40m2 tại Đồng Tháp",2021-09-06,Bất động sản,"UBND tỉnh Đồng Tháp vừa ban hành Quyết định số 22 quy định về tách thửa, hợp thửa, diện tích đất tối thiểu được tách thửa… trên địa bàn tỉnh này.
Theo đó, đối với đất ở tại đô thị, diện tích tối thiểu sau tách thửa nếu thửa đất có nhà ở là 40m2, thửa đất không có nhà ở là 70m2.
Đối với đất ở tại nông thôn, diện tích tối thiểu sau tách thửa nếu thửa đất có nhà ở là 60m2, thửa đất không có nhà ở là 80m2.
Để tách thửa đất ở cần các điều kiện: Nếu đường giao thông công cộng có lộ giới lớn hơn hoặc bằng 19m thì kích thước cạnh chiều sâu thửa đất và cạnh tiếp giáp với đường giao thông tối thiểu phải từ 5m trở lên; nếu lộ giới nhỏ hơn hoặc chưa quy định thì kích thước các cạnh phải từ 4m trở lên.
Đối với đất nông nghiệp tại đô thị, diện tích tối thiểu sau tách thửa là 300m2, tại nông thôn là 700m2.
Đối với đất phi nông nghiệp (không phải đất ở) tại cả đô thị và nông thôn, diện tích tối thiểu sau tách thửa là 200m2.
Đối với trường hợp tách thửa đất cơ sở sản xuất phi nông nghiệp, đất thương mại dịch vụ, việc tách thửa đất phải kèm theo bản thuyết minh dự án đầu tư phù hợp do người sử dụng đất tự viết.
Thửa đất có diện tích nhỏ hơn diện tích theo quy định mới nhưng vẫn được xét cấp Giấy chứng nhận quyền sử dụng đất, khi: thửa đất đang sử dụng được hình thành từ trước ngày Quy định này có hiệu lực, hoặc thửa đất hình thành từ quyết định giải quyết tranh chấp của cơ quan nhà nước có thẩm quyền; trường hợp thừa kế phân chia quyền sử dụng đất đã được pháp luật công nhận...
Các hồ sơ tách thửa đất đã được tiếp nhận trước ngày Quyết định này có hiệu lực thi hành thì thực hiện theo Quyết định số 50 (ngày 07/12/2017) của UBND tỉnh Đồng Tháp quy định diện tích đất tối thiểu được tách thửa…
UBND các huyện, thành phố chỉ đạo các phòng, ban chức năng trực thuộc và UBND các xã, phường, thị trấn có trách nhiệm thường xuyên kiểm tra, xử lý các trường hợp tách thửa không đúng theo quy định này, đặc biệt là tách thửa đất có tính chất phân lô, bán nền (có hình thành đường giao thông và các công trình hạ tầng kỹ thuật khác) không đúng quy định pháp luật…
Trường hợp nhà đầu tư cần thực hiện dự án phân lô, bán nền (đầu tư mới), giao UBND cấp huyện kiểm tra, rà soát các quy hoạch đã được phê duyệt, nếu phù hợp thì hướng dẫn người sử dụng đất lập dự án đầu tư theo quy định của pháp luật.
Trường hợp người sử dụng đất đã thực hiện tách thửa đất, phân lô, bán nền, không kể quy mô (có hình thành đường giao thông và các công trình hạ tầng kỹ thuật khác), nhưng chưa hoàn thành các thủ tục pháp lý về đầu tư, đất đai, môi trường, xây dựng, phòng cháy chữa cháy, giao UBND cấp huyện kiểm tra, rà soát, báo cáo UBND tỉnh xem xét, quyết định.",Từ 15/9 đất ở đô thị sau tách thửa tối thiểu 40m2 tại Đồng Tháp,1035
https://baodautu.vn/gia-vang-trong-nuoc-di-ngang-vang-the-gioi-van-ky-vong-tang-gia-d128145.html,"Giá vàng trong nước đi ngang, vàng thế giới vẫn kỳ vọng tăng giá",2020-08-21,Ngân hàng - Bảo hiểm,"Mở cửa phiên giao dịch sáng nay (21/8), giá vàng thế giới giao dịch tại thị trường châu Á ở mức 1.951 USD/oune, phục hồi 20 USD so với giá mở phiên ngày hôm qua.
Quy đổi theo tỷ giá VND/USD, giá vàng thế giới hiện tương đương với 54,6 triệu đồng/lượng, thấp hơn khoảng 2 triệu đồng/lượng so với giá vàng trong nước.
Vàng đang chịu sức ép khi đồng USD có dấu hiệu tăng giá trở lại và lực bán chốt lời của giớiđầu tư. Thông điệp của Cục dự trữ liên bang Mỹ (Fed) trong cuộc họp hôm 19/8, với sự thiếu quan tâm đến việc giới hạn lợi suất trái phiếu, cũng như không có thông tin định hướng mới về kỳ vọng tỷ lệ lãi suất.
Thị trường tiền tệ có phiên giao dịch sôi động vào tối hôm qua (thứ 4) khi Fed công bố biên bản cuộc họp của mình, đồng bạc xanh tăng vọt 1% sau khi cơ quan này giữ vững quan điểm kiểm soát lạm phát dưới 2% và không áp dụng biện pháp đường cong lợi suất ít nhất là trong thời gian tới.
Hiện tại, lợi suất trái phiếu kỳ hạn 10 năm là 0,659%, tăng hơn 31% kể từ mức thấp nhất của thượng tuần tháng 3 vừa qua. Mặt khác, con số thống kê ngày 14/8 của Hội đồng vàng thế giới (WGC) cũng đã cho thấy lượng bán ròng 20,1 tấn của các quỹ ETF. Và cũng trong đêm qua, USD Index đã đánh mất 0,15%, về mức 92,65 điểm.
Biên bản cuộc họp của Fed là một tin xấu đối với vàng trong ngắn hạn nhưng bức tranh toàn cảnh vẫn không thay đổi. Mức nợ toàn cầu đã tăng vọt, thanh khoản dồi dào và vẫn chưa có Vắc-xin trong tương lai gần.
Sau khi giá vàng tăng mạnh trong tháng 7/2020 và 2 tuần đầu tháng 8/2020, một nhịp điều chỉnh giảm kỹ thuật đã và đang xảy ra với mặt hàng kim quý này. Tuy nhiên, Nhóm phân tíchtài chính– Ngần hàng Eximank vẫn ký vọng rằng, giá vàng sẽ vẫn nhận được nhiều sự hỗ trợ.
Bởi tình hình dịch dịch Covid-19 vẫn còn diễn biến khá phức tạp trên thế giới khiến các nhà hoạch định chính sách lo ngạikinh tếsẽ còn đối mặt với nhiều khó khăn. Đồng thời, căng thẳng Mỹ - Trung chưa có dấu hiệu lắng dịu và trước thời điểm bầu cũ Tổng Thống Mỹ cận kề... là những yếu tố được cho sẽ tác động lên mặt hàng kim quý vàng.
Đối với thị tường vàng trong nước, tính đến 8h30 sáng nay, giá vàng miếng SJC được niêm yết tại Công ty Vàng Bạc Đá quý Phú Nhuận (PNJ) ở cả 4 khu vực TP.HCM, Đà Nẵng, Cần Thơ và Hà Nội ở mức giá 55,5 – 57 triệu đồng/lượng tăng 300.000 đồng và tăng 200.000 đồng ở lần lượt chiều mua vào và bán ra so với đầu phiên ngày hôm qua.
Còn Công ty SJC niem yết giá vàng miếng SJC đầu giờ sáng 21/8 ở mức 55,55-56,95 triệu đồng/lượng (mua- bán), tăng 500 nghìn đồng/lượng so với hôm qua.
Thế nhưng, đến gần 10h30 sáng, vàng SJC do SJC niêm yết chỉ còn 55,25-56,68 triệu đồng/lượng (mua-bán), giảm 300.000 đồng ở chiều mua vào và giảm 300.000 đồng/lượng ở chiều bán ra.
Khoảng cách niêm yết giữa giá mua và bán vẫn được nhà vàng nới rộng đến 1,43 triệu đồng/lượng. Do giá vàng trong nước đi ngang và điều chỉnh trên dưới 1 triệu đồng/lượng trong những phiên gần đây nên giao dịch trên thị trường vàng trong nước không còn sôi động như những ngày giá lên đầu tháng 8/2020.","Vàng trong nước, vàng thế giới, giá vàng hôm nay",823
https://baodautu.vn/da-nang-thuc-day-hop-tac-hoa-ky-tren-cac-linh-vuc-ban-dan-kinh-te-so-d218492.html,"Đà Nẵng thúc đẩy hợp tác Hoa Kỳ trên các lĩnh vực bán dẫn, kinh tế số",2024-06-25,Đầu tư,"Ngày 25/6, UBND TP. Đà Nẵng đã tổ chức Lễ ra mắt Tổ công tác xúc tiến hợp tác Đà Nẵng - Hoa Kỳ.
Phó chủ tịch thường trực UBND TP. Đà Nẵng, ông Hồ Kỳ Minh khẳng định, Tổ công tác xúc tiến hợp tác Đà Nẵng - Hoa Kỳ đánh dấu một bước tiến mới trong quan hệ hợp tác giữa hai bên.
Trong những năm qua, Hoa Kỳ luôn là đối tác quan trọng của TP. Đà Nẵng, cả trong lĩnh vựcđầu tư, thương mại, giáo dục đào tạo.
Theo ông Hồ Kỳ Minh, việc thành lập Tổ công tác xúc tiến hợp tác Đà Nẵng - Hoa Kỳ thể hiện mong muốn của hai bên trong việc đẩy mạnh hợp tác, trao đổi thông tin, tạo điều kiện thuận lợi cho cácdoanh nghiệphai nước đầu tư, kinh doanh.
Đặc biệt là trong các lĩnh vực phát triển nguồn nhân lực, xúc tiến đầu tư, đổi mới sáng tạo, công nghệ bán dẫn,kinh tếsố, tăng trưởng xanh, phát triển bền vững.
Tổ công tác còn có vai trò quan trọng trong việc kết nối các doanh nghiệp hai bên, hỗ trợ giải quyết các khó khăn, vướng mắc trong quá trình hợp tác, đồng thời đề xuất các giải pháp, định hướng hợp tác hiệu quả trong thời gian đến.
Trên địa bàn TP. Đà Nẵng có 82dự áncủa các nhà đầu tư Hoa Kỳ còn hiệu lực, tổng vốn đầu tư hơn 831 triệu USD. Hoa Kỳ xếp thứ 3 trên tổng số 45 quốc gia, vùng lãnh thổ có dự án đầu tư vào Đà Nẵng, chủ yếu là trong lĩnh vực du lịch,bất động sản, công nghệ cao, công nghiệp phụ trợ..
Ngoài ra, các tổ chức phi chính phủ Hoa Kỳ đang tài trợ cho Đà Nẵng 9 dự án. Trong đó một số dự án lớn như: Chương trình đô thị quận Sơn Trà” do World Vision International tài trợ với kinh phí 45 tỷ đồng (2020-2022); Dự án “Xây dựng thành phố lành mạnh” do East Meets West Foundation tài trợ với kinh phí hơn 9,4 tỷ đồng..
Bà Susan Burns - Tổng lãnh sự Hoa Kỳ tại TP.HCM khẳng định, việc thành lập Tổ công tác xúc tiến hợp tác Đà Nẵng - Hoa Kỳ thể hiện mong muốn của hai bên trong việc đẩy mạnh hơn nữa hợp tác, hướng đến mục tiêu phát triển trên các lĩnh vực phát triển bền vững, tăng trưởng xanh; hợp tác trong ngành công nghiệp bán dẫn, giáo dục …
Hoa Kỳ mong muốn triển khai phương thức mới để đóng góp vào sự phát triển Đà Nẵng; tin tưởng hai bên sẽ cùng nhau xây dựng nhóm làm việc chung hiệu quả, thành công, làm nền tảng cho mối quan hệ hợp tác giữa Hoa Kỳ và Đà Nẵng.
Tổ công tác xúc tiến hợp tác Đà Nẵng - Hoa Kỳ do Phó chủ tịch Thường trực UBND Thành phố Hồ Kỳ Minh làm Tổ trưởng; Giám đốc Sở Ngoại vụ Thành phố Nguyễn Xuân Bình làm Tổ phó… Về phía Hoa Kỳ, Tổng lãnh sự Hoa Kỳ Susan Burns làm Tổ trưởng
Tổ công tác Xúc tiến hợp tác Hoa Kỳ - Đà Nẵng có nhiệm vụ tham mưu UBND Thành phố phối hợp với Tổng Lãnh sự quán Hoa Kỳ tại TP.HCM xúc tiến các hoạt động hợp tác giữa TP. Đà Nẵng và các đối tác Hoa Kỳ.
Tổ hợp tác sẽ tập trung vào 6 lĩnh vực. Cụ thể phát triển công nghiệp bán dẫn, trí tuệ nhân tạo, công nghệ cao, đổi mới sáng tạo và phát triển nền kinh tế số. Thúc đẩy tăng trưởng xanh và phát triển bền vững.
Ngoài ra hợp tác trên lĩnh giáo dục, đào tạo và phát triển lực lượng lao động chăm sóc sức khỏe chất lượng cao; xúc tiến đầu tư; thúc đẩy hợp tác du lịch…","Đà Nẵng, Tổ công tác, xúc tiến hợp tác, Đà Nẵng - Hoa Kỳ, thu hút đầu tư, công nghệ bán dẫn, kinh tế số, phát triển bền vững",777
https://vneconomy.vn/9-thang-von-hoa-upcom-dat-1-31-nghin-ty-tang-3-79-so-voi-thang-truoc.htm,"9 tháng: Vốn hoá UPCoM đạt 1,31 nghìn tỷ, tăng 3,79% so với tháng trước",2021-10-05,Chứng khoán,"Sở Giao dịch Chứng khoán Hà Nội (HNX) vừa cho biết thị trường UPCoM tháng 9/2021 với thanh khoản tăng 20%, khối ngoại mua ròng 378 tỷ đồng.
Cụ thể: tháng 9/2021, thị trường UPCoM tại HNX có thêm 4 doanh nghiệp đăng ký giao dịch mới và 1 doanh nghiệp hủy đăng ký giao dịch. Tổng số doanh nghiệp đăng ký giao dịch đạt 903 doanh nghiệp, với tổng khối lượng đăng ký giao dịch đạt hơn 39,7 tỷ cổ phiếu, tương ứng giá trị đăng ký giao dịch đạt xấp xỉ 397,3 nghìn tỷ đồng. Giá trị vốn hóa thị trường UPCoM tháng này tăng 3,79% so với tháng 8, đạt hơn 1,31 nghìn tỷ đồng tại ngày 30/9/2021.
Chỉ số UPCoM-Index đóng cửa tại thời điểm cuối tháng 9 đạt 96,56 điểm, tăng 2,98% so với tháng trước. Phiên giao dịch có điểm chỉ số cao nhất tháng 9 vào ngày 23/9 đạt 98,37 điểm và cũng là chỉ số cao nhất quý 3/2021.
Toàn thị trường có hơn 2,4 tỷ cổ phiếu được giao dịch trong tháng 9, tăng 12,7% so với tháng 8, tương ứng giá trị giao dịch 42,4 nghìn tỷ đồng, tăng 9,39%. Tính bình quân, khối lượng giao dịch đạt xấp xỉ 121,4 triệu cổ phiếu/phiên, giá trị giao dịch đạt hơn 2,1 nghìn tỷ đồng/phiên, tăng lần lượt 23,97% và 20,33% so với tháng trước và cao hơn lần lượt 25,56% và 25,64% so với bình quân quý 3 (96,7 triệu cổ phiếu/phiên và 1,7 nghìn tỷ đồng/phiên). Phiên có khối lượng giao dịch cao nhất tháng đạt 184,3 triệu cổ phiếu được ghi nhận vào ngày 17/9 và phiên có giá trị giao dịch cao nhất tháng vào ngày 20/9 với giá trị giao dịch đạt hơn 2,7 nghìn tỷ đồng.
Trong tháng 9 vừa qua, có 5 mã cổ phiếu tăng giá nhiều nhất trong tháng 9/2021 gồm: CBS tăng 158,94% từ 15.100 đồng/cổ phiếu lên 39.100 đồng/cổ phiếu; KHB tăng 155,17% từ 2.900 đồng/cổ phiếu lên 7.400 đồng/cổ phiếu; VNH tăng 120,93% từ 4.300 đồng/cổ phiếu lên 9.500 đồng/cổ phiếu; RGC tăng 120,72% từ 11.100 đồng/cổ phiếu lên 24.500 đồng/cổ phiếu và HTH tăng 113,47% từ 24.500 đồng/cổ phiếu lên 52.300 đồng/cổ phiếu.
Đáng chú ý, trong 3 tháng liên tiếp, BSR, HHV, VGT giữ vững vị trí top 3 mã cổ phiếu được quan tâm nhất trên UPCoM. Trong đó, trong tháng 9, BSR có khối lượng giao dịch đạt 216,6 triệu cổ phiếu, HHV 154,8 triệu cổ phiếu và VGT 138,4 triệu cổ phiếu. Tiếp theo là 2 mã VHG và KSH với khối lượng giao dịch lần lượt là 129,7 triệu và 112,7 triệu cổ phiếu.
Theo HNX, thị trường UPCoM ngày càng thu hút mạnh mẽ sự quan tâm của nhà đầu tư nước ngoài, trong 3 tháng liên tiếp từ tháng 7-9/2021, nhà đầu tư nước ngoài đã mua ròng 613 tỷ đồng trên UPCoM. Đặc biệt, trong tháng 9, nhà đầu tư nước ngoài đã mua ròng hơn 378 tỷ đồng, với tổng khối lượng giao dịch trong tháng 9 đạt 45,2 triệu cổ phiếu, tương ứng giá trị giao dịch gần 1,7 nghìn tỷ đồng.
Top 5 cổ phiếu được nhà đầu tư nước ngoài mua nhiều nhất trong tháng 9 là HHV, QNS, VEA, ACV, TV6 với khối lượng giao dịch lần lượt đạt 5,4 triệu, 5,2 triệu, 3,9 triệu, 2,2 triệu và 1,5 triệu cổ phiếu. Top 5 cổ phiếu được bán nhiều nhất là VEA, QNS, BSR, ACV, VGR với khối lượng giao dịch lần lượt đạt 4,4 triệu, 3,6 triệu, 2 triệu, 950,5 nghìn, 452,4 nghìn cổ phiếu.",UpCoM,875
https://baodautu.vn/batdongsan/du-an-du-phap-ly-ngan-hang-luon-tim-cach-tiep-can-de-cho-vay-d216321.html,"Dự án đủ pháp lý, ngân hàng luôn tìm cách tiếp cận để cho vay",2024-05-29,Chuyển động thị trường,"Quan điểm được ông Nguyễn Đức Lệnh, Phó giám đốcNgân hàngNhà nước chi nhánh TP.HCM đưa ra tại Diễn đàn tài chính -Bất động sản2024, với chủ đề Khơi dòng vốn, đón cơ hội phục hồi do Tạp chíKinh tếSài Gòn tổ chức ngày 29/5.
Theo ông Lệnh, tính đến cuối tháng 4/2024, tổng dư nợ tín dụng bất động sản trên địa bàn TP.HCM đạt khoảng 981.500 tỷ đồng, chiếm khoảng 33% tổng dư nợ tín dụng bất động sản cả nước và tăng 1,61% so với cuối năm 2023.
Điểm nổi bật của tín dụng lĩnh vực bất động sản tại Thành phố các tháng vừa qua là gắn liền với những chuyển biến tích cực thực tế từ các phân khúc thị trường và sự phục hồi của từng loại hình bất động sản.
Trong đó, với mặt bằng lãi suất cho vay ở mức thấp, hoạt động cho vay mua nhà để ở, xây và sữa chữa nhà ở, chuyển quyền sử dụng đất để xây nhà ở… được nhiều tổ chức tín dụng chú trọng. Điều này giúp tỷ trọng các khoản vay bất động sản với mục đích sử dụng chiếm tới 68% tổng dư nợ cho vay bất động sản tại Thành phố 4 tháng vừa qua.
“Khi mộtdự ánđầy đủ hồ sơ pháp lý, thì các ngân hàng hoàn toàn có thể đáp ứng và luôn tìm cách tiếp cận để cho vay”, ông Lệnh nói.
Ví dụ, ông Lệnh cho biết phân khúc bất động sản khu công nghiệp, khu chế xuất cũng có mức tăng trưởng mạnh 9,5% so với cuối 2023, đạt khoảng 44.600 tỷ đồng, cao hơn rất nhiều so với tốc độ chung của ngành.
“Điều này chứng tỏ thị trường tự điều tiết rất linh hoạt và thông minh, tức nhóm ngành nào tốt thì tín dụng đều đáp ứng và hỗ trợ. Các tổ chức tín dụng luôn sẵn sàng đáp ứng vốn củadoanh nghiệp, miễn là dự án đủ điều kiện”, ông Lệnh phân tích.
Ông Hoàng Huy, Giám đốc Phòng Nghiên cứu Khách hàng Tổ chức, Khối Phân tích, Công tychứng khoánMaybank, đánh giá dòng tiền của doanh nghiệp đang có những tín hiệu cải thiện tích cực, sau khi bị đứt gãy kể từ sự kiện Tân Hoàng Minh và Vạn Thịnh Phát vào năm 2022.
Cụ thể, dòng tiền từ hoạt động kinh doanh đã bắt đầu quay trở lại, mặt bằng lãi suất thấp cũng khiến người mua mạnh dạn giải ngân hơn trong bối cảnh Chính phủ cho phép các dự án tái khởi động. Một số doanh nghiệp chủ động phát hành cổ phiếu, bán tài sản, giảm đòn bẩy nợ.
Bên cạnh việc thu hút dòng vốn tín dụng nhiều hơn từ cuối năm ngoái đến nay, sự tích cực hơn từ thị trường trái phiếu cũng đã giúp hỗ trợ thanh khoản của các doanh nghiệp, khi Nghị định 08 cho phép giãn nợ thêm hai năm, cũng như các hoạt động hỗ trợ cơ cấu nợ từ phía Ngân hàng Nhà nước.
Tuy nhiên, trong ngắn hạn, các giải pháp khơi thông dòng vốn cho doanh nghiệp hiện nay tập trung chủ yếu ở các giải pháp tình thế từ đàm phán gia hạn trái phiếu, bên cạnh tập trung vào tín dụng ngân hàng.
Với kênh huy động vốn trên sàn chứng khoán, ông Huy cho rằng kênh này cũng đang vẫn bị “kẹt” và kỳ vọng được tháo gỡ và đẩy mạnh hơn trong thời gian tới, nhằm nâng cao nội lực cho các doanh nghiệp.
“Nhìn chung thì dòng tiền đã quay trở lại, mặc dù chậm, nhưng điểm tồi tệ nhất của thị trường đã qua”, ông Huy đánh giá.","vốn cho bất động sản, khơi thông vốn cho thị trường bất động sản, dòng tiền trên thị trường địa ốc",767
https://vneconomy.vn/chinh-phu-yeu-cau-lam-ro-5-van-de-lien-quan-den-thue-suat-toi-thieu-toan-cau.htm,Chính phủ yêu cầu làm rõ 5 vấn đề liên quan đến thuế suất tối thiểu toàn cầu,2023-04-11,Tài chính,"Theo Phó Thủ tướng Lê Minh Khái, báo cáo của Bộ Tài chính vê vấn đề nói trên mới chỉ tập trung vào nội dung sửa đổi, điều chỉnh chính sách thuế mà chưa phân tích, đánh giá thật đầy đủ, kỹ lưỡng tác động của việc áp dụng thuế suất tối thiểu toàn cầu, nhất là những tác động bất lợi đối với những đối tượng nhà đầu tư mà ta đã cam kết ưu đãi, từ đó ảnh hưởng đến tính hấp dẫn, cạnh tranh thu hút đầu tư của môi trường đầu tư, kinh doanh tại Việt Nam.
Thuế suất tối thiểu toàn cầu là chính sách phát sinh từ bên ngoài có ảnh hưởng, tác động sâu sắc nhiều mặt đến Việt Nam với tư cách là một quốc gia thu hút, tiếp nhận đầu tư. Vì thế, trên cơ sở nghiên cứu, tham khảo kinh nghiệm các nước liên quan (kể cả các nước ""nguồn"" cũng như nước tiếp nhận đầu tư), đặc biệt là những nước có hoàn cảnh, điều kiện tương tự như Việt Nam, cần có đánh giá kỹ lưỡng tất cả các tác động, nhất là tác động bất lợi để có các giải pháp ứng xử phù hợp.
Phó Thủ tướng Lê Minh Khái yêu cầu Bộ Tài chính tiếp thu ý kiến của đại biểu tại cuộc họp để tiếp tục hoàn thiện nội dung báo cáo. Báo cáo cần bao quát hết các vấn đề phát sinh để đề xuất, kiến nghị các giải pháp thật phù hợp trong thời gian tới; đồng thời, báo cáo phải được bố cục chặt chẽ, rõ ràng hơn, theo đó tập trung nêu bật 5 vấn đề cốt lõi.
Thứ tư, phân tích đánh giá thật đầy đủ, toàn diện tác động của thuế suất tối thiểu toàn cầu đối với Việt Nam, trong đó tập trung đánh giá tác động đến: ngân sách nhà nước; nhà đầu tư; thu hút đầu tư nước ngoài của Việt Nam.
Thứ năm, đưa ra giải pháp ứng phó của Việt Nam trước tác động của thuế suất tối thiểu toàn cầu, nhất là giải pháp đối với những đối tượng bị tác động cần cụ thể rõ ràng, phân tích kỹ tác động.
Tháng 10/2021, có 136 quốc gia tham gia các cuộc đàm phán do Tổ chức Hợp tác và Phát triển Kinh tế (OECD) tổ chức và đồng ý với Giải pháp cải cách thuế 2 trụ cột. Trong đó, trụ cột 2 về mức thuế tối thiểu toàn cầu là 15% sẽ được áp dụng vào đầu năm 2024 tới đây. Đối tượng là các công ty đa quốc gia có doanh thu hợp nhất toàn cầu hằng năm từ 750 triệu EUR (tương đương khoảng 870 triệu USD) trong ít nhất 2 năm trong giai đoạn 4 năm liền kề trước thời điểm thực hiện nghĩa vụ thuế.
Phân tích của Cục Đầu tư nước ngoài, Bộ Kế hoạch và Đầu tư chỉ ra rằng Việt Nam đang sử dụng ưu đãi thuế như một công cụ đòn bẩy tài chính để tác động đến xu hướng đầu tư. Các chính sách ưu đãi về thuế thu nhập doanh nghiệp của Việt Nam được đánh giá là hấp dẫn so với các nước trong khu vực: Mức thuế suất phổ thông: 20% (cao hơn mức thuế tối thiểu toàn cầu); thuế suất ưu đãi: 10%, 15% và 17% tùy theo lĩnh vực, ngành nghề, quy mô và địa bàn đầu tư; thuế suất ưu đãi đặc biệt có các mức 5%, 7% và 9%. Cùng với ưu đãi về thuế suất, pháp luật hiện hành có quy định về việc miễn thuế, giảm 50% thuế suất trong thời gian được miễn, giảm.
Tuy nhiên, khi trụ cột 2 được chính thức áp dụng, các ưu đãi về thuế thu nhập doanh nghiệp sẽ ảnh hưởng đến lợi thế cạnh tranh cho Việt Nam trong thu hút đầu tư.","tài chính, thuế, thuế tối thiểu toàn cầu",769
https://baodautu.vn/batdongsan/phu-yen-dieu-chinh-quy-hoach-khu-vuc-xung-quanh-dam-o-loan-huyen-tuy-an-d174376.html,"Phú Yên điều chỉnh Quy hoạch khu vực xung quanh đầm Ô Loan, huyện Tuy An",2022-09-28,Dự án - quy hoạch,"UBND tỉnh Phú Yên vừa phê duyệt điều chỉnh nhiệm vụ Quy hoạch chung xây dựng khu vực xung quanh đầm Ô Loan, huyện Tuy An; quy hoạch được điều chỉnh 3 nội dung gồm vị trí, phạm vi ranh giới, quy mô diện tích khu vực lập quy hoạch; nguồn vốn và dự toán chi phí; tiến độ lập đồ án quy hoạch chung.
Theo đó, vị trí, phạm vi ranh giới khu vực vẫn giữ nguyên vị trí cũ gồm một phần diện tích của các xã xung quanh đầm Ô Loan, gồm An Cư, An Hiệp, An Hòa Hải, An Ninh Đông (huyện Tuy An, không bao gồm diện tích mặt nước Đầm); tuy nhiên tăng diện tích từ 2.827 ha lên 4.177 ha.
Khu vực lập quy hoạch gồm phần ranh giới trong không thay đổi (trùng với ranh giới khu vực bảo vệ cấp I của Di tích thắng cảnh quốc gia đầm Ô Loan); phần ranh giới ngoài ( trừ phần phía Bắc là khu vực núi Cấm, xã An Ninh Đông đến khu vực núi Xóm Cầu, xã An Cư được giữ nguyên) được điều chỉnh mới.
Cụ thể, phía Đông được xác đinh mới là dọc bờ biển, từ thôn Hội Sơn, xã An Hòa Hải đến thôn Phú Sơn, xã An Ninh Đông; phía Tây Bắc dọc theo Quốc lộ 1; phía Tây Nam là dọc theo ranh giới hành chính xã An Hòa Hải với xã An Hiệp; phía Nam là dọc theo ranh giới hành chính xã An Hòa Hải với xã An Mỹ.
Về nguồn vốn và dự toán chi phí, quy hoạch được điều chỉnh tăng quy mô diện tích áp dụng tính đơn giá lập quy hoạch là 3.350 ha (trước đó 2.000 ha); tổng chi phí thực hiện tăng lên hơn 5,4 tỷ đồng (hơn 4,759 tỷ đồng).
Bên cạnh đó, tiến độ lập Đồ án quy hoạch chung được điều chỉnh rút ngắn từ 9 tháng xuống còn 3 tháng.
UBND tỉnh Phú Yên cho biết, Quy hoạch khu vực xung quanh đầm Ô Loan, huyện Tuy An được điều chỉnh nhằm phù hợp với địa giới hành chính các xã xung quanh đầm Ô Loan, huyện Tuy An; kết nối đồng bộ hạ tầng kỹ thuật toàn khu vực, tạo điều kiện thuận lợi trong quản lý quy hoạch và kêu gọiđầu tư.
Ngoài ra, UBND tỉnh Phú Yên sẽ vẫn giữ nguyên các nội dung khác theo Quyết định số 1105 ngày 25/7/2019; trong đó toàn bộ kinh phí tài trợ lập quy hoạch là do nhà tài trợ tự nguyện chi trả theo cam kết trước đây mà không có sự ràng buộc về nghĩa vụtài chínhvà các quyền lợi khác đối với tỉnh.
Trước đó, theo Quyết định số 1105 của UBND tỉnh Phú Yên, Quy hoạch chung xây dựng khu vực xung quanh đầm Ô Loan được định hướng phát triển là không gian phát triển đô thị, tập trung xung quanh khu vực dân cư hiện hữu; mô hình cấu trúc dạng vệ tinh phát triển từ khu vực dân cư hiện trạng và phân tán xung quan đầm Ô Loan.
Dự kiến khu vực xung quanh đầm Ô Loan được tổ chức thành các khu chức năng chính như khu chức năng đô thị cấp vùng; khu trung tâm công cộng cấp đô thị; khu công viên, cây xanh; khu thương mại – dịch vụ; khu du lịch sinh thái; các khu dân cư, nhà ở phát triển trên cơ sở cụm dân cư cự hiện hữ và khu dân cư mới; khu vực chức năng khác…
Cơ quan thẩm định và tổ chức lập quy hoạch là Sở Xây dựng; nguồn vốn tài trợ lập quy hoạch từ Liên doanh Công ty cổ phần Lã Vọng Group và Công ty Tập đoàn Đầu tư Tài chính Việt Nam (bao gồm chi phí khảo sát, lấy ý kiến cộng đồng, lập thẩm định, phê duyệt…).","Phú Yên, Tuy An, Đầm Ô Loan, quy hoạch, điều chỉnh, đồ án",799
https://baodautu.vn/lanh-dao-bidv-tham-ho-tro-gia-dinh-nan-nhan-vu-cuop-ngan-hang-tai-da-nang-d203743.html,"Lãnh đạo BIDV thăm, hỗ trợ gia đình nạn nhân vụ cướp ngân hàng tại Đà Nẵng",2023-11-24,Thông tin doanh nghiệp,"Sau khi tiếp nhận thông tin vụ việc 2 đối tượng dùng súng, dao thực hiện vụ cướp tại Phòng giao dịch,Ngân hàngTMCP Đầu tư và Phát triển (BIDV) chi nhánh Sông Hàn, ngay trong tối ngày 22/11/2023, Đoàn công tác của BIDV do ông Trần Phương, Phó Tổng giám đốc, Chủ tịch Công đoàn BIDV làm trưởng Đoàn đã bay vào Đà Nẵng thăm hỏi và động viên gia đình nạn nhân Trần Minh Thành.
Anh Trần Minh Thành là nhân viên Công ty cổ phần Dịch vụ Bảo vệ An ninh đang thực hiện nhiệm vụ bảo vệ tại Phòng giao dịch BIDV trên đường Ngũ Hành Sơn, phường Mỹ An, quận Ngũ Hành Sơn thì xảy ra vụ việc.
Trước thái độ manh động của các đối tượng, nhân viên ngân hàng, đặc biệt là bảo vệ Trần Minh Thành đã kiên quyết ngăn chặn. Gặp phải sự phản ứng nhanh chóng và kịp thời của nhân viên ngân hàng và bảo vệ, 2 đối tượng dù chưa lấy được tài sản nhưng buộc phải tìm cách thoát ra ngoài để trốn chạy. Khi 2 đối tượng vừa lên xe thì bị người dân và nhân viên ngân hàng nhanh chóng áp sát, đạp ngã xe và khống chế bắt giữ được 1 đối tượng. Đối tượng còn lại nhanh chân bỏ chạy. Thấy vậy, bảo vệ Trần Minh Thành lập tức đuổi theo, khi áp sát đã bị đối tượng dùng dao tấn công và gây thương tích nặng. Anh Thành được cán bộ ngân hàng và người dân kịp thời đưa đến bệnh viện cấp cứu nhưng không qua khỏi.
Cảm động trước sự dũng cảm của anh Thành, ông Trần Phương chia sẻ: “Trái tim chúng tôi trĩu nặng. Trong giờ phút đau thương này, tập thể hơn 27 ngàn người lao động và Ban lãnh đạo BIDV xin bày tỏ lời chia buồn sâu sắc nhất tới gia đình anh Trần Minh Thành. Tấm gương về tinh thần trách nhiệm, sự tận tụy và quả cảm của Anh trong việc thực thi nhiệm vụ bảo vệ tài sản của cơ quan, đơn vị đã thực sự gây xúc động rất lớn đối với người lao động trong toàn hệ thống.
BIDV đang hỗ trợ gia đình lo hậu sự cho Anh một cách chu đáo và sẽ có phương thức hỗ trợ thích hợp đối với gia đình để thân nhân của Anh sớm vượt qua nỗi đau và ổn định cuộc sống.
Trước mất mát này, mỗi người lao động BIDV sẽ càng nỗ lực hơn trong thực hiện nhiệm vụ được giao, siết chặt hơn nữa công tác đảm bảo an ninh, an toàn hoạt động ngân hàng để tri ân sự cống hiến của Anh cũng như đem lại các sản phẩm dịch vụ ngân hàng tốt nhất, những lợi ích tốt nhất cho khách hàng và cộng đồng xã hội.”
Tại lễ viếng, ông Trần Phương thay mặt Ban lãnh đạo và tập thể cán bộ, người lao động toàn hệ thống BIDV trao 300 triệu đồng để hỗ trợ gia đình.
Còn ông Nguyễn Đạt, Chánh văn phòng, Công ty cổ phần Dịch vụ Bảo vệ An ninh (Trụ sở tại 49 Nguyễn Đức Trung, quận Thanh Khê, Đà Nẵng) cho biết, anh Trần Minh Thành ký Hợp đồng lao động với Công ty được gần 3 tháng. Anh Thành rất năng nỗ và chịu khó trong thực hiện nhiệm vụ. Sự việc xảy ra quá nhanh và bất ngờ, tập thể Công ty rất đau buồn. Sự ra đi của anh Thành, Công ty mất đi một nhân viên đầy trách nhiệm.
Đại diện gia đình, bà Trần Thị Minh Tâm, chị gái anh Thành cảm ơn sự quan tâm, hỗ trợ kịp thời, chu đáo của Ban lãnh đạo và tập thể người lao động BIDV.",BIDV,759
https://vneconomy.vn/9-thang-dau-nam-doanh-thu-cong-nghiep-ict-uoc-dat-gan-110-ty-usd.htm,"9 tháng đầu năm, doanh thu công nghiệp ICT ước đạt gần 110 tỷ USD",2022-10-17,Kinh tế số,"Bộ Thông tin và Truyền thông vừa cho biết, ước tính đến hết tháng 9/2022, doanh thu lĩnh vực công nghiệp công nghệ thông tin ICT đạt khoảng 109,5 tỷ USD, tăng 13% so với cùng kỳ. Trong 9 tháng đầu năm 2021, tổng doanh thu công nghiệp ICT đạt 97,8 tỷ USD, tăng trưởng khoảng 13,04% so với cùng kỳ năm 2020.
Trong doanh thu 9 tháng qua, phần cứng- điện tử chiếm khoảng 97 tỷ USD (chiếm gần 90% tổng doanh thu). Giá trị xuất khẩu sản phẩm phần cứng- điện tử đã đạt 90,7 tỷ USD (tăng 13% so cùng kỳ năm 2021). Trong đó, xuất khẩu phần cứng- điện tử từ doanh nghiệp FDI chiếm đến 90%.
Giá trị xuất khẩu máy tính và linh kiện ước đạt 43,1 tỷ USD (tăng trưởng 17,9%). Giá trị xuất khẩu điện thoại và linh kiện điện thoại ước đạt 43,3  tỷ USD (tăng trưởng 5,6%).
So với số liệu thống kê 6 tháng đầu năm, trong quý 3/2022 doanh thu công nghiệp ICT đã tăng thêm 37 tỷ USD. Doanh thu công nghiệp công nghệ thông tin 6 tháng đạt 72,5 tỷ USD tăng trưởng 17,8% so với cùng kỳ. So với số liệu báo cáo 8 tháng, riêng trong tháng 9/2022, doanh thu công nghiệp ICT đạt khoảng 12,5 tỷ USD. Tỷ lệ giá trị Make in Viet Nam trong cơ cấu doanh thu công nghiệp ICT 6 tháng đầu năm đạt 26,72% với giá trị ước đạt khoảng 19,4 tỷ USD.
Nhìn vào bức tranh doanh thu công nghiệp ICT trong những năm qua cho thấy, lĩnh vực này liên tục tăng trưởng. Ngay cả trong thời điểm 2 năm đại dịch Covid-19 diễn biến phức tạp thì doanh thu lĩnh vực công nghiệp ICT vẫn có sự tăng trưởng mạnh. Kết thúc năm 2021, tổng doanh thu lĩnh vực công nghiệp ICT đạt 136,153 tỷ USD, tăng hơn 11,4 tỷ USD so với năm 2020 (đạt 124,678 tỷ USD).
Cũng theo Dự thảo báo cáo giao ban quản lý nhà nước quý 3/2022 của Bộ Thông tin và Truyền thông, đến hết tháng 9/2022, Việt Nam có khoảng 68.800 doanh nghiệp công nghệ số, tăng trên 400 doanh nghiệp so với tháng 8/2022, đạt khoảng 0,698 doanh nghiệp/1.000 dân.
Trong những năm gần đây, số doanh nghiệp công nghệ số Việt Nam đã liên tục tăng trưởng, từ mức 45.600 doanh nghiệp năm 2019 lên 58.000 năm 2020 và đạt 64.000 doanh nghiệp năm 2021. Mục tiêu kế hoạch đặt ra năm 2022 Việt Nam sẽ đạt 70.000 doanh nghiệp.
Còn theo Chiến lược phát triển công nghiệp công nghệ số Việt Nam đến năm 2025, định hướng đến 2030, mục tiêu đến năm 2025 sẽ phát triển 80.000 doanh nghiệp công nghệ số.
Để thúc đẩy phát triển công nghiệp công nghệ số, Bộ Thông tin và Truyền thông cho hay, trong quý 4/2022 sẽ hoàn thiện hồ sơ lập đề nghị xây dựng Luật Công nghiệp công nghệ số để bổ sung dự án Luật vào Chương trình xây dựng luật, pháp lệnh năm 2023.
Cùng với đó hoàn thiện hồ sơ Chiến lược phát triển công nghiệp công nghệ số Việt Nam đến năm 2025, tầm nhìn đến năm 2030. Tiếp tục triển khai các hoạt động hỗ trợ về chính sách, hỗ trợ thương mại hóa sản phẩm, kết nối cung cầu doanh nghiệp công nghệ số với địa phương, cập nhật thông tin số liệu cho doanh nghiệp công nghệ số trong cơ sở dữ liệu doanh nghiệp, sản phẩm công nghệ số Make in Viet Nam hỗ trợ xúc tiến đầu tư, xúc tiến thương mại...","chuyển đổi số, kinh tế số, ICT, doanh nghiệp số, Doanh thu công nghiệp ICT Việt Nam tiếp tục tăng trưởng mạnh, Doanh nghiệp FDI vẫn chiếm tỷ trọng lớn trong cơ cấu doanh thu công nghiệp ICT, Doanh nghiệp công nghệ số Việt Nam tiếp tục tăng",734
https://baodautu.vn/thep-pomina-phat-hanh-70-trieu-co-phieu-tang-von-dieu-len-len-gan-3500-ty-dong-d146200.html,"Thép Pomina phát hành 70 triệu cổ phiếu, tăng vốn điều lên lên gần 3.500 tỷ đồng",2021-06-29,Tài chính - Chứng khoán,"Theo Nghị quyết Đại hội đồng cổ đông thường niên năm 2021 của Thép Pomina,doanh nghiệpnày sẽ phát hành tối đa 70 triệu cổ phiếu cho cổ đông hiện hữu, theo tỷ lệ 4:1 (cổ đông sở hữu 4 cổ phiếu sẽ có quyền được mua 1 cổ phiếu phát hành thêm).
Giá chào bán do Hội đồng quản trị quyết định, tùy điều kiện thực tế khi phát hành trong năm nay hoặc năm 2022.
Ban lãnh đạo Pomina dự kiến tỷ lệ chào bán cổ phiếu thành công là 90% (tức khoảng 630 tỷ đồng).
Trong trường hợp cổ phần đăng ký chào bán không phân phối hết theo dự kiến và số lượng vốn huy động không đạt kỳ vọng thì HĐQT công ty sẽ phân phối cho đối tượng khác do HĐQT quyết định.
Bảng:Kế hoạch doanh thu và lợi nhuận sau thuế năm 2021 của Thép Pomina (Đvt: tỷ đồng)
Quý đầu năm nay, Thép Pomina ghi nhận 2.699 tỷ đồng doanh thu, tăng 8% so với cùng kỳ năm ngoái và lợi nhuận sau thuế hơn 74,4 tỷ đồng trong khi cùng kỳ âm trên 55,7 tỷ đồng.
Nguyên nhân được ban lãnh đạo công ty lý giải là nhờdự ánlò cao đi vào hoạt động, giúp giảm giá thành sản xuất, tăng lợi nhuận gộp từ 3,5% lên 12,7% so với cùng kỳ và chi phí lãi vay giảm 19%.
Từ tháng 2 năm nay, doanh nghiệp này đã hoàn thành và đưa vào sản xuất dự án lò cao tại nhà máy Pomina 3.
Đây được cho là bước đột phá giúp giảm giá thành sắt xây dựng, giúp tiêu thụ tối đa công suất hiện có.
Lãnh đạo doanh nghiệp đánh giá rủi ro trong năm nay là thị trường trong nước tiêu thụ chậm và xuất khẩu bị ảnh hưởng nặng do dịch bệnh, bên cạnh kỳ vọng sản xuất cũng như tiêu thụ 65% công suất nhà máy tôn (120.000 tấn/năm).
Theo Báo cáo cập nhật vào cuối tháng 5/2021, Công ty cổ phần Chứng khoán KB Việt Nam (KBSV), ngành thép thế giới nói chung và ngành thép Việt Nam nói riêng trong ngắn hạn (cụ thể là từ nay cho đến hết năm 2021) vẫn được hưởng lợi nhiều do việc giá thép được dự báo vẫn sẽ ở nằm mức cao so với các năm trước đây.
Tuy nhiên, sau đó nhiều khả năng giá thép sẽ đi vào giai đoạn ổn địnhvà bình ổn hơn, khó có thể duy trì xu hướng tăng mạnh như cuối năm 2020 và quý I năm 2021.
Các doanh nghiệp thép Việt Nam dự báo tiếp tục có 1 năm thắng lớn do việc hưởng lợi từ giá thép toàncầu đồng thời giải phóng được lượng hàng tồn kho giá rẻ trước đó.
Dự báo các doanh nghiệp đầu ngành như Hoà Phát, Hoa Sen, Nam Kim... sẽ tiếp tục ghi nhận những quý có doanh thu và lợi nhuận kỷ lục.
Giá cổ phiếu của các doanh nghiệp ngành thép cũng đã tăng rất mạnh trong khoảng 1 năm trở lại đây khi nhiều cổ phiếu đã đạt mức tăng trưởng từ 300 - 700%.
Tuy nhiên, thép cũng như các kênh hàng hóa khác thường có tính chu kỳ rõ nét, sau quá trình tăng trưởng mạnh sẽ đến giai đoạn ổn định rồi giảm trở lại.
Tiền thân của Công ty TNHH Thép Pomina là nhà máy Thép Pomina 1 do Công ty TNHH Thép Việt sáng lập vàđầu tưxây dựng.
Đến năm 2008, công ty chuyển đổi thành Công ty cổ phần Thép Pomina với số vốn điều lệ 500 tỷ đồng và cổ phiếu POM được niêm yết tại HoSE vào 2 năm sau đó.
Đóng cửa phiên giao dịch ngày 29/6, cổ phiếu POM tăng 6,7% lên 17.450 đồng/cp, khối lượng giao dịch đạt hơn 1,46 triệu đơn vị.","Thép Pomina, cổ phiếu POM, cổ phiếu ngành thép, phát hành cổ phiếu, tăng vốn điều lệ",779
https://vneconomy.vn/bac-kinh-canh-bao-tra-dua-nhung-nuoc-bat-tay-my-co-lap-trung-quoc.htm,"Bắc Kinh cảnh báo trả đũa những nước ""bắt tay"" Mỹ cô lập Trung Quốc",2025-04-22,Thế giới,"Lời cảnh báo trên được đưa ra sau khi chính quyền Tổng thống Mỹ Donald Trump được cho là đang có kế hoạch sử dụng đàm phán thương  mại để gây áp lực buộc các đối tác của Mỹ hạn chế giao thương với Trung Quốc.
Ông Trump hiện đang tạm hoãn áp dụng thuế quan đối ứng ở mức cao với nhiều đối tác thương mại của Mỹ trong 90 ngày để đàm phán, nhưng vẫn tăng thuế quan với hàng hóa Trung Quốc. Tính từ khi ông Trump nhậm chức, hàng Trung Quốc vào Mỹ chịu mức thuế quan bổ sung 145%.
""Trung Quốc kiên quyết phản đối bất kỳ quốc gia nào đồng ý với các thỏa thuận gây tổn hại đến lợi ích của Trung Quốc. Nếu điều này xảy ra, Trung Quốc sẽ không chấp nhận và sẽ kiên quyết thực hiện biện pháp đối phó có đi có lại"", hãng tin CNBC dẫn thông cáo của Bộ Thương mại Trung Quốc.
Bộ này cũng cảnh báo về rủi ro với tất cả các quốc gia trên thế giới khi trật tự thương mại quốc tế trở lại kiểu “luật rừng”. Trung Quốc khẳng định sẵn sàng hợp tác với tất cả các quốc gia để ""bảo vệ công lý và công bằng quốc tế"", đồng thời mô tả hành động của Mỹ là ""lạm dụng thuế quan"" và ""bắt nạt đơn phương"".
Đầu tháng này, Trung Quốc áp đặt thuế quan 125% với hàng hóa Mỹ để trả đũa hành động của ông Trump. Bắc Kinh cũng siết quy định xuất khẩu một số khoáng sản quan trọng và đưa một số doanh nghiệp Mỹ vào “danh sách đen” bị hạn chế tiếp cận thị trường Trung Quốc.
Trước tình hình hiện tại, giới phân tích dự báo Mỹ và Trung Quốc chưa thể đạt được bất kỳ thỏa thuận nào trong tương lai gần, dù ông Trump tuần trước nói rằng ông kỳ vọng hai bên có thể đạt được thỏa thuận trong 3-4 tuần tới.
“Với các quốc gia châu Phi hay mọi quốc gia khác, tất cả đều nên hợp tác và cùng nhau phản ứng với Mỹ”, ông Justin Yifu Lin, Viện trưởng Viện Kinh tế cấu trúc mới tại Đại học Bắc Kinh, nhận định về giải pháp cho chiến tranh thương mại tại một cuộc họp báo ngày 21/4. “Tôi tin rằng những điều vô lý và phi logic sẽ không thể tồn tại lâu được”.
Dù ông Lin không loại trừ khả năng Mỹ và Trung Quốc phân ly hoàn toàn, nhưng ông cho rằng nhiều khả năng hai bên vẫn duy trì kết nối do sự phụ thuộc của người tiêu dùng và doanh nghiệp Mỹ vào Trung Quốc.
Tuần trước, Bộ Thương mại Trung Quốc bổ nhiệm ông Lý Thành Cương làm Thứ trưởng Bộ Thương mại và là đại diện cấp cao đàm phán thương mại quốc tế, thay thế cho ông Vương Thụ Văn. Ông Lý Thành Cương hiện là đại sứ Trung Quốc tại Tổ chức Thương mại Thế giới (WTO). Bắc Kinh đã đâm đơn kiện Mỹ lên WTO vì hành động thuế quan của ông Trump.
Đến nay, Mỹ và Trung Quốc chưa có hành động cấp cao nào để tiến tới đàm phán thương mại. Tuần trước, ông Trump tuyên bố không muốn tăng thêm thuế quan với hàng hóa Trung Quốc nữa bởi điều này sẽ làm gián đoạn hoạt động giao thương giữa hai nền kinh tế. Tuy nhiên, chính quyền của ông kiên quyết muốn Bắc Kinh phải liên hệ trước để đàm phán.
Trong khi đó, phía Trung Quốc nói rằng không rõ các yêu cầu của Mỹ, đồng thời muốn Washington thể hiện sự tôn trọng và nhất quán trước khi hai bên ngôi vào bàn đám phàn.","Mỹ, thế giới, Trả đũa, Trung Quốc",730
https://vneconomy.vn/3-tinh-thanh-pho-da-co-ban-duoc-cap-dien-tro-lai.htm,"3 tỉnh, thành phố đã cơ bản được cấp điện trở lại",2024-09-10,Thị trường,"Cập nhật thông tin mới nhất về tình hình khắc phục sự cố lưới điện tại các địa phương bị ảnh hưởng nặng nề bởi bão số 3, Tập đoàn Điện lực Việt Nam (EVN) cho biết Tổng Công ty Điện lực miền Bắc (EVNNPC) đã huy động các đội xung kích từ các đơn vị bạn để hỗ trợ khắc phục sự cố lưới điện bị ảnh hưởng nặng nề bởi bão số 3 tại tỉnh Quảng Ninh, TP Hải Phòng và tỉnh Hải Dương.
Tính đến chiều ngày 10/9, tại tỉnh Quảng Ninh đã khôi phục 30% phụ tải sự cố toàn tỉnh; cơ bản khôi phục cung cấp điện cho các phụ tải quan trọng toàn tỉnh (bệnh viện, thông tin liên lạc, cấp nước sạch …); khôi phục 90% phụ tải là các mỏ than. Dự kiến trong ngày 10/9 sẽ cơ bản khôi phục cung cấp điện cho TP Hạ Long.
Tại TP. Hải Phòng đã khôi phục 80% phụ tải gặp sự cố. Tại tỉnh Thái Bình đã khôi phục được 95% phụ tải gặp sự cố.
Về khắc phục sự cố lưới điện cao áp, tính đến chiều 10/9, lưới điện 500kV đã khôi phục được 11/13 sự cố; lưới điện 220kV đã khôi phục được 37/44 sự cố, 10/10 TBA 220kV đã khôi phục; lưới điện 110kV đã khôi phục được 149/185 sự cố, đã đưa vào vận hành 93/115 TBA 110kV.
Đối với lưới điện trung, hạ áp, do ảnh hưởng bởi gió bão lớn, và hoàn lưu sau bão nhiều đường dây và trạm biến áp phân phối ở nhiều tỉnh, thành phố ở phía Bắc bị sự cố gây gián đoạn cung cấp điện diện rộng. Từ đêm hôm qua (9/9) đến chiều nay (10/9) do mưa lớn tại một số tỉnh Yên Bái, Bắc Giang, Phú Thọ, Thái Nguyên, Cao Bằng, Lào Cai nên đã gây ngập lụt tại 09 khu vực gây mất điện khoảng 562.097 khách hàng.
Hiện nay, mực nước tại các sông trên địa bàn Hà Nội đang dâng cao, một số điểm có bị ngập gây ảnh hưởng tới việc cung cấp điện. Trên địa bàn Hà Nội hiện có 173 khách hàng đang bị mất điện (tập trung tại Công ty Điện lực Chương Mỹ).
Liên quan đến tình hình các nhà máy thủy điện ở khu vực phía Bắc, EVN cho biết vẫn duy trì vận hành bình thường, lưu lượng nước lớn vẫn tiếp tục đổ về các hồ thuỷ điện do ảnh hưởng của hoàn lưu sau bão. Các hồ chứa thủy điện ở phía Bắc hiện đang thực hiện mở các cửa xả để điều tiết theo điều hành của Ban Chỉ đạo Quốc gia về Phòng chống thiên tai và Ban Chỉ đạo Phòng chống thiên tai các tỉnh/thành phố.
Tại thuỷ điện Tuyên Quang, lưu lượng về hồ tiếp tục giảm xuống còn 4.163 m3/s, mực nước thượng lưu đã giảm xuống còn 118,58m. Vào 8h00 sáng 10/9 thủy điện Tuyên Quang đã đóng 01 cửa xả. Tiếp đó lúc 12h00 tiếp tục đóng thêm  01 cửa xả đáy.
Tại hồ chứa thủy điện Thác Bà, lưu lượng về hồ lớn nhất là 5.238 m3/s lúc 05h ngày 10/9, hiện tại đã giảm xuống còn 3.600 m3/s đã thực hiện lệnh mở 03/03 cửa xả theo lệnh chỉ đạo của Bộ Nông nghiệp và Phát triển nông thôn, mực nước hồ vẫn tiếp tục tăng.
Tại hồ chứa thuỷ điện Hoà Bình, đã đóng 01 cửa xả đáy vào lúc 12h00’ theo lệnh của Bộ trưởng Bộ Nông nghiệp và Phát triển nông thôn.
Cụ thể các hồ như sau: Tuyên Quang (mở 06 cửa xả đáy ), Lai Châu (mở 01 cửa), Bản Chát (mở 01 cửa), Huội Quảng (mở 02 cửa), Hòa Bình (mở 01 cửa), Thác Bà (mở 03 cửa), Trung Sơn (mở 06 cửa), Bản Vẽ (mở 06 cửa).","Bão số 3 tàn phá miền Bắc, Cung cấp điện  sau bão Yagi, Sự cố lưới điện, thị trường",837
https://baodautu.vn/doanh-nghiep-my-danh-gia-viet-nam-la-diem-den-dau-tien-tai-asean-d50008.html,Doanh nghiệp Mỹ đánh giá Việt Nam là điểm đến đầu tiên tại ASEAN,2016-08-12,Doanh nghiệp,"Đây là kết quả khảo sát mới nhất về triển vọng kinh doanh thương mại năm  2017 tại các nước Đông Nam Á vừa được Phòng Thương mại Mỹ (Amcham) công  bố.
Phóng viên TTXVN tại Singapore dẫn nguồn Amcham Singapore cho biết kết  quả điều tra đã đưa ra một bức tranh khả quan về triển vọng tăng trưởng  và cơ hội thương mại trong ASEAN.
Theo đó, 53%doanh nghiệpđược hỏi tin rằng các thị trường ASEAN trở nên  quan trọng hơn đối với doanh thu toàn cầu của họ trong hai năm qua, 78%  số lãnh đạo doanh nghiệp dự đoán lợi nhuận năm 2017 của họ sẽ tăng so  với năm trước và 49% cho biết sẽ tăng lực lượng lao động tại ASEAN trong  công ty họ vào cuối năm 2016.
Đa số người được khảo sát (87%) dự đoán mức độđầu tưvà giao thương của công ty mình vào ASEAN sẽ tăng trong 5 năm tới.
Đáng chú ý, 40% doanh nghiệp Mỹ cho rằng Việt Nam là quốc gia đứng đầu  trong ASEAN để họ mở rộng kinh doanh và đầu tư trong năm tới, xếp thứ  hai là Indonesia và tiếp theo là Myanmar, Thái Lan, Phillipines.
Việt Nam cũng đứng đầu các nước trong ASEAN về thu hút vốn đầu tư của  các doanh nghiệp Mỹ có kế hoạch chuyển dần đầu tư ra khỏi Trung Quốc  trong hai năm tới với 27%, tiếp đến là Campuchia, Malaysia và Lào.
Các doanh nghiệp tham gia khảo sát đánh giá thế mạnh, lợi thế so sánh  của Việt Nam là giá thuê nhân công cạnh tranh (65%); bảo mật an ninh cá  nhân (65%); hệ thống chính trị ổn định (64%); cơ sở hạ tầng (61%); ổn  định của hệ thống pháp luật (54%).
Hầu hết các nhà quản lý doanh nghiệp cho rằng môi trường đầu tư kinh doanh tại Việt Nam đã được cải thiện đáng kể.
Tuy nhiên, một số thách thức của Việt Nam trong những năm qua cũng như  trong năm tới vẫn là tham nhũng (71%); thiếu sự đảm bảo của địa phương  (46%).
Theo khảo sát, khoảng 50% doanh nghiệp Mỹ cho rằng hội nhập ASEAN có tác  động tích cực tới đầu tư kinh doanh của các doanh nghiệp Mỹ tại Việt  Nam.
Tại Lào con số này là 83%, Campuchia là 58%; còn đối với các nước phát triển như Singapore, Indonesia chỉ 35%.
Bên cạnh đó, hơn 1/2 số doanh nghiệp Mỹ cùng nhìn nhận Hiệp định Đối tác  xuyên Thái Bình Dương (TPP) có ảnh hưởng đến kế hoạch đầu tư của họ vào  Việt Nam và đối với cả ASEAN nói chung.
Các doanh nghiệp Mỹ cho rằng Cộng đồngkinh tếASEAN (AEC) sẽ đem lại  ảnh hưởng tích cực cho các công ty mở rộng thị trường xuất khẩu đến các  nước thứ ba, cũng như tạo thuận lợi cho việc chuyển dịch lao động, chiến  lược marketing, hay giảm chi phí giao dịch và đầu tư kinh doanh.
Tuy nhiên, những quan ngại chủ yếu của các doanh nghiệp Mỹ chủ yếu vẫn  là vấn đề tham nhũng, thiếu minh bạch và các rào cản thương mại.
Kết quả khảo sát về triển vọng kinh doanh tại các nước trong ASEAN 2017  là báo cáo thứ 15 do Amcham thực hiện và là năm thứ 4 thu thập dữ liệu,  đánh giá từ tất cả 10 nước ASEAN.
Kết quả này được thực hiện và tổng hợp dựa trên ý kiến của hàng nghìn  giám đốc điều hành doanh nghiệp Mỹ (là thành viên của Amcham Singapore  cũng như Phòng Thương mại Mỹ tại các nước ASEAN) đang hoạt động kinh  doanh và đầu tư tại các nước ASEAN.","Phòng Thương mại Mỹ, Amcham, Doanh nghiệp Mỹ, nhà đầu tư Mỹ, ASEAN, thu hút vốn đầu tư của các doanh nghiệp Mỹ, đầu tư từ Mỹ",725
https://vneconomy.vn/truyen-thong-the-gioi-diem-ten-khu-cong-nghiep-det-may-xanh-sach-ben-vung-aurora-ip.htm,Truyền thông thế giới điểm tên Khu công nghiệp Dệt may xanh - sạch - bền vững Aurora IP,2022-06-27,Bất động sản,"Theo nhận định của Bloomberg, trong bối cảnh triển vọng tăng trưởng ngành dệt may thế giới đang trên đà khởi sắc, Việt Nam vẫn giữ vững vị trí nước xuất khẩu dệt may hàng đầu tại thị trường Mỹ và EU.
Những dự án đầu tư bất động sản công nghiệp chuyên ngành xanh như Aurora IP sẽ góp phần không nhỏ vào việc phát triển nguồn cung bền vững cho ngành dệt may Việt Nam trong dài hạn.
Dệt may là một trong những ngành kinh tế mũi nhọn của Việt Nam với thị phần xuất khẩu đứng thứ hai thế giới chỉ sau Trung Quốc, nhưng từ xưa đến nay lại đang bị đánh giá là mang lại hệ luỵ làm ô nhiễm môi trường nước (đặc biệt trong khâu dệt nhuộm), không khí, chất thải rắn… nghiêm trọng và bị coi là gánh nặng đối với hệ sinh thái. Chính vì vậy việc “Xanh hoá” ngành dệt may là xu hướng chiến lược phát triển tất yếu.
Với sứ mệnh tiên phong xây dựng và phát triển khu công nghiệp dệt may xanh - sạch - bền vững tại Việt Nam, Aurora IP được kỳ vọng sẽ từng bước tháo gỡ những thách thức của toàn ngành, góp phần giữ vững vị thế dẫn đầu của dệt may Việt Nam trên thị trường quốc tế.
Các hãng tin đều đưa ra những phản hồi tích cực về tiềm năng phát triển của dự án này. Được đầu tư, triển khai đồng bộ từ quy hoạch, thiết kế đến thi công, Aurora IP là một trong số rất ít khu công nghiệp tại Việt Nam sở hữu đầy đủ tiềm lực, cơ sở pháp lý, hạ tầng đồng bộ để xây dựng các nhà máy hạ tầng kỹ thuật cao, đáp ứng yêu cầu khắt khe của quy trình dệt nhuộm.
Công tác bảo vệ môi trường đặc biệt được chú trọng, từ hệ thống chiếu sáng và giám sát công cộng (khuyến khích sử dụng điện năng lượng mặt trời), hệ thống cấp nước (đầu tư hệ thống khai thác và xử lý nước mặt sông thay vì hút nước ngầm), xử lý chất thải,... Hệ thống xử lý nước thải của Aurora IP được thiết kế đồng bộ với công suất lên đến 110.000 m3/ngày, sử dụng công nghệ tiên tiến, đảm bảo đáp ứng nhu cầu xử lý nước thải cho toàn khu công nghiệp trước khi thải ra môi trường.
Hướng tới xây dựng hệ sinh thái công nghiệp bền vững, Aurora IP cũng đảm bảo an ninh cuộc sống và môi trường làm việc thuận lợi cho các chuyên gia và công nhân. Cùng với phát triển hạ tầng công nghiệp, Aurora IP kết hợp cung cấp đầy đủ tiện ích dịch vụ, sinh hoạt, giải trí, an sinh, mang đến cuộc sống tiện nghi, hiện đại cho nguồn nhân lực gắn bó với khu công nghiệp.
Ông Trần Quốc Việt - Chủ tịch Hội đồng Quản trị kiêm Tổng giám đốc Cát Tường Group cho biết: “Chúng tôi rất tự hào là một trong những công ty bất động sản tiên phong trong xu hướng kiến tạo ra khu công nghiệp chuyên ngành dệt nhuộm xanh, mang đến môi trường đầu tư thuận lợi, đạt tiêu chuẩn quốc tế cho các nhà đầu tư nước ngoài. Sự quan tâm giới truyền thông dành cho Aurora IP chính là động lực thúc đẩy chúng tôi phát huy tốt hơn nữa vai trò của mình đối với sự phát triển của ngành dệt may. Cát Tường Group cam kết theo đuổi sứ mệnh phát triển khu công nghiệp dệt may xanh - sạch - bền vững đầu tiên tại Việt Nam.”
Website: https://auroraip.vn/Email: info@auroraip.vnPhone: +84 228 885 6886.",Khu công nghiệp Dệt may xanh - sạch - bền vững Aurora IP,752
https://baodautu.vn/nhan-dien-9-thoi-quen-cua-nhung-nguoi-that-bai-d76504.html,Nhận diện 9 thói quen của những người thất bại,2018-01-30,Ngân hàng - Bảo hiểm,"Không ai hoàn hảo, phần lớn trong chúng ta đều mắc phải một vài thói quen xấu ở một vài thời điểm nhất định. Nhìn chung, một thói quen xấu không thể phá hỏng toàn bộ cuộc đời bạn. Tuy nhiên, trong những trường hợp cực đoan, những thói quen xấu sẽ nhấn chìm mọi nỗ lực của bạn, khiến bạn không thể thành công và kết cục là mãi nghèo khó.
Dưới đây là 9 thói quen của những người thất bại, theo liệt kê của Business Insider, bạn nên tránh nếu không muốn cũng đi vào vết xe đổ như họ.
Chắc chắn ai cũng có lúc trễ giờ, nhưng để trễ trở thành thói quen thì  không thể chấp nhận được trong một môi trường chuyên nghiệp. Thiếu sự  chuẩn bị, nước đến chân mới nhảy khiến bạn trở nên luộm thuộm và thiếu  tin cậy.
Một nghiên cứu của Đại học San Francisco đã phát hiện ra ""tính trễ kinh  niên có liên quan tới các đặc điểm tính cách nhất định, bao gồm lo lắng,  thiếu tự chủ và có khuynh hướng mạo hiểm"".
Hoàn toàn bình thường nếu bạn không thích và không tin vào một số  người nhất định. Nhưng giữ sự ác cảm trong lòng lâu dài sẽ làm lãng phí  những thời gian giá trị cũng như năng lượng của bạn. Một nghiên cứu của  Trường cao đẳng Hope (Mỹ) phát hiện ra, cứ giữ sự ác cảm, thù ghét có  thể có những tác hại tiêu cực tới sức khỏe. Vì thế, hãy học cách bỏ qua  và tha thứ.
Vâng lời thầy cô có thể coi là chiến thuật tốt để thành công ở trường  cấp hai, nhưng bây giờ, bạn là một người lớn trưởng thành và có một công  việc cụ thể. Hãy ngừng quan tâm thái quá về những gì người khác nghĩ và  làm theo người khác chỉ vì muốn yên ổn khi làm cùng nhau. Hãy làm những  gì thực sự tốt cho bạn.
Nếu lúc nào bạn cũng bị thâm thủng ngân sách, bạn đang tự đẩy mình vào  những tai họa vềtài chínhlâu dài. Tiết kiệm là việc rất cần thiết cho  tương lai của bạn.
Sự do dự, thiếu quyết đoán có thể khiến bạn mất thời gian, tiền bạc và thậm chí cả sự tôn trọng của người khác.
Thật dễ dàng để rơi vào cái bẫy của việc từ thêu dệt những điều nhỏ mà  buộc phải chìm sâu vào những lời nói dối lớn hơn. Hãy bỏ ngay thói quen  đó.
Trong cuộc sống và sự nghiệp của bạn, đôi khi bạn cần phá bỏ một số cây  cầu, nếu đứng phía bên kia là một kẻ độc hại. Tuy nhiên, những trường  hợp này chỉ là ngoại lệ chứ không thể là quy tắc. Khi bạn chuyển qua các  giai đoạn khác nhau trong sự nghiệp của mình, đừng vội xa lánh những  người mà bạn tiếp xúc. Bởi rất có thể bạn sẽ gặp lại họ trong những  chặng đường sau này của mình.
Bạn có thể rất thành công nhưng thành công sẽ không có ý nghĩa lâu dài  nếu bạn không duy trì tốt sức khỏe của mình. Đừng cho phép sự căng thẳng  khiến bạn bỏ mặc tập thể dục, ăn uống không lành mạnh và bỏ bê bản  thân. Sớm hay muộn, những lựa chọn này sẽ làm hỏng cuộc sống của bạn.
Ngôn ngữ cơ thể tạo ra sự khác biệt lớn trong cách mọi người cảm nhận về  chúng ta - điều này thường quan trọng hơn những gì bạn nói.
Đó là lý do tại sao những thói quen xấu về ngôn ngữ cơ thể - như tiếp  xúc mắt kém và dáng ngồi không tự tin - rất nguy hiểm. Bạn có thể phá  hoại cơ hội của mình trước khi bạn cất lời.","thói quen, thói quen của người thất bại, người thất bại, tránh thất bại",750
https://baodautu.vn/dong-thap-la-hinh-mau-cua-vung-trong-thu-hut-moi-goi-dau-tu-d74430.html,Đồng Tháp là hình mẫu của vùng trong thu hút mời gọi đầu tư,2017-12-19,Đầu tư,"Tham dự Hội nghị có trên 500 đại biểu là lãnh đạo các bộ ngành trung cương, các tỉnh thành trong vùng, các cơ quan ngoại giao, các tổ chức quốc tế, tổ chức tín dụng, cácdoanh nghiệpvà nhàđầu tưtrong và ngoài nước. Thủ tướng Nguyễn Xuân Phúc đã dự và phát biểu chỉ đạo Hội nghị.
Ông Lê Minh Hoan- Bí thư Tỉnh ủy Đồng Tháp đã phát biểu chào mừng tất cả các nhà đầu tư đã, đang và có ý định về đầu tư tại “Đất Sen Hồng”- vùng đất tuy còn nhiều khó khăn thử thách nhưng bằng quyết tâm phát huy nội lực, cải các mạnh mẽ về thủ tuc hành chính và cam kết một chính quyền Đồng Tháp thân thiện, minh bạch và hiệu quả, bằng mọi phương cách và sáng tạo trong cách nghĩ, cách làm và trong hành động, tất cả vì sự phát triển không chỉ riêng cho trên 1 triệu người dân Đồng Tháp mà còn vì tương lai cho gần 19 triệu người dân của vùng ĐBSCL, đó cũng là sứ mệnh và vinh dự lớn lao và tự hào cho tỉnh nhà, mà Đồng Tháp quyết tâm theo đuổi và nhất định thành công.
Những năm gần đây, Đồng Tháp luôn dẫn đầu các mô hình về cầu thị lắng nghe và chia sẻ với nhà đầu tư, đặc biệt là điểm sáng về năng lực cải cách thủ tục hành chính, cafédoanh nhân, sáng tạo và đồng hành cùng doanh nghiệp, nhất là tạo dựng môi trường đầu tư kinh doanh thông thoáng được các nhà đầu tư đặt niềm tin.
Tại Hội nghị này lãnh đạo tỉnh Đồng tháp đã trao quyết định chủ trương đầu tư cho 21dự án,  23 nhà đầu tư cam kết hợp tác đầu tư với tổng mức vốn đầu tư trên 30.000 tỷ đồng. Đồng thời các tổ chức tín dụng trong và ngoài nước cũng cam kết cho vay  50.000 tỷ đồng cho 10 dự án phục vụ phát triểnkinh tế- xã hội trên địa bàn Đồng Tháp.
Vui mừng với những bước đi đúng, trúng và rất sáng tạo, quyết liệt của tỉnh Đồng Tháp theo định hướng chỉ đạo của Chính phủ về thu hút mời gọi đầu tư và đồng hành cùng doanh nghiệp, Thủ tướng Chính phủ đề nghị tỉnh Đồng Tháp cần phải tiếp tục phát huy những kết quả đạt được.
Đặc biệt, Thủ tướng nhấn mạnh Đồng Tháp phải là hình mẫu về thu hút đầu tư, nhất là vào lĩnh vực nông nghiệp- nông thôn- nông dân, sự thành công bước đầu dáng ghi nhận của Đồng Tháp cũng chính là sự thành công của vùng ĐBSCL và cả nước và của Chính phủ trong đẩy mạnh Tái cơ nông nghiệp, trong đó Đồng tháp được Chính phủ chọn là tỉnh đi đầu tưtái cơ cấuvề kinh tế nông nghiệp.
Đồng thời Thủ tướng cũng mong các nhà đầu tư hãy đến vàkhởi nghiệptại Đồng Tháp với một niềm tin vững vàng và đề nghị  các doanh nghiệp, các nhà đầu tư có tâm huyết xem Đồng Tháp là quê hương thứ hai, vì mục tiêu phát triển lâu dài, bền vững và cùng thàng công nơi “Đất lành chim đậu”.
Ông Nguyễn Văn Dương- Chủ tịch UBND tỉnh Đồng Tháp chân thành cám ơn sự chỉ đạo ân cần và nhắn nhủ chân tình của Thủ tướng với tỉnh Đồng Tháp và các nhà đầu tư. Đồng thời ông Dương cũng thay mặt lãnh đạo tỉnh Đồng Tháp cam kết cùng Thủ tướng sẽ phát huy tiếp những thành công, không tự mãn với kết quả đạt được, đặc biệt không ngừng đổi mới, kiến tạo và là điểm tựa để doanh nghiệp, nhà đầu tư đến khởi nghiệp và lập nghiệp thành công tại “Đất Sen Hồng”.","xúc tiến đầu tư Đồng Tháp, Đồng Tháp",766
https://vneconomy.vn/con-gai-chu-tich-msn-dang-ky-mua-10-trieu-co-phieu.htm,Con gái Chủ tịch MSN đăng ký mua 10 triệu cổ phiếu,2024-10-25,Chứng khoán,"Bà Nguyễn Yến Linh thông báo giao dịch cổ phiếu của người có liên quan đến Người nội bộ Công ty Cổ phần Tập đoàn MaSan (mã MSN-HOSE).
Theo đó, bà Nguyễn Yến Linh – con gái của ông Nguyễn Đăng Quang, Chủ tịch HĐQT MSN vừa thông báo đăng ký mua 10 triệu cổ phiếu MSN để tăng sở hữu. Giao dịch dự kiến được thực hiện theo phương thức thoả thuận và/hoặc khớp lệnh trong khoảng thời gian từ ngày 29/10 đến ngày 18/11/2024.
Theo bản đăng ký, thì con gái ông Nguyễn Đăng Quang không nắm giữ cổ phiếu MSN nào. Còn ông Nguyễn Đăng Quang chỉ nắm giữ trực tiếp có 18 cổ phiếu MSN. Vợ ông Quang là bà Nguyễn Hoàng Yến nắm giữ gần 50,9 triệu cổ phiếu MSN, chiếm 3,36%.
Theo báo quản trị của MSN, tuy không sở hữu cổ phiếu trực tiếp nhưng ông Nguyễn Đăng Quang lại đang sở hữu gián tiếp cổ phần tại Masan Group thông qua CTCP Masan và đây là cổ đông lớn nhất tại Masan Group nắm giữ gần 446.278.464 cổ phiếu MSN, chiếm 31,19%. Tại Masan, ông Nguyễn Đăng Quang đang giữ chức Chủ tịch HĐQT kiêm Tổng giám đốc.
Ngoài cổ phiếu MSN, ông Nguyễn Đăng Quang còn đang nắm giữ trực tiếp gần 19 triệu cổ phiếu Techcombank (mã TCB) và khoảng hơn 30.000 cổ phiếu Masan Consumer Holdings (mã MCH).
Chốt phiên ngày 24/10, giá cổ phiếu MSN giảm 1,13% còn 78.500 đồng/cổ phiếu và tăng hơn 17% từ đầu năm 2024 đến nay. Ước tính mức giá này, con gái ông Quang dự chi 785 tỷ để sở hữu số cổ phiếu trên.
Về kết quả kinh doanh quý 3/2024, doanh thu thuần của Masan đạt 21.487 tỷ đồng, tăng 6,6% so với cùng kỳ năm trước. Theo MSN điều này có được nhờ sự tăng trưởng từ các mảng kinh doanh tiêu dùng bán lẻ giúp bù đắp lại hoạt động tái cấu trúc mảng gà trang trại của Masan MeatLife và hoạt động kinh doanh bị gián đoạn tạm thời của Masan High-Tech Materials.
Lợi nhuận sau thuế cổ đông công ty mẹ đạt 701 tỷ đồng, tăng gần 1.400% so với cùng kỳ năm ngoái. Kết quả này là thành quả của khả năng sinh lời từ các mảng kinh doanh tiêu dùng bán lẻ. Ngoài ra công ty còn ghi nhận chi phí lãi vay ròng giảm và việc không phát sinh chi phí do biến động tỷ giá hối đoái. Masan đã phòng ngừa rủi ro 100% khoản vay USD dài hạn kể từ đầu năm.
Kế hoạch cho quý 4/2024, công ty dự kiến đạt 2.726 tỷ đồng lợi nhuận sau thuế trước phân bổ cổ đông thiếu số (NPAT Pre-MI) và 1.308 tỷ đồng lợi nhuận sau thuế sau phân bố cổ đông thiểu số (NPAT Post-MI) trong 9 tháng năm 2024, MSN đã hoàn thành 130,8% kế hoạch LNST kịch bản cơ sở được cổ đông phê duyệt vào đầu năm.
Đáng chú ý, ban lãnh đạo sẽ tiếp tục cải thiện kết quả kinh doanh trong quý 4/2024 với kỳ vọng tiến gần đến kế hoạch lợi nhuận kịch bản tích cực của năm 2024 nhờ vào: Tiếp tục tập trung vào tăng trưởng lợi nhuận với trọng tâm là mảng kinh doanh tiêu dùng bán lẻ cốt lõi; Tối ưu hóa chương trình Hội viên WIN để tạo ra giá trị cho doanh nghiệp và các thương hiệu đối tác của Masan; Giảm nợ hơn nữa để cải thiện bảng cân đối kế toán và giảm chi phí tài chính và giảm sở hữu ở các lĩnh vực kinh doanh ngoài ngành trong khi vẫn duy trì chiến lược phân bổ vốn chặt chẽ.","chứng khoán, MSN",791
https://baodautu.vn/batdongsan/long-an-ubnd-tinh-yeu-cau-nam-2020-khong-de-xuat-hien-tinh-trang-xay-dung-khong-phep-d115903.html,Long An: UBND tỉnh yêu cầu năm 2020 không để xuất hiện tình trạng xây dựng không phép,2020-02-12,Chuyển động thị trường,"Cụ thể, văn bản do Chủ tịch UBND tỉnh Long An Trần Văn Cần ghi rõ, giao Sở Xây dựng chỉ trì phối hợp với các cơ quan liên quan kiểm soát thị trườngbất động sảnphát triển lành mạnh, ổn định, không để tình trạng sốt đất diễn ra ảnh hưởng không tốt đến sự phát triển của tỉnh.
Tiếp tục thực hiệntái cơ cấuthị trường bất động sản gắng với thực hiện chiến lực phát triển nhà ở quốc gia, đặc biệt là nhà ở xã hội, khắc phục lệch pha cung cầu, phát triển đa dạng hàng hóa bất động  sản.
Đôn đốc bảo đản hạ tầng kỹ thuật tất cả các khu tái định cư, giao đủ đất tái định cư cho người dân, ổn định cuộc sống.
Kiểm tra, hướng dẫn, hỗ trợ phê duyệt các quy hoạch củadự ánlớn như Vingroup, VSIP, Ecoland…, các dự án khu, cụm công nghiệp mới, các dự án khu dân cư đô thị để tổ chức đấu thầu lựa chọn nhàđầu tưtheo Nghị định 30/2015/NĐ-CP ngày 17/3/2015 của Chính phủ.
Kiểm tra, hỗ trợ cấp huyện xử lý dứt điểm tình trạng xây dựng trái phép trên địa bàn tỉnh, kiên quyết không để xảy ra tình trạng xây dựng không phép.
Tiếp tục tăng cường chấn chỉnh công tác quy hoạch xây dựng, quản lý phát triển đô thị theo quy hoạch được duyệt trên địa bàn. Đẩy nhanh thực hiện tiến độ các quy hoạch xây dựng trọng điểm như đồ án quy hoạch chung xây dựng dọc hai bên trục hạ tầng giao thông kết nối Tiền Giang - Long An - TP.HCM, quy hoạch phân khu xây dựng dọc hai bờ sông Vàm Cở Tây, quy hoạch chi tiết xây dựng Khu liên hợp văn hóa thể dục thể thao tỉnh…
Được biết, tháng 7 năm 2019, Sở Xây dựng tỉnh Long An đã bị UBND tỉnh kiểm điểm vì chưa thực hiện tốt vai trò quản lý nhà nước theo chức năng nhiệm vụ đối với 2 dự án nhiều sai phạm trên địa bàn.
Trong các kết luận thanh tra, UBND tỉnh Long An cũng cho rằng Sở Xây dựng chưa thực hiện tốt vai trò quản lý nhà nước theo chức năng nhiệm vụ đối với dự án.
Cụ thể, tại dự án khu dân cư Hưng Thịnh Cát Tường, Sở chưa kiên quyết trong việc phối hợp với UBND huyện để xử phạt vi phạm hành chính trong lĩnh vực xây dựng như xây dựng hạ tầng dự án, xây dựng nhà ở, khi chưa được cơ quan có thẩm quyền thẩm định thiết kế cơ sở, bản vẽ thi công và cấp phép xây dựng… theo quy định tại Nghị định 59/2015/NĐCP về quản lý đầu tư xây dựng.
Còn tại dự án HomeLand Gold, Sở Xây dựng chưa lập thủ tục xử phạt vi phạm hành chính trong lĩnh vực xây dựng theo khoản 1 Điều 12 và khoản 5 Điều 15 Nghị định số 139/2017/NĐ-CP đối với việc xây dựng văn phòng công ty trên phần đất dự án khi chưa được cơ quan có thẩm quyền thẩm định thiết kế cơ sở, bản vẽ thi công và cấp phép xây dựng.
Do đó, Sở Xây dựng bị kiểm điểm trách nhiệm trong việc chưa kịp thời kiểm tra và xử phạt vi phạm hành chính theo chức năng nhiệm vụ và thẩm quyền.
Cũng trong năm 2019, tình hình xây dựng không phép tại tỉnh diễn biến phức tạp. Sở Xây dựng liên tục phát triển những dự án sai phạm trong việc xây dựng như dự án Bella Vista, Dự án Villa Long Phú… được chủ đầu tư xây dựng khi chưa có giấy phép và đầy đủ pháp lý.","Sở Xây dựng tỉnh Long An, HomeLand Gold, Hưng Thịnh Cát Tường, Vingroup, Vsip, Ecoland, xây dựng không phép Long An",747
https://vneconomy.vn/dao-chieu-trong-ngay-gia-vang-trong-nuoc-bam-sat-nguong-87-trieu-dong-luong.htm,"Đảo chiều trong ngày, giá vàng trong nước bám sát ngưỡng 87 triệu đồng/lượng.",2025-01-20,Tài chính,"Cập nhật chiều ngày 20/1, công ty SJC niêm yết giá vàng miếng lần lượt ở mức 84,9 triệu đồng/lượng mua vào và bán ra 86,9 triệu đồng/lượng. So với phiên sáng cùng ngày, giá vàng tăng 200 nghìn đồng/lượng theo cả hai chiều mua và bán.
Tuy nhiên, nếu so với chốt phiên cuối tuần trước (ngày 18/1) giá vàng miếng SJC đi ngang.
Bốn ngân hàng thương mại cổ phần được Ngân hàng Nhà nước chi phối vốn gồm Agribank, BIDV, Vietcombank và VietinBank vẫn giữ nguyên giá bán vàng miếng SJC là 86,7 triệu đồng/lượng từ phiên sáng cùng ngày.
Tại TPBank, công bố giá mua/bán vàng miếng SJC lần lượt là 84,7 triệu đồng/lượng và 86,7 triệu đồng/lượng. So với phiên ngày hôm trước, giá vàng miếng SJC giảm 200 nghìn đồng/lượng theo cả hai chiều mua và bán.
Tương tự, DOJI công bố giá mua vàng miếng SJC là 84,7 triệu đồng/lượng và bán ra 86,7 triệu đồng/lượng.
Ngân hàng Eximbank, PNJ và Bảo Tín Minh Châu đều công bố giá giao dịch vàng miếng SJC ở mức 84,9 – 86,9 triệu đồng/lượng.
Trong khi Phú Quý công bố giá mua vào vàng miếng là 84,7 triệu đồng/lượng, bán ra 86,9 triệu đồng/lượng.
Có giá bán vàng miếng SJC thấp nhất thị trường là Mi Hồng. Doanh nghiệp này công bố giá mua vào là 85,4 triệu đồng/lượng và bán ra chỉ 86,3 triệu đồng/lượng.
Niêm yết giá mua vàng miếng SJC cao nhất thị trường là ngân hàng ACB với giá mua vào là 85,5 triệu đồng/lượng; bán ra 86,9 triệu đồng/lượng.
Trên thị trường tự do, mặt hàng vàng miếng SJC có mức giá bán ra dao động từ 85,8 – 87,5 triệu đồng/lượng. Do số lượng giao dịch hạn chế nên nhiều buôn lái chuyển hướng sang thu mua các loại vàng nhẫn của các thương hiệu lớn trên thị trường không chính thức.Mặc dù vậy, theo khuyến cáo từ nhiều chuyên gia, người dân nên lựa chọn giao dịch vàng tại những cơ sở uy tín, được Nhà nước cấp phép để tránh mua phải vàng giả, vàng kém chất lượng.
Đối với vàng nhẫn, công ty SJC công bố giá mua vào là 84,6 triệu đồng/lượng, bán ra 86,3 triệu đồng/lượng, tăng 200 nghìn đồng/lượng theo cả hai chiều mua và bán so với phiên thay đổi gần nhất.
Nhẫn tròn trơn của Bảo Tín Minh Châu có giá mua vào là 84,6 triệu đồng/lượng, 100 nghìn đồng/lượng; bán ra 86,85 triệu đồng/lượng, tăng 200 nghìn đồng/lượng.
Nhẫn tròn Hưng Thịnh Vượng của Tập đoàn DOJI mua vào tại 84,4 triệu đồng/lượng và bán ra 86 triệu đồng/lượng. So với phiên thay đổi gần nhất, giá vàng nhẫn của DOJI giảm 200 nghìn đồng/lượng theo cả hai chiều mua và bán.
Nhẫn trơn PNJ tăng 100 nghìn đồng theo cả hai chiều mua và bán. Hiện có giá mua vào là 84,7 triệu đồng/lượng và bán ra 86,2 triệu đồng/lượng,
Mi Hồng tăng giá niêm yết giá vàng nhẫn 999 lên 100 nghìn đồng/lượng theo cao chiều mua bán, hiện giao dịch ở mức 85,2 triệu đồng/lượng mua vào và 86,2 triệu đồng/lượng bán ra.
Trên thế giới, giá vàng giao ngay lúc 15h ngày 20/1 ở mức 2.704 USD/ounce và giá vàng kỳ hạn là 2.722 USD/ounce. Quy đổi theo tỷ giá ngân hàng, giá vàng thế giới tương đương 82,7 triệu đồng/lượng, thấp hơn giá vàng miếng SJC trong nước khoảng 4,2 triệu đồng/lượng.","giá vàng hôm nay, tài chính, thị trường vàng",842
https://baodautu.vn/batdongsan/dat-nen-ven-bien-mien-trung-gia-tam-trung-d38430.html,Đất nền ven biển miền Trung giá tầm trung,2016-01-14,Dự án - quy hoạch,"Sở hữu đường bờ biển kéo dài với những bãi cát trắng mịn, dài ngút mắt, và có tới 3 di sản thế giới bao quanh như: Cố đô Huế, Hội An và Mỹ Sơn. Nhiều nhàđầu tưlạc quan rằng bờ biển miền Trung trong tương lai sẽ trở thành một trung tâm du lịch quốc tế giống như đảo Bali (Indonesia) hay Phuket (Thái Lan) và giá BĐS nơi đây sẽ không ngừng gia tăng.
Nhờ lợi thế về vị trí, cảnh quan môi trường sống, cơ sở hạ tầng, nhiềudự ánbiệt thự nghỉ dưỡng ven biển Đà Nẵng, Hội An có giá lên tới hàng triệu đô. Trước đây việc lựa chọn đầu tư vào các dự án đất nền ven biển thường khá đắt và chỉ dành cho các nhà đầu tư có nguồn vốn lớn, dài hạn. Thời điểm hiện tại một số chủ đầu tư đã khai thác, phát triển và mở rộng thị trường sang phân khúc trung bình, tạo ra nguồn cung mới cho thị trường BĐS đầy tiềm năng này.
Thông thường, để được hưởng các tiện ích 5 sao đạt chuẩn quốc tế, khách hàng phải chi trả hàng chục triệu đồng mỗi m2, hoặc từ 5- 7 triệu đồng/m2 ở các khu vực lân cận xung quanh. Tuy nhiên, do nằm trên điểm giao thoa giữa Đà Nẵng và Quảng Nam nên Sentosa City được hưởng trọn vẹn cơ sở hạ tầng của 2 địa phương nhưng lại có mức giá cực kì ưu đãi chỉ từ 300 triệu/ lô, mỗi lô có diện tích từ 87,5m2 –  260m2. Đây được coi là điểm khác biệt độc đáo và hấp dẫn nhất của Sentosa City mà khó có dự án nào đáp ứng được
Cách đây 5 – 7 năm, các nhà đầu tư chiến lược đã nhìn thấy thị trường BĐS Đà Nẵng đầy tiềm năng. Giá BĐS thời điểm đó khá thấp nhưng nhờ có quy hoạch ổn định, cơ sở hạ tầng đồng bộ, giá trị địa ốc nơi đây đã tăng kỷ lục tới 10 - 15%. Những dự án đó ngày nay đã được đầu tư và phát triển thành các khu nghỉ dưỡng, khu đô thị cao cấp có trị giá hàng trăm triệu đô.
Nhiều chuyên gia nhận định, với dự án Sentosa City, cơ hội đầu tư sinh lời là rất lớn. Nằm dọc theo bờ biển phía Nam Đà Nẵng và là điểm giao thoa giữa Đà Nẵng và Quảng Nam, dự án cách sân bay Đà Nẵng 15 phút nên có khả năng kết nối thuận tiện trong và ngoài nước, và liền kề sân golf, chỉ mất 07 phút đếnCasinoQuốc tế Crown, trung tâm vui chơi giải trí quy mô 4-5 sao khác… Với mức giá trung bình 300 triệu/ lô, Sentosa City là cơ hội hấp dẫn cho các nhà đầu tư có tầm nhìn dài hạn.
Đặc biệt, từ dự án khách hàng có thể dễ dàng di chuyển đến những địa điểm lân cận nhanh chóng như: bãi biển Viễn Đông cách 900m, di chuyển bằng ôtô và 15 phút đến phố cổ Hội An.
Sentosa City được bao quanh bởi các khu nghỉ dưỡng 5 sao như: Furama, The- Empire, Ocean Villas, The Dunes, Hyatt và hai sân golf đẳng cấp châu Á. Bên cạnh đó, với định hướng phát triển du lịch sinh thái dọc theo dòng sông Cổ Cò nối liền Đà Nẵng và Quảng Nam, Sentosa City sẽ được thừa hưởng những điều kiện cơ sở hạ tầng đồng bộ và hội tụ đủ các yếu tố xúc tác quan trọng để gia tăng giá trị.
Với tất cả những ưu điểm kể trên, việc đầu tư 300 triệu đồng để sở hữu một lô đất nền ven biển phân lô như Sentosa City với sổ đỏ trao tay – hạ tầng hoàn thiện là cơ hội hấp dẫn “có một không hai” dành cho các nhà đầu tư trung và dài hạn.","BĐS miền Trung, BĐS ven biển, BĐS nghỉ dưỡng, dự án Sentosa City",795
https://baodautu.vn/jt-express-canh-tranh-bang-chat-luong-dich-vu-la-chien-luoc-lau-dai-d179034.html,J&T Express: Cạnh tranh bằng chất lượng dịch vụ là chiến lược lâu dài,2022-11-30,Thông tin doanh nghiệp,"Dự kiến tới năm 2030, dịch vụ chuyển phát nhanh dự kiến sẽ đạt tổng giá trị 4,88 tỷ USD, tương ứng tốc độ tăng trưởng kép hàng năm là 24,1%. Bên cạnh tốc độ tăng trưởng và cơ hội tiềm năng, thị trường chuyển phát nhanh đang có biên lợi nhuận tương đối thấp do chi phí cao và sự kém hiệu quả, buộc cácdoanh nghiệpchuyển phát phải tối ưu hóa quy trình và bộ máy để giảm thiểu chi phí, tăng hiệu quả vận hành và chất lượng dịch vụ.
“Các nhà bán hàng có nhu cầu tìm giải pháp vận chuyển hàng nhanh, đáp ứng thời gian giao hàng khi lượng đơn hàng cao đột biến, tạo áp lực lên hệ thống hậu cần, chuỗi cung ứng, hệ thống phân phối.”, Thứ trưởng Bộ Kế hoạch Đầu Tư nhận định.
Để đáp ứng nhu cầu thị trường, J&T Express là đơn vị chuyển phát nhanh sở hữu trung tâm trung chuyển lớn bậc nhất Việt Nam với hơn 1.900 bưu cục, 850 xe vận tải, 19.000 nhân viên, 36 trung tâm trung chuyển.
J&T Express mang đến mô hình dịch vụ đa dạng - từ chuyển phát tiêu chuẩn; dịch vụ chuyển phát nhanh như giao nhanh, nhận giao hàng hóa cồng kềnh, đặt giao hàng dễ dàng trên nhiều nền tảng; siêu dịch vụ giao hàng cao cấp J&T Super vận chuyển hỏa tốc, ổn định và bảo mật cho đến giao hàng tươi sống; dịch vụ giao hàng J&T International giúp người dùng tra cứu hành trình quốc tế. Bên cạnh đó, J&T Express chú trọng nâng cao và hoàn thiện chất lượng dịch vụ theo hướng hỗ trợ người bán hàng, duy trì hợp tác với các nền tảng thương mại điện tử. Qua khảo sát “Để mình hiểu nhau hơn”, J&T Express đã nhận những phản hồi tích cực từ người dùng, nổi bật là yếu tố giao hàng xuyên suốt 365 ngày.
J&T Express tăng cường nhiều ưu đãi giá trị, giảm giá cước vận chuyển toàn quốc, tặng nhiều quà tặng giá trị,... Bên cạnh đó, J&T Express cũng hợp tác với các chuyên gia trong ngành nhằm chia sẻ, hỗ trợ người bán hàng có thêm kinh nghiệm, kiến thức thị trường, xu hướng kinh doanh online, lựa chọn dịch vụ chuyển phát nhanh hiệu quả thông qua chuỗi tọa đàm trực tuyến Chỉ Dẫn Đỏ. Tháng 8/2022, J&T Express tiên phong bổ sung tính năng thanh toán đơn hàng bằng QR Code động giúp hạn chế tối đa nhầm lẫn trong quá trình giao dịch, dễ dàng đối soát các thông tin.
Ưu tiên trải nghiệm an toàn, nhanh chóng và tiện lợi, J&T Express vừa cho ra mắt dịch vụ Zalo ZNS. Thông qua thông báo đến khách hàng tình trạng đơn hàng, thông tin nhân viên giao hàng, giúp tối ưu quy trình giao - nhận hàng, hạn chế lừa đảo, tăng cường khả năng quản lý thao tác của nhân viên giao hàng. Ngoài ra, Zalo ZNS sẽ gửi tin nhắn xác nhận đã giao hàng thành công/ thất bại kèm lý do cụ thể. Trong trường hợp khách hàng báo cáo tin nhắn thông báo chưa chính xác, J&T Express sẽ kịp thời xử lý trong vòng 24 giờ kể từ lúc tiếp nhận khiếu nại thành công.
J&T Express, doanh nghiệp nỗ lực trong cuộc đua “cạnh tranh bằng chất lượng dịch vụ”, đề xuất sáng kiến dựa trên nền tảng công nghệ - chiến lược tăng trưởng lâu dài cho chính thương hiệu và toàn ngành chuyển phát nhanh.","J&T Express, hãng vận chuyển cao cấp J&T Express, phát triển TMĐT",737
https://vneconomy.vn/nen-kinh-te-khu-vuc-apac-se-tang-them-133-ty-usd-nho-5g.htm,Nền kinh tế khu vực APAC sẽ tăng thêm 133 tỷ USD nhờ 5G,2023-07-25,Kinh tế số,"Theo Báo cáo kinh tế di động khu vực châu Á- Thái Bình Dương (APAC) 2023 của Hiệp hội hệ thống thông tin di động toàn cầu (GSMA) vừa được công bố, mạng 5G dự kiến sẽ chiếm 41% kết nối di động tại khu vực vào năm 2030 với khoảng 1,4 tỷ kết nối. Sự tăng trưởng này được thúc đẩy bởi việc giá của thiết bị 5G giảm, mạng lưới mở rộng nhanh chóng ở nhiều quốc gia và nỗ lực hợp tác của các chính phủ hàng đầu trong việc tích hợp công nghệ di động.
Thuê bao di động dự kiến sẽ tăng 400 triệu từ năm 2022 và đạt 2,11 tỷ thuê bao vào năm 2030; tỷ lệ thâm nhập di động cũng sẽ tăng lên 70% nhưng vẫn thấp hơn mức trung bình toàn cầu là 73%. Gần một nửa dân số APAC (49%) hiện đã kết nối với Internet di động, nhưng 47% dân số vẫn không thể truy cập dịch vụ di động.
Tỷ lệ sử dụng điện thoại thông minh dự báo tăng lên 94% vào năm 2030, tăng 18% từ năm 2022, được thúc đẩy bởi các yếu tố như thiết bị giá cả phải chăng hơn và kiến thức kỹ thuật số được cải thiện. Ngành công nghiệp di động đã đóng góp 810 tỷ USD vào nền kinh tế khu vực APAC năm 2022 (gần 5% tổng sản phẩm quốc nội của khu vực) và dự kiến đạt gần 1.000 tỷ USD (990 tỷ USD) vào năm 2030.
Đặc biệt, đến năm 2030, 5G sẽ bổ sung thêm hơn 133 tỷ USD cho nền kinh tế khu vực. Các ngành dịch vụ (42%) và sản xuất (34%) sẽ là những lĩnh vực hưởng lợi nhất từ 5G, nhờ các ứng dụng trong các thành phố thông minh, nhà máy thông minh và lưới điện thông minh.
Mặc dù mạng 5G đã được thiết lập và phát triển mạnh ở một số thị trường tiên tiến như Úc, Nhật Bản, Singapore và Hàn Quốc… nhưng tốc độ phát triển vẫn có sự khác biệt giữa các quốc gia; đồng thời vẫn có những rào cản ảnh hưởng đến việc truy cập và sử dụng di động.
Theo nghiên cứu này, gần một nửa dân số APAC (47%) vẫn chưa có khả năng tiếp cận Internet di động và tình trạng kém phát triển hơn so với các khu vực khác trên thế giới, bao gồm cả châu Mỹ Latinh, Trung Quốc và Lục địa Á- Âu. Kỹ năng số hạn chế nhất là ở nhóm dân số lớn tuổi, chi phí thiết bị và dịch vụ phù hợp với túi tiền, cùng những lo ngại về an toàn trực tuyến là một số nguyên nhân đang cản trở khả năng tiếp cận của người dân.
Còn theo báo cáo di động của Ericsson công bố trước đó, thuê bao di động 5G dự kiến sẽ đạt 5 tỷ trên toàn cầu vào cuối năm 2028, chiếm 55% tổng số thuê bao. Trong cùng thời gian đó, phạm vi phủ sóng 5G dự kiến sẽ đạt 85% trong khi mạng 5G dự kiến sẽ chiếm khoảng 70% lưu lượng truy cập di động và chiếm toàn bộ mức tăng trưởng lưu lượng truy cập hiện tại.
Ở Đông Nam Á và Châu Đại Dương, hãng này dự kiến hầu hết các nhà cung cấp dịch vụ lớn sẽ ra mắt dịch vụ 5G thương mại vào cuối năm 2028. Số lượng thuê bao 5G trong khu vực được dự đoán sẽ đạt khoảng 620 triệu vào cuối năm 2028, tức 5G sẽ trở thành công nghệ hàng đầu về thuê bao, với tỷ lệ thâm nhập là 48%. Lưu lượng truy cập di động trên mỗi điện thoại thông minh dự kiến sẽ tăng từ 12,5 GB mỗi tháng vào năm 2022 lên 54 GB mỗi tháng vào năm 2028, tốc độ CAGR đạt gần 30%.","5G, kết nối thông minh, kinh tế di động, kinh tế số, nhà máy thông minh, thành phố thông minh, thương mại hóa 5G",767
https://baodautu.vn/goc-nhin-ttck-tuan-13-172-vn-index-som-kiem-dinh-ho-tro-quan-trong-1040---1050-diem-d183592.html,Góc nhìn TTCK tuần 13-17/2: VN-Index sớm kiểm định hỗ trợ quan trọng 1.040 - 1.050 điểm,2023-02-13,Tài chính - Chứng khoán,"Thị trường có tuần điều chỉnh thứ hai khi cả giá và thanh khoản đồng thuần giảm. Kết phiên giao dịch ngày 10/02, VN-Index lui về mốc 1.055 điểm, giảm 2% cùng giá trị giao dịch bình quân trên cả 3 sàn đạt khoảng 11.000 tỷ đồng, giảm 27% so với tuần giao dịch trước đó.
Sắc đỏ bao phủ phần lớn thị trường trong đó Top 3 nhóm giảm mạnh nhất là bán lẻ, hóa chất, du lịch và giải trí với mức giảm lần lượt là 8,4%; 4,5% và 4,4%. Ngược lại, tâm điểm thu hút dòng tiền tuần qua là nhóm dầu khí khi giá tăng kèm khối lượng giao dịch tăng.
Khối ngoại mua ròng khoảng 880 tỷ đồng trên cả 3 sàn trong tuần qua. Song quy mô mua ròng có sự sụt giảm đáng kể trong các tuần gần đây so với giai đoạn mua ròng mạnh 2 tháng cuối năm 2022. Top các mã khối này vào ròng chủ yếu bao gồm STB; HPG; HCM. Chiều ngược lại áp lực bán tập trung vào các mã VHM; BCM; KDH.
Khối tự doanh bán ròng khoảng 550 tỷ đồng. Các mã khối này bán ròng mạnh bao gồm GMD, OCB, VPB. Trong khi đó mua ròng mạnh các mã VSC; KDH; MWG.
Nhàđầu tưcá nhân trong nước tiếp tục rút ròng khói thị trường. Thống kê trong tuần qua cho thấy khối này đã bán ròng khoảng 1.400 tỷ đồng.
Trên đồ thị tuần, VN-Index hình thành cây nến đỏ thứ 2 liên tiếp với giá đóng cửa sát mốc thấp nhất tuần cho thấy áp lực bán có xu hướng mạnh lên. Đồng thời rủi ro ngắn hạn cũng gia tăng khi chỉ số đánh mất mốc hỗ trợ ngắn hạn MA20 cùng các chỉ báo động lượng RSI và MACD đồng thuận hướng xuống.
Với những tín hiệu kém khả quan hiện tại kết hợp với dòng tiền suy yếu đặc biệt là khối ngoại khi khối này giảm quy mô mua ròng trong các phiên gần đây, Agriseco Research cho rằng, VN-Index sẽ sớm về kiểm định hỗ trợ MA100 quanh vùng giá 1.040 - 1.050 điểm trong các phiên đầu tuần sau. Đây là mốc hỗ trợ quan trọng nhà đầu tư nên lưu ý, nếu đánh mất mốc này, xác xuất thị trường quay trở lại xu hướng giảm trung hạn cần được tính đến.
Agriseco Researchkhuyến nghị nhà đầu tư nên thận trọng quan sát diễn biến thị trường. Trong trường hợp chỉ số tìm được điểm cân bằng mới, nhà đầu tư có thể giải ngân thăm dò một số cổ phiếu đầu ngành thuộc các nhóm ngành hiện đang khỏe hơn thị trường chung như:
Nhóm dầu khíkhi giá dầu thế giới đang có xu hướng tăng đặc biệt sau khi Nga tuyên bố sẽ cắt giảm sản lượng 500.000 thùng/ngày từ tháng 3 tới.
Mức giảm sản lượng này chiếm khoảng 5% sản lượng dầu thô gần nhất của Nga, mà Cơ quan Năng lượng Quốc tế (IEA) ước tính đã giảm xuống còn 9,7 triệu thùng/ngày trong tháng 12/2022.
Trước thông tin này giá dầu bật tăng trong phiên ngày thứ Sáu. Cụ thể hợp đồng dầu Brent tăng 2,24% lên 86,39 USD/thùng và tăng hơn 8% trong tuần qua. Hợp đồng dầu WTI tăng 2.13% lên 79.72 USD/thùng, qua đó nâng tổng mức tăng trong tuần lên 8.63%, đánh dấu tuần tăng mạnh nhất kể từ tháng 10/2022.
Nhóm điệnkhi gần đây có nhiều thông tin tích cực về giá điện. Bên cạnh đó, đây cũng là nhóm ngành có tính phòng thủ và có tỷ lệ chi trả cổ tức đều đặn.
Nhóm thủy sảnvới giá cá tra xuất khẩu tăng cao sau Tết nhờ nhu cầu xuất khẩu tăng có thể hỗ trợ nhóm này.","góc nhìn TTCK, VN-Index, dầu khí, thuỷ sản, điện",810
https://vneconomy.vn/lo-an-toan-ca-nhan-cha-de-ether-rut-hoan-toan-khoi-linh-vuc-tien-ao.htm,"Lo an toàn cá nhân, “cha đẻ” Ether rút hoàn toàn khỏi lĩnh vực tiền ảo",2021-07-19,Thế giới,"Theo hãng tin Bloomberg, Di Iorio, 48 tuổi, đã sử dụng một nhóm vệ sỹ riêng từ năm 2017, luôn có người đi cùng tới bất kỳ đâu.
Sắp tới, nhà sáng lập người Canada này có kế hoạch bán lại Decentral Inc., một startup về công nghệ blockchain do ông sáng lập, để tập trung vào hoạt động từ thiện và các dự án kinh doanh khác không liên quan đến tiền ảo. Ông dự kiến sẽ rút dần khỏi các startup khác mà ông đang tham gia, đồng thời không có thêm kế hoạch nào về rót vốn vào các dự án blockchain.
Tham gia vào lĩnh vực tiền ảo “mang lại một hồ sơ rủi ro mà tôi không lấy gì làm thích thú”, Di Iorio nói, nhưng từ chối tiết lộ về số tiền ảo mà ông đang nắm giữ hay giá trị tài sản ròng cá nhân. “Tôi cảm thấy không an toàn trong lĩnh vực này. Nếu tôi tập trung vào những lĩnh vực khác, tôi nghĩ mình sẽ an toàn hơn”.
Di Iorio cùng tạo ra hệ thống Ethereum vào năm 2013, và mạng lưới tiền ảo này đã trở thành một trong những dự án tiền kỹ thuật số “hot” nhất thế giới, nhất là trong lĩnh vực tài chính phi tập trung. Đây là một lĩnh vực cho phép mọi người vay, mượn và giao dịch với nhau mà không cần thông qua người trung gian như ngân hàng. Ether, đồng tiền ảo gắn với hệ thống này, hiện có giá trị vốn hoá thị trường khoảng 225 tỷ USD.
Nhà đồng sáng lập này gây xôn xao vào năm 2018 khi mua một trong những căn hộ lớn nhất và đắt đỏ nhất ở Canada, thanh toán một phần bằng tiền ảo. Đó là căn penthouse 3 tầng có giá 28 triệu Đôla Canada, tương đương 22 triệu USD, tại khu St. Regis Residences Toronton – nơi vốn là cao ốc Trump International Hotel & Tower của nhà Tổng thống Mỹ Donald Trump, toạ lạc ở quận kinh doanh trung tâm của Toronto.
Mấy năm gần đây Di Iorio nhảy vào lĩnh vực đầu tư mạo hiểm và cố vấn cho các startup. Cũng có thời điểm ông giữ vai trò Giám đốc kỹ thuật số của Sở giao dịch chứng khoán Toronto. Tháng 2/2018, tạp chí Forbes ước tính giá trị tài sản ròng của ông đạt tới 1 tỷ USD. Từ đó đến nay, giá Ether đã tăng gấp đôi.
Có trụ sở ở Toronto, Decentral chuyên về các sáng tạo và phát triển phần mềm trong lĩnh vực công nghệ phi tập trung hoá. Công ty này có ví tài sản số Jaxx đã thu hút được khoảng 1 triệu người dùng trong năm nay.
Di Iorio cho biết đã bàn bạc với một số nhà đầu tư tiềm năng và tin rằng startup này có thể được định giá hàng trăm triệu USD. Ông dự kiến bán công ty để lấy tiền mặt hoặc cổ phần trong một công ty khác chứ không lấy tiền ảo.
“Tôi muốn đang dạng hoá để không còn là một người của lĩnh vực tiền ảo nữa. Tôi muốn trở thành một người giải quyết những vấn đề phức tạp”, Di Iorio nói. Hiện ông đang tham gia vào Project Arrow, một dự án được vận hành bởi một người bạn học thời phổ thông nhằm tạo ra một loại xe không gây ô nhiễm. Ngoài ra, ông cũng tư vấn cho một nghị sỹ ở Paraguay.
“Tôi sẽ dùng đến tiền ảo khi cần thiết, nhưng nhiều lúc, việc đó là không cần”, Di Iorio nói. “Tiền ảo chỉ là một phần rất nhỏ của những gì thế giới cần”.","tiền ảo ether, nhà sáng lập tiền ảo ether",726
https://vneconomy.vn/de-xuat-moi-khach-hang-duoc-mua-dien-tai-tao-khong-qua-evn.htm,Đề xuất mọi khách hàng được mua điện tái tạo không qua EVN,2024-05-07,Thị trường,"Bộ Công Thương vừa hoàn thiện dự thảo Nghị định của Chính phủ về cơ chế mua bán điện trực tiếp giữa đơn vị phát điện với khách hàng sử dụng điện lớn (DPPA). Trong đó, cho phép các nhà máy điện gió, điện mặt trời được phép bán trực tiếp cho khách hàng thông qua đường dây riêng hoặc lưới quốc gia.
Cụ thể, tại dự thảo Nghị định, Bộ Công Thương xây dựng mô hình này theo hai phương án, gồm qua đường dây riêng và lưới quốc gia (tức qua EVN). Nguồn cung ứng là các nhà máy năng lượng tái tạo (gió, mặt trời) công suất trên 10 MW nếu nối lưới hoặc không giới hạn công suất nếu qua đường dây riêng.
Dự thảo quy định bên mua trong cả hai trường hợp là tổ chức, cá nhân dùng điện sản xuất từ cấp điện áp 22 kV trở lên, lượng tiêu thụ bình quân hàng tháng từ 500.000 kWh. Những khách hàng có nhu cầu sử dụng ít hơn, như doanh nghiệp sản xuất nhỏ hay hộ gia đình chưa được mua bán trực tiếp.
Theo VCCI, cơ chế DPPA sẽ giúp giải quyết cung cầu năng lượng tái tạo. Đây có thể là giải pháp gỡ khó cho nhiều dự án năng lượng tái tạo chậm thời điểm giá ưu đãi ( giá FIT).
Ngược lại, các doanh nghiệp sản xuất, đặc biệt là xuất khẩu sang thị trường các nước phát triển, có thể sử dụng năng lượng tái tạo để thực hiện các trách nhiệm ESG (Environmental - Môi trường, Social - Xã hội, Governance - Quản trị) trong chuỗi cung ứng.
Tuy nhiên, với mua bán điện trực tiếp qua đường dây riêng, VCCI cho rằng tác động đến hệ thống điện quốc gia không đáng kể. Do đó, VCCI đề nghị mở rộng cho mọi khách hàng có nhu cầu tham gia, thay vì giới hạn vào nhóm khách hàng sử dụng điện lớn.
Bên cạnh đó, Bộ Công Thương đang đề xuất 2 chính sách để doanh nghiệp được mua bán điện sạch không qua EVN, theo đường dây riêng hoặc lưới truyền tải điện quốc gia.
Theo VCCI, việc đầu tư và quản lý, vận hành đường dây truyền tải riêng này có thể thuộc về đơn vị phát điện, cũng có thể thuộc về khách hàng sử dụng điện, tuỳ vào thoả thuận cụ thể giữa hai bên. Do đó, VCCI cũng đề nghị cơ quan soạn thảo quy định theo hướng hai bên mua bán điện có quyền thoả thuận về việc đầu tư và quản lý vận hành đường dây.
Được biết, cơ chế DPPA từng nhiều lần được các doanh nghiệp có vốn đầu tư nước ngoài đề nghị Việt Nam sớm thí điểm, bởi họ cho rằng chính sách này sẽ tác động tích cực vào cạnh tranh ngành năng lượng. Một số tập đoàn lớn như Samsung, Heineken, Nike có nhu cầu tham gia có tổng sản lượng tiêu thụ bình quân tháng đều lớn hơn 1.000.000 kWh mỗi tháng.
Khảo sát cuối năm ngoái của Bộ Công Thương cho thấy, khoảng 20 doanh nghiệp lớn muốn mua điện trực tiếp, tổng nhu cầu gần 1.000 MW. Cùng đó, có 24 dự án năng lượng tái tạo với công suất 1.773 MW muốn bán điện qua cơ chế DPPA, 17 dự án có công suất 2.836 MW cân nhắc tham gia.
Theo đánh giá của VCCI cơ chế mua bán điện trực tiếp giữa đơn vị phát điện năng lượng tái tạo với khách hàng sử dụng điện lớn (cơ chế DPPA) rất quan trọng đối với Việt Nam trong bối cảnh hiện nay, giúp giải quyết cả vấn đề cung và cầu về năng lượng tái tạo.","Điện gió, điện mặt trời, EVN, năng lượng tái tạo, thí điểm cơ chế mua bán điện tái tạo DPPA, thị trường, VCCI",733
https://baodautu.vn/chi-con-78-cua-hang-ban-le-xang-dau-chua-phat-hanh-hoa-don-dien-tu-d211658.html,"Chỉ còn 7,8% cửa hàng bán lẻ xăng dầu chưa phát hành hóa đơn điện tử",2024-03-27,Doanh nghiệp,"Tổng cục Thuế vừa có thông tin về tình hình triển khai hoạt động phát hành hóa đơn điện tử sau từng lần bán đối với hoạt động kinh doanh xăng dầu.
Theo đó, đến ngày 24/3, toàn quốc đã có 14.727/15.981 cửa hàng bán lẻ xăng dầu trên cả nước thực hiện phát hành hóa đơn điện tử từng lần bán hàng, ước đạt 92,2% tổng số cửa hàng bán lẻ xăng dầu.
Có 41/63 địa phương đạt tiến độ trên 90%; 14 địa phương hoàn thành là Nghệ An, Thái Nguyên, Quảng Trị, Bình Dương, Hà Nội, Bà Rịa - Vũng Tàu, Đắk Lắk, An Giang, Bến Tre, Bắc Ninh, Hà Nam, Điện Biên, Ninh Bình, Trà Vinh.
Số cửa chưa thực hiện phát hành hoá đơn bán lẻ từng lần bán hàng là 1.254, chiếm khoảng 7,8%.
Tổng cục Thuế yêu cầu Cục trưởng các đơn vị tiếp tục tập trung chỉ đạo các bộ phận chức năng thực hiện nghiêm, quyết liệt, triệt để các chỉ đạo và phấn đấu đến ngày 31/3 hoàn thành việc triển khai tại các địa phương.
Thời gian qua, để tăng cường quản lý, sử dụng hóa đơn điện tử trong hoạt động kinh doanh, bán lẻ xăng dầu, Thủ tướng Chính phủ đã liên tiếp ban hành hai công điện chỉ đạo BộTài chính, UBND các tỉnh, thành phố, các ngành chức năng liên quan triển khai thực hiện.
Thực hiện các chỉ đạo trên, Tổng cục Thuế đã ban hành nhiều văn bản chỉ đạo Cục Thuế các tỉnh, thành phố trực thuộc Trung ương khẩn trương tăng cường quản lý, kiểm tra, giám sát, thúc đẩy việc triển khai phát hành hóa đơn điện tử sau từng lần bán hàng đối với hoạt động kinh doanh, bán lẻ xăng dầu.
Tổng cục Thuế yêu cầu các Cục Thuế địa phương thực hiện ngay việc tham mưu UBND chỉ đạo các cơ quan, ban, ngành địa phương chủ động phối hợp với cơ quan thuế khẩn trương triển khai các giải pháp đồng bộ, hiệu quả, quyết liệt yêu cầu các đơn vị kinh doanh bán lẻ xăng dầu phát hành hóa đơn điện tử sau từng lần bán hàng theo quy định của pháp luật, chỉ đạo của Thủ tướng Chính phủ và Bộ Tài chính.
Mới nhất,Thủ tướng Chính phủ Phạm Minh Chính đã ký ban hành Công điện về việc tăng cường các biện pháp quản lý mặt hàng xăng dầu, thực hiện nghiêm quy định về hóa đơn điện tử đối với hoạt động kinh doanh, bán lẻ xăng dầu.
Công điện nhấn mạnh bối cảnh tình hình thế giới tiếp tục diễn biến phức tạp, khó lường gây tác động ảnh hưởng đến giá cả và nguồn cung xăng dầu thế giới và trong nước. Nhiềudoanh nghiệp, cửa hàng kinh doanh, bán lẻ xăng dầu chưa thực hiện nghiêm quy định. Hoạt động buôn lậu, gian lận thương mại trong lĩnh vực xăng dầu còn tiềm ẩn nguy cơ diễn biến phức tạp…
Do đó, Thủ tướng yêu cầu Bộ Công thương thường xuyên theo dõi, nắm chắc tình hình thị trường xăng dầu thế giới và trong nước. Từ đó chủ động có các biện pháp từ sớm, từ xa theo thẩm quyền và quy định nhằm đáp ứng đủ nhu cầu xăng dầu cho hoạt động sản xuất, kinh doanh vàtiêu dùngcủa người dân.
""Tuyệt đối không để thiếu hụt, đứt gãy nguồn cung xăng dầu trong mọi tình huống"", Thủ tướng nhấn mạnh.
Bộ Công thương chỉ đạo các doanh nghiệp kinh doanh xăng dầu, doanh nghiệp bán lẻ xăng dầu trên cả nước chấp hành đúng, đầy đủ các quy định của pháp luật về kinh doanh xăng dầu.","Hóa đơn điện tử xăng dầu, kinh doanh xăng dầu, thu hồi giấy phép kinh doanh xăng dầu",753
https://vneconomy.vn/binh-dinh-phan-dinh-viec-khai-thac-quy-dat-gan-3-000ha.htm,Bình Định phân định việc khai thác quỹ đất gần 3.000ha,2024-07-22,Bất động sản,"UBND tỉnh Bình Định cho biết tổng quy mô quỹ đất dọc đường ven biển đoạn Đề Gi-Mỹ Thành, huyện Phù Mỹ là 2.986ha. Các quỹ đất có thể khai thác để phát triển quỹ đất, thương mại dịch vụ, du lịch, khu dịch vụ hậu cần nghề cá, cải tạo, chỉnh trang... khoảng 2.170,6ha (diện tích đất khai thác mới 1.489,8ha; diện tích đất hiện trạng 680,8ha).
Cụ thể, quỹ đất do cơ quan cấp tỉnh tổ chức thực hiện có 7 tiểu khu với tổng diện tích 1.171,5ha (diện tích đất khai thác mới 1.026,322; diện tích đất hiện trạng 145,2ha), chiếm tỷ lệ 54%, gồm: tiểu khu số 1 quy mô 282,9ha, mục tiêu là đầu tư phát triển quỹ đất, thương mại dịch vụ, du lịch nghỉ dưỡng; tiểu khu số 2 quy mô 194,1ha, mục tiêu phát triển quỹ đất, thương mại dịch vụ, du lịch nghỉ dưỡng; tiểu khu số 3, diện tích đất khai thác mới 85,2ha, mục tiêu đầu tư phát triển quỹ đất; tiểu khu số 4 (khu tái định cư), diện tích đất 43,3ha; tiểu khu số 5 (khu dịch vụ hậu cần), diện tích đất khai thác mới 99,7ha; tiểu khu số 6 (khu nông nghiệp ứng dụng công nghệ cao phát triển tôm), diện tích đất 422,7ha; tiểu khu số 7, diện tích đất khai thác mới 43,6ha, mục tiêu đầu tư phát triển quỹ đất.
Ngoài ra, quỹ đất do UBND huyện Phù Mỹ tổ chức thực hiện là 8 tiểu khu, tổng diện tích 999,1ha (diện tích đất khai thác mới 463,5ha; diện tích đất hiện trạng 535,6ha), chiếm tỷ lệ 46%. Trong đó, tiểu khu số 8 diện tích 107,3ha, mục tiêu nhằm phát triển quỹ đất, cải tạo, chỉnh trang; tiểu khu số 9, diện tích đất khai thác mới 86,5ha, mục tiêu phát triển quỹ đất, thương mại dịch vụ; tiểu khu số 10, tổng diện tích đất khai thác mới 42,6ha, mục tiêu phát triển quỹ đất; tiểu khu số 11 (cụm công nghiệp thủy sản Mỹ Thành), diện tích đất khai thác mới 26,4ha; tiểu khu số 12, tổng diện tích 151,3ha, mục tiêu phát triển quỹ đất, cải tạo, chỉnh trang; tiểu khu số 13 (khu tái định cư), tổng diện tích đất 114,1ha; tiểu khu số 14, tổng diện tích đất khai thác mới 120,5ha, mục tiêu phát triển quỹ đất, thương mại dịch vụ; tiểu khu số 15, tổng diện tích đất 342,2ha, mục tiêu phát triển quỹ đất, cải tạo, chỉnh trang…
Theo địa phương, việc phân định cụ thể các tiểu khu vực trên cơ sở quy hoạch đã được phê duyệt, nhằm khai thác hiệu quả quỹ đất để triển khai đầu tư, thực hiện dự án đầu tư theo quy định của pháp luật, góp phần phát triển kinh tế - xã hội.
Về nguyên tắc, kế hoạch triển khai là đầu tư xây dựng và phát triển không gian theo hướng từ phía Nam ra phía Bắc và từ phía Đông sang phía Tây dọc theo tuyến đường ven biển đoạn Đề Gi - Mỹ Thành, huyện Phù Mỹ. Ngoài ra, phát triển hạ tầng kỹ thuật sẽ theo định hướng đầu tư xây dựng các dự án giao thông liên khu vực: tuyến đường ven biển quốc gia (quy hoạch lộ giới 45m, 90m); tuyến đường Đông-Tây (đường ĐT632 nối dài, quy hoạch lộ giới 45m); các tuyến đường chính khu vực lộ giới từ 20m đến 45m để tạo sự kết nối trục giao thông ven biển quốc gia và vùng ven đầm Đề Gi. Đầu tư đồng bộ hệ thống hạ tầng khung khu vực trung tâm và hệ thống hạ tầng kỹ thuật trong từng tiểu khu.","bất động sản, Bình Định",829
https://baodautu.vn/xu-huong-tich-tru-tien-mat-va-tai-san-co-tinh-thanh-khoan-cao-d70902.html,Xu hướng tích trữ tiền mặt và tài sản có tính thanh khoản cao,2017-10-11,Ngân hàng - Bảo hiểm,"Theo tờ Thời báoTài chínhAnh, hãng chế tạo ô tô Nhật Bản Toyota  Motor nổi tiếng với biệt danh “Toyota Bank” (Ngân hàngTokyo) bởi có  khoản tiền tích trữ lên tới 153 tỷ USD.
Trong khi đó, theo số liệu  của Quick-FactSet, kể từ năm 2000 đến nay, các tài sản có tính thanh  khoản cao mà tập đoàn Internet khổng lồ Trung Quốc Tencent Holdings nắm  giữ đã tăng lên 51,8 tỷ USD.
China Mobile, hãng cung cấp mạng  điện thoại di động lớn nhất thế giới, cũng có khối tài sản tích trữ lên  tới 90,3 tỷ USD. Điều mà người ta gọi là hiện tượng Nhật Bản giờ đã lan  ra khắp thế giới.
Hanwha Corp, một trong những tập đoàn lớn nhất  Hàn Quốc, có số dư tiền mặt lên tới 70,6 tỷ USD, trong khi tập đoàn điện  tử Samsung Electronics hiện nắm giữ trên 70 tỷ USD tiền mặt và các tài  sản có tính thanh khoản cao khác.
Các công ty lớn khác ở châu Á  cũng nhanh chóng bắt kịp xu hướng này. Từ năm 2010, số dư tài sản có  tính thanh khoản cao của tập đoàn Trung Quốc Fosun International đã tăng  gấp 6 lần, trong khi của tập đoàn hóa chất và dầu mỏ China Petroleum  & Chemical (Sinopec) tăng 4,5 lần.
Tình trạng này diễn ra  trong bối cảnhkinh tếthế giới tăng trưởng chậm, trong đó GDP của Trung  Quốc tăng trưởng ở mức thấp nhất trong một phần tư thế kỷ qua.
Xu  hướng tích trữ các tài sản có tính thanh khoản cao cũng diễn ra tại các  công ty phương Đông lẫn phương Tây, trong bối cảnh tìm được nơi tốt đểđầu tưtrong bối cảnh hiện nay không phải là điều dễ dàng. Vì lý do đó,  việc cất trữ tài sản có tính thanh khoản cao dường như là xu hướng  chung.
Tại Mỹ, các công ty trong lĩnh vực công nghệ cho thấy  những con số tích trữ cao ngất ngưỡng. Dự trữ tiền mặt trong két của  hãng Apple hiện đứng ở mức 261,5 tỷ USD, của Microsoft là 139 tỷ USD,  trong khi Alphabet, công ty mẹ của Google, ""ngồi"" trên khối tiền mặt  101,3 tỷ USD.
Tính gộp chung, đến cuối tháng 6/2017, Apple, Facebook, Alphabet, Amazon  và Microsoft nắm giữ khối tài sản có tính thanh khoản cao lên tới 560,1  tỷ USD, cao hơn cả số thu từ thuế mà Chính phủ Nhật Bản có được trong  tài khóa 2016.
Phần lớn số tiền này được để ở hải ngoại để tránh  mức thuếdoanh nghiệpcao ngất ngưởng của Mỹ. Tổng thống Mỹ Donald Trump  đang nhắm tới việc đưa số tiền này trở về nước thông qua đề xuất cắt  giảm thuế. Xu hướng tích trữ quá nhiều tiền như thế cũng cho thấy nhu  cầu cần giải ngân đầu tư lớn của các công ty Mỹ hiện nay.
Lượng  tài sản có tính thanh khoản cao mà các doanh nghiệp Mỹ nắm giữ, gồm tiền  mặt, tiền gửi, chứng khoán đã tăng 50% lên 2.800 tỷ USD kể từ năm 2010.  Trong cùng thời gian này, các công ty Nhật Bản hiện “ngồi” trên khối  tài sản tương tự lên tới 1.900 tỷ USD, tăng 10%, và số dư tiền mặt của  các công ty châu Âu hầu như không đổi ở mức 2.100 tỷ USD.
Trên  toàn thế giới, tổng số dư tiền mặt của các công ty trong lĩnh vực phi  tài chính niêm yết trên thị trường chứng khoán đã vượt ngưỡng 12.000 tỷ  USD trong năm nay, cao hơn cả con số dự trữ ngoại tệ của thế giới đứng ở  mức 11.000 tỷ USD tính đến cuối tháng 3/2017.","tích trữ tiền, chuyện tiền bốn phương, cất trữ tài sản, tài sản",756
https://vneconomy.vn/dau-tu-gan-5-390-ty-dong-cho-tuyen-duong-song-hanh-vanh-dai-4-vung-thu-do.htm,Đầu tư gần 5.390 tỷ đồng cho tuyến đường song hành Vành đai 4 - Vùng Thủ đô,2025-01-17,Đầu tư,"Thành phố Hà Nội đang khẩn trương triển khai Dự án đường Vành đai 4 - Vùng Thủ đô, đồng thời đặt mục tiêu hoàn thành tuyến đường song hành của dự án quan trọng này trong năm 2025, song song với tiến độ thi công đường cao tốc.
Hiện tại, Dự án thành phần 3, liên quan đến việc xây dựng đường cao tốc, đang chậm so với kế hoạch. Ban Quản lý dự án đầu tư xây dựng công trình giao thông Hà Nội đã hoàn thành việc lập và phát hành hồ sơ mời thầu từ đầu tháng 2/2025. Theo yêu cầu của Ủy ban Nhân dân thành phố Hà Nội, công tác đấu thầu lựa chọn nhà đầu tư theo hình thức PPP cần hoàn tất trong quý 1/2025, phấn đấu khởi công dự án vào quý 2/2025.
Dự án đường Vành đai 4 - Vùng Thủ đô có tổng chiều dài gần 113 km, đi qua ba địa phương gồm Hà Nội (58 km), Hưng Yên (19,3 km), và Bắc Ninh (36,2 km). Tuyến đường bắt đầu từ nút giao với cao tốc Hà Nội - Lào Cai và kết thúc tại điểm nối cao tốc Nội Bài - Hạ Long. Với tổng mức đầu tư trên 85.813 tỷ đồng, riêng phần đường cao tốc được đầu tư theo hình thức PPP với chi phí 56.500 tỷ đồng.
Khởi công từ giữa năm 2023, dự án được phê duyệt tiến độ hoàn thành đường song hành vào năm 2026 và đường cao tốc vào năm 2027. Tuy nhiên, Hà Nội đang nỗ lực đẩy nhanh tiến độ, đặt mục tiêu hoàn thành đường song hành trong quý 4/2025.
Dự án đường Vành đai 4 được triển khai theo 7 dự án thành phần, vận hành độc lập. Hà Nội thực hiện 3 dự án thành phần gồm bồi thường, hỗ trợ, tái định cư; xây dựng đường song hành (đường đô thị) địa phận Hà Nội và đầu tư xây dựng hệ thống cao tốc theo phương thức PPP.
Hai tỉnh còn lại là Hưng Yên và Bắc Ninh mỗi tỉnh chịu trách nhiệm 2 dự án thành phần gồm bồi thường, hỗ trợ, tái định cư và xây dựng đường song hành (đường đô thị) địa phận của mỗi tỉnh.
Về dự án thành phần 1.1, công tác giải phóng mặt bằng đã đạt gần 99%. Ban Quản lý dự án đã hoàn thành hạ tầng kỹ thuật cho 13/13 khu tái định cư, bố trí chỗ ở cho 337/818 hộ dân. Các huyện Sóc Sơn, Mê Linh, Đan Phượng và Hoài Đức đang tích cực di dời các công trình ngầm, nổi để phục vụ thi công.
Dự án thành phần 2.1, xây dựng đường song hành, hiện đã cơ bản hoàn thành phần nền đường, đắp nền và cấp phối đá dăm tại các đoạn không cần xử lý nền. Khối lượng thực hiện đạt trên 43% giá trị hợp đồng, hướng tới mục tiêu thông xe toàn tuyến vào quý 4/2025.
Tuyến đường song hành Vành đai 4 qua địa phận Hà Nội có chiều dài khoảng 58 km, quy mô 6 làn xe cao tốc và đường gom đô thị với mặt cắt ngang từ 90-135 m. Tuyến đi qua 7 địa phương, gồm huyện Sóc Sơn, Mê Linh, Đan Phượng, Hoài Đức, quận Hà Đông, huyện Thanh Oai và Thường Tín.
Tổng mức đầu tư tuyến đường song hành là 5.388 tỷ đồng, trong đó chi phí xây dựng chiếm 4.525 tỷ đồng. Đường được thiết kế đảm bảo tốc độ 80 km/h, riêng đoạn ngoài đê Song Phương (huyện Đan Phượng) giới hạn ở 60 km/h.
Trong kỳ nghỉ Tết Nguyên đán 2025, các công trường vẫn duy trì thi công xuyên suốt ngày đêm. Tinh thần đẩy nhanh tiến độ xây dựng vẫn tiếp tục được phát huy, nhằm đảm bảo tiến độ và chất lượng công trình theo kế hoạch.","đầu tư, Đầu tư gần 5.390 tỷ đồng cho tuyến đường song hành Vành đai 4 - Vùng Thủ đô, đường song hành Vành đai 4 - Vùng Thủ đô",807
https://vneconomy.vn/nhieu-yeu-to-ung-ho-gia-ure-giam-trong-thoi-gian-toi.htm,Nhiều yếu tố ủng hộ giá Ure giảm trong thời gian tới,2022-09-05,Chứng khoán,"Cổ phiếu nhóm phân bón tiếp tục làm mưa làm gió trên thị trường chứng khoán phiên sáng nay 5/9. Dù độ cao đã hạ rất nhiều song DCM vẫn giữ nhịp tăng 2,27%, DPM tăng 1,65%, các cổ phiếu khác cũng xanh mướt trong phiên thị trường đỏ lửa sau Lễ Quốc khánh 2/9.
Giá cổ phiếu nhóm phân bón hóa chất được hỗ trợ bởi những thông tin tích cực liên quan đến giá Ure trong thời gian gần đây. Giá urê Trung Quốc và Ai Cập đã giảm -45% và -35% từ đỉnh song gần đây đã tăng lần lượt 4% và 10% từ đáy, sớm hơn với dự báo trước đó của SSI Research vào thời điểm quý 4/2022.
Bên cạnh đó, những thông tin xung quanh ""Gã khổng lồ"" phân bón Ba Lan dừng sản xuất vì giá khí đốt cao kỷ lục đã kỳ vọng cho giá Ure nội địa tăng cao trong thời gian tới.
Tuy nhiên, theo phân tích mới nhất của SSI Research, có nhiều yếu tố hỗ trợ giảm giá Ure trong thời gian tới.
Thứ nhất, Trung Quốc đã ban hành lệnh cấm xuất khẩu urê vào quý 3/2021, do đó đã đẩy giá urê tăng lên đáng kể. Mặc dù lệnh cấm xuất khẩu của Trung Quốc đối với urê ban đầu dự kiến được gỡ bỏ vào cuối tháng 6/2022, các hoạt động xuất khẩu vận rất hạn chế nhằm đảm bảo đủ nguồn cung cho tiêu thụ nội địa.
Trong khi đó, Nga tiếp tục áp dụng hạn ngạch xuất khẩu đối với urê trong khoảng thời gian từ tháng 7 đến tháng 12/2022, nhưng mức hạn ngạch đã được tăng lên 8,3 triệu tấn trong nửa cuối năm 2022 so với 5,9 triệu tấn trong giai đoạn từ tháng 12/2021 đến tháng 5/2022. Ước tính Nga chiếm gần 15% tổng xuất khẩu ure toàn cầu trong 2019. Do đó, sản lượng xuất khẩu urê toàn cầu trong 6 tháng cuối năm 2022 sẽ cao hơn so với 6 tháng đầu năm 2022, điều này hỗ trợ giảm giá urê.
Thứ hai, nhu cầu urê suy yếu do lo ngại về suy thoái kinh tế toàn cầu và do quý 3 thường là quý tiêu thụ thấp điểm. Mùa cao điểm quý 4 sẽ hỗ trợ phục hồi nhu cầu tiêu thụ urê. Tuy nhiên, trước lo ngại về suy thoái kinh tế toàn cầu và sự điều chỉnh giá các mặt hàng nông nghiệp, nhu cầu đối với phân urê có thể sẽ không phục hồi nhiều trong Qúy 4/2022.
Thứ ba, giá nguyên liệu đầu vào (dầu, khí, than) có thể hồi ngắn hạn vào quý 4/2022 do yếu tố mùa vụ, tuy nhiên sẽ giảm trong 2023 do cầu suy yếu. Xu hướng giá urê sẽ theo sát giá nguyên liệu đầu vào.
So với cùng kỳ, lợi nhuận của DPM và DCM ước tính vẫn tăng trưởng khả quan trong quý 3/2022, theo đó tăng 43% đối với DPM và 34% đối với DCM, giúp hỗ trợ giá cổ phiếu trong ngắn hạn. Tuy nhiên lợi nhuận có thể giảm trong quý 4/2022 do mức cơ sở cao năm ngoái, giảm 29% đối với DPM và giảm 4% đối với DCM.
Trong năm 2023, lợi nhuận ước tính giảm từ mức đỉnh lợi nhuận trong 2022 (-18% YoY đối với DPM và -12% YoY đối với DCM). Như vậy đà tăng trưởng lợi nhuận của các công ty đạm có thể đã đạt đỉnh và có xu hướng chậm lại.
Trên cơ sở đó, SSI Research khuyến nghị Trung lập cho DPM giá mục tiêu 53.000 đồng/cổ phiếu và Khả quan cho DCM giá mục tiêu 44.000 đồng/cổ phiếu. Trong ngắn hạn, giá cổ phiếu đã có phản ứng tích cực với đà tăng giá urê, ngoài ra triển vọng lợi nhuận quý 3 tăng trưởng khả quan.",Nhiều yếu tố hỗ trợ giá Ure suy giảm trong thời gian tới,803
https://baodautu.vn/batdongsan/xu-huong-nghi-duong-dip-cuoi-nam-d111941.html,Xu hướng nghỉ dưỡng dịp cuối năm,2019-11-29,Chuyển động thị trường,"Giáp Tết là thời gian khách hàng có xu hướng quan tâm đến những căn hộ nghỉ dưỡng, tại những điểm du lịch hấp dẫn. Phân khúc nhà luôn ổn định và được dự báo tăng trưởng tốt do tâm lý chuộngbất động sảnliền thổ của người Việt Nam.
Khách hàng thường ưu tiên chọn nhữngdự ánđã hoàn thiện, chuẩn bị bàn giao, có thể dọn về ở ngay. Bên cạnh đó cần đáp ứng đượccác yếu tố về vị trí đẹp trên các trục đường lớn, thiết kế phù hợp xu hướng, tiện ích cao cấp, đa dạng…
Đáp ứng được đầy đủ những yếu tố này, biệt thự ven biển dần trở lên hút khách. Những căn biệt thự này có vị trí đắt giá, nằm sát biển nên được tận hưởng nguồn không khí trong lành, không gian thoáng mát. Không chỉ mang lại cuộc sống thiên nhiên tươi mát, chúng còn thể hiện đẳng cấp của những vị chủ nhân sở hữu. Đây cũng là lý do dễ hiểu khi biệt thự biển luôn dành được sự quan tâm số 1 của những người có nhu cầu an cư.
Ngoài việc an cư, phân khúc bất động sản ven biển còn là bài toán đầu tư không giới hạn. Đặc biệt, những dự án sở hữu vị trí đẹp, thiết kế độc đáo, hệ thống tiện ích đồng bộ sẽ được ví như mỏ vàng triệu đô. Ông Nguyễn Hoàng Sơn - Phó Tổng giám đốc Công ty DKR cho rằng câu chuyệnđầu tư bất động sảnven biển đến thời điểm hiện nay dường như không còn giới hạn vùng không gian, không còn ranh giới hành chính.
Hiểu được tâm lý của khách hàng thượng cấp mong muốn lựa chọn được nơi an cư – nghỉ dưỡng lý tưởng, chủ đầu tư HD Mon Holdings đã ra mắt dự án biệt thự hạng sang Mon Rosalia Villas. Dự án có vị trí đắc địa, nằm ở trung tâm thành phố ngay bên cạnh đường Trần Quốc Nghiễn – con đường bao biển đẹp nhất vịnh Hạ Long, gần hàng loạt công trình trọng điểm như: trường học, bệnh viện, trung tâm thương mại...
Mon Rosalia Villas gồm 57 căn biệt thự được thiết kế theo phong cách tân cổ điển, vừa hiện đại, vừa sang trọng với những chuẩn mực xây dựng khắt khe. Nơi đây chính là không gian sống đẳng cấp dành riêng cho những vị chủ nhân danh giá.
Mon Rosalia Villas đã phá vỡ mọi giới hạn về tầm nhìn, mở ra cảnh quan tuyệt đẹp và một không gian thư giãn ấn tượng. Ở bất cứ góc nào trong biệt thự, chủ nhân căn hộ cũng sẽ đều cảm nhận được sự khoáng đạt của ánh sáng tự nhiên và không khí trong lành từ gió vịnh, đem đến cho gia chủ trải nghiệm như chốn thiên đường.
Là biệt thự hạng sang hướng tới khách hàng cao cấp, Mon Rosalia Villas có hệ thống tiện ích 5 sao gồm bể bơi 4 mùa, bể bơi ngoài trời, phòng Gym hiện đại, trung tâm thương mại, khu phố mua sắm shophouse sầm uất, dịch vụ bảo vệ 24/24…
Nhằm giúp khách hàng tìm kiếm được chốn an cư lý tưởng, thời điểm cuối năm này, chủ đầu tư HDMon Holding sẽ có những chính sách hỗ trợ cực kỳ ưu đãi cho khách hàng. Ngoài gói hỗ trợ vay vốnngân hàngvới mức lãi suất 0%, chiết khấu 1%, khách hàng mua biệt thự còn được tặng chuyến du lịch khám phá châu Âu cho cả gia đình. Với Mon Rosalia Villas, đón Tết trong không gian “sang, chất và độc” không còn là mơ ước.","Mon Rosalia, bất động sản Hạ Long, Quảng Ninh, nghỉ dưỡng cuối năm",744
https://vneconomy.vn/lai-suat-lien-ngan-hang-bien-dong-manh-o-cac-ky-han-ngan.htm,Lãi suất liên ngân hàng biến động mạnh ở các kỳ hạn ngắn,2023-05-04,Tài chính,"Tuần từ 24/4 - 28/4, lãi suất VND liên ngân hàng biến động tăng – giảm mạnh đan xen ở các kỳ hạn từ 1 tháng trở xuống. Chốt ngày 28/4, lãi suất VND liên ngân hàng giao dịch quanh mức: qua đêm 4,61% (+1,38% so với phiên cuối tuần trước đó); 1 tuần 4,8% (+1,1%); 2 tuần 4,93% (+0,66 %); 1 tháng 5,24% (+0,29%).
Lãi suất USD liên ngân hàng tăng – giảm nhẹ qua các phiên. Phiên cuối tuần 28/4, lãi suất USD liên ngân hàng đóng cửa ở mức: qua đêm 4,6% (-0,04 %); 1 tuần 4,7% (-0,04 %); 2 tuần 4,85% (-0,02 %) và 1 tháng 4,98% (-0,02 %).
Theo thống kê của nhóm nghiên cứu MSB, trên thị trường mở tuần từ 24/4 - 28/4, trên kênh cầm cố, Ngân hàng Nhà nước chào thầu 65.000 tỷ đồng kỳ hạn 14 ngày, 50.000 tỷ đồng 28 ngày, đều với lãi suất 5%. Có 23.167,34 tỷ đồng trúng thầu ở kỳ hạn 14 ngày, 753,48 tỷ đồng ở kỳ hạn 28 ngày; có 6.819,29 tỷ đồng đáo hạn.
Ngân hàng Nhà nước không chào thầu tín phiếu Ngân hàng Nhà nước và cũng không có tín phiếu đáo hạn trong tuần qua.
Như vậy, Ngân hàng Nhà nước bơm ròng 17.101,53 tỷ đồng ra thị trường thông qua nghiệp vụ thị trường mở. Khối lượng lưu hành trên kênh cầm cố hiện tại tăng lên mức 66.191,26 tỷ VND, tín phiếu Ngân hàng Nhà nước giữ ở mức 110.699,8 tỷ VND.
Trong tuần 24-28/4, lợi suất trái phiếu chính phủ giảm ở tất cả các kỳ hạn. Chốt phiên 28/4, lợi suất trái phiếu chính phủ giao dịch quanh 1 năm 2,58% (-0,11 %); 2 năm 2,62% (-0,09 %); 3 năm 2,64% (-0,11 %); 5 năm 2,61% (-0,19 %); 7 năm 2,87% (-0,06 %); 10 năm 3,21% (-0,07 %); 15 năm 3,33% (-0,1 %); 30 năm 3,8% (-0,06 %).
Trên thị trường sơ cấp, ngày 26/4, Kho bạc Nhà nước huy động được toàn bộ 10.500 tỷ đồng trái phiếu chính phủ gọi thầu. Trong đó, kỳ hạn 5 năm huy động được 4.500 tỷ đồng và kỳ hạn 10 năm, 15 năm cùng huy động được 3.000 tỷ mỗi loại. Lãi suất trúng thầu các kỳ hạn trên lần lượt tại 5 năm 2,75% (-0,05 % so với lần trúng thầu trước); 10 năm 3,22% (-0,08 %) và 15 năm 3,33% (-0,07%). Tuần  từ 24-28/4 không có trái phiếu chính phủ đáo hạn.
Giá trị giao dịch Outright và Repos (mua lại) trên thị trường thứ cấp tuần qua đạt trung bình 8.541 tỷ đồng/phiên, tăng mạnh so với mức 3.704 tỷ đồng/phiên của tuần trước đó.
Trên thị trường ngoại tệ, tuần từ 24-28/4, tỷ giá trung tâm được Ngân hàng Nhà nước điều chỉnh tăng – giảm nhẹ qua các phiên. Chốt ngày 28/4, tỷ giá trung tâm được niêm yết ở mức 23.639 VND/USD, tăng 05 đồng so với phiên cuối tuần trước đó. Ngân hàng Nhà nước tiếp tục niêm yết tỷ giá mua giao ngay ở mức 23.450 VND/USD. Tỷ giá bán giao ngay được niêm yết ở mức 24.770 VND/USD, thấp hơn 50 đồng so với trần tỷ giá.
Tỷ giá liên ngân hàng giao dịch tăng – giảm đan xen trong tuần qua. Chốt phiên cuối tuần 28/4, tỷ giá liên ngân hàng đóng cửa tại 23.472 VND/USD, giảm 21 đồng so với phiên cuối tuần trước đó.
Tỷ giá trên thị trường tự do không biến động nhiều trong tuần qua. Chốtphiên 28/4, tỷ giá tự do giảm 20 đồng ở cả hai chiều mua vào và bán raso với phiên cuối tuần trước đó, giao dịch tại 23.430 VND/USD và 23.480VND/USD.","lãi suất, lãi suất liên ngân hàng, lợi suất trái phiếu chính phủ, ngân hàng nhà nước, trái phiếu chính phủ, tỷ gía",899
https://baodautu.vn/batdongsan/gioi-dau-tu-hai-phong-dua-nhau-dang-ky-so-huu-flamingo-cat-ba-beach-resort-d78349.html,Giới đầu tư Hải Phòng đua nhau đăng ký sở hữu Flamingo Cát Bà Beach Resort,2018-03-15,Dự án - quy hoạch,"Ngay lần đầu tiên mở bán tại Hải Phòng, Flamingo Cát Bà Beach Resort đã nhanh thu hút các nhàđầu tưthị trườngbất động sảnnghỉ dưỡng tại đây. Gần 100 căn biệt thự cao cấp đã tìm được những chủ nhân sở hữu.
Có tới hơn 1.000 khách hàng sôi động tham gia sự kiện mở bán Flamingo Cát Bà Beach Resort tại Hải Phòng. Nhân dịp này, khách hàng sở hữu biệt thự Flamingo Cát Bà Beach Resort được tặng ngay 10% giá trị biệt thự; tặng phần quà lên đến 288 chỉ vàng SJC; nhận thêm 7 ngày trải nghiệm hoàng gia; sở hữu hộ chiếu “All In Passport Diamond”, tận hưởng miễn phí không giới hạn từ 156 dịch vụ đẳng cấp 5 sao trên toàn hệ thống Flamingo Group và nhiều quà tặng giá trị hàng trăm triệu đồng. Đặc biệt, chương trình đã tìm được nhiều chủ nhân của chuyến du lịch đến thiên đường Dubai – Abu Dhabi 6 ngày 5 đêm; xứ sở Kim Chi Hàn Quốc, Seoul, Đảo Jeju, trượt tuyết Elysian và nhiều điểm đến hấp dẫn khác trong chương trình bốc thăm may mắn.
Chị Nguyễn Thị Thanh Huyền, khách hàng may mắn trúng giải Nhất là tour du lịch Dubai – Abu Dhabi chia sẻ: “Tôi rất vui khi nhận được giải thưởng này, xin cảm ơn Tập đoàn Flamingo Group đã mang đến một chương trình đặc sắc và chất lượng. Cảnh quan và kiến trúc Flamingo Cát Bà Beach Resort rất ấn tượng, độc đáo, gia đình tôi đều mong muốn có thể sở hữu biệt thự tại đây.”
Mang tên gọi “Hành trình chạm vào cảm xúc”, chương trình được thiết kế hài hòa trong một không gian nghệ thuật và âm nhạc tinh tế. Bức tranh toàn cảnh Flamingo Cát Bà Beach Resort rực rỡ, lấp lánh hiện ra trước mắt các khách hàng tham dự như một thiên đường 5S đích thực: SUN (Tòa nhà rực rỡ dưới ánh mặt trời); SEA (Đỉnh cao nghĩ dưỡng bên bờ biển); SAND (Tổ hợp giải trí đẳng cấp trên bờ cát trắng); SKY (Biệt thự trên trời sang trọng và thượng lưu); STAR (Khẳng định tiêu chuẩn 5 sao đích thực).
Bên cạnh những phần trình chiếu hình ảnh ấn tượng củadự ánbiệt thự trên cao sang trọng Flamingo Cát Bà Beach Resort với ba tòa nhà như ba khu rừng giữa biển khơi: Forest On The Sea, Forest In The Sun, Forest On The Sand; chương trình còn mang màu sắc nghệ thuật tinh tế với giọng hát của “ông hoàng nhạc Việt” Đàm Vĩnh Hưng, quán quân Vietnam Idol 2010 Uyên Linh, hay phần biểu diễn mãn nhãn đến từ nhóm nhảy LED và các nghệ sỹ tài năng khác.
Flamingo Cát Bà Beach Resort gồm 756 căn biệt thự, có diện tích từ 40m² đến hơn 2.000m² với nhiều loại hình kiến trúc phong phú đượcngân hàngVietcombank kết hợp cùng Flamingo Group ưu đãitài chínhlên tới 60% giá trị hợp đồng căn biệt thự với lãi suất 0% trong vòng 24 tháng kể từ ngày giải ngân.
Flamingo Cát Bà Beach Resort – tổ hợp biệt thự nghỉ dưỡng đẳng cấp trên cao cùng hệ thống dịch vụ, giải trí 5 sao đẳng cấp lần đầu tiên tại Việt Nam chắc chắn trở thành bước chuyển mình vượt trội của Cát Bà, điểm đến thu hút khách du lịch và dấu ấnkinh tếđột phá của TP Hải Phòng trong tương lai.
Hotline: 0988 00 2323Website:http://flamingocatbabeachresort.com.vn/Facebook:https://www.facebook.com/FlamingoCatBaBeachResortOfficial/","Flamingo Cát Bà Beach Resort, Hải Phòng, Flamingo Group, biệt thự nghỉ dưỡng, Cát Bà",770
https://baodautu.vn/thi-cong-ngay-dem-dam-bao-tien-do-shophouse-santorini-vibes---midtown-one-uong-bi-d164955.html,Thi công ngày đêm đảm bảo tiến độ Shophouse Santorini Vibes - Midtown One (Uông Bí),2022-04-29,Thông tin doanh nghiệp,"Nằm trong vùng tam giáckinh tếtrọng điểm Hà Nội – Hải Phòng – Quảng Ninh,dự ánMidtown One do Công ty Cổ phần Dịch vụ và Đầu tư bất động sản MIDLANDđầu tưvà phát triển được đánh giá là “đất vàngtrung tâm – nâng tầm cuộc sống”. Tọa lạc tại vị trí đắc địa nằm trực diện với Quốc lộ 18A, hậu thuẫn từ Khu kinh tế ven biển đa ngành Uông Bí - Quảng Yên đang triển khai, đồng thời được hưởng nhiều lợi thế từ cửa ngõ cao tốc Tây Nam – Quảng Ninh với tổng mức đầu tư 9.500 tỷ đồng, nhà phố Santorini Vibes - Midtown One đang có lực hấp dẫn cực lớn với nhiều nhà đầu tư trong và nước.
Đến nay, Santorini Vibes vẫn giữ được tiến độ kế hoạch thi công. Theo kế hoạch, trong tháng 4, dự án đã hoàn thành ép cọc LK01B, LK01A, LK02A, tiến hành tải nén tĩnh. Về cơ bản, đơn vị thi công đã hoàn thành lán trại, gia công cốt thép móng, đài cọc và dầm móng LK01. Với khu vực kè đá,nhà thầuthi công đã hoàn thành vệ sinh mặt bằng gọn gàng, tiến hành đào lộ, Nhằm khắc phục vấn đề lượng chạc bê tông và số vật liệu tồn đọng ngoài môi trường, đội thi công đã thực hiện đào nền đổ bỏ đất thải và chạc bê tông để tiến hành đổ đất ép cọc.
Song song với kế hoạch thi công, ban quản lý dự án cũng thắt chặt quản lý các công việc theo tiến độ, kiểm tra giám sát quá trình thi công ép cọc, công tác bê tông, gia công lắp dựng cốt thép, ván khuôn hàng ngày; đôn đốc, nhắc nhở đơn vị nhà thầu quán triệt các công nhân về công tác an toàn trên công trường thi công.
Với quy mô 32.743,5 m2, được quy hoạch thành 137 lô đất với diện tích đa dạng từ 82-92-117-131- 191 m2, chiều cao gồm 4 tầng và 1 tum, diện tích đất ở chỉ chiếm 40%, shophouse
Toạ lạc ở vị trí “vàng’ trung tâm TP. Uông Bí, Santorini Vibes có thể dễ dàng kết nối với nhiều tiện ích ngoại khu như trường học, bệnh viện, trung tâm thương mại, trung tâm hành chính – văn hoá,…
Được thiết kế theo lối kiến trúc mang phong cách Địa Trung Hải của những quốc gia như Hy Lạp, Ý, Tây Ba Nha và Marocco kết hợp với nét hiện đại với khu nhà ở và các shophouse liền kề, dự án được đánh giá sẽ trở thành nơi đáng để nghỉ dưỡng và sinh sống trong tương lai. Ngoài ra, điều khiến khách hàng an tâm khi đầu tư chính là dự án đã được thi công hạ tầng giao thông đồng bộ, đảm bảo tính pháp lý minh bạch.
Nhằm đem đến cơ hội đầu tư cho nhiều khách hàng, MIDGROUP đã đưa ra một số ưu đãi “siêu hời”: chỉ cần thanh toán 10% giá trị lô đợt 1, linh hoạt thanh toán trong 6 đợt với tổng chiết khấu lên đến 11%, hỗ trợ lãi suất 0% trong 18 tháng. Đặc biệt, khách hàng thanh toán 30% sẽ được nhận ngay căn shophouse giá trị, đẳng cấp liền tay. Theo như thông báo từ chủ đầu tư, giá shophouse Santorini Vibes chỉ từ 5 tỷ đã bao gồm xây thô 5 tầng và hoàn thiện mặt ngoài, pháp lý minh bạch, sổ đỏ từng lô.
Hiện tại, dự án nhà phố Santorini Vibes - Midtown One vẫn đang được đốc thúc để đúng theo tiến độ thi công. Trong tương lai, khách hàng sẽ được ra mắt sản phẩm dự án một cách hoàn thiện.","Midgroup, midland, MidtownOne, BĐS Uông Bí, Santorinivibes",809
https://vneconomy.vn/hai-thu-truong-bo-thong-tin-va-truyen-thong-phu-trach-linh-vuc-bao-chi-thong-tin-dien-tu.htm,"Hai Thứ trưởng Bộ Thông tin và Truyền thông phụ trách lĩnh vực báo chí, thông tin điện tử",2021-09-10,Kinh tế số,"Bộ trưởng Bộ Thông tin và Truyền thông Nguyễn Mạnh Hùng vừa ký Quyết định số 1375/QĐ-BTTTT phân công nhiệm vụ giữa Bộ trưởng và các Thứ trưởng.
Cụ thể, Bộ trưởng Nguyễn Mạnh Hùng lãnh đạo, quản lý toàn diện mọi hoạt động thuộc chức năng, nhiệm vụ, quyền hạn của Bộ Thông tin và Truyền thông. Trực tiếp chỉ đạo, điều hành công tác tổ chức cán bộ; bảo vệ chính trị nội bộ và công tác khác do Chính phủ, Thủ tướng Chính phủ giao. Bộ trưởng trực tiếp chỉ đạo Vụ Tổ chức cán bộ.
Thứ trưởng Phan Tâm được phân công giúp Bộ trưởng phụ trách các công tác: Hợp tác quốc tế, hội nhập kinh tế quốc tế; thi đua- khen thưởng và lịch sử- truyền thống; đào tạo, bồi dưỡng, phát triển nguồn nhân lực; khoa học- công nghệ; sở hữu trí tuệ; tiêu chuẩn, chất lượng thuộc ngành; thông tin đối ngoại. Thứ trưởng Phan Tâm trực tiếp theo dõi, chỉ đạo các đơn vị: Vụ Khoa học và Công nghệ, Vụ Hợp tác quốc tế; Vụ Thi đua- Khen thưởng; Học viện Công nghệ bưu chính viễn thông; Trường Cao đẳng công nghiệp in; Trường Đào tạo, bồi dưỡng cán bộ quản lý thông tin và truyền thông; Cục Thông tin đối ngoại...
Thứ trưởng Phạm Anh Tuấn giúp Bộ trưởng phụ trách lĩnh vực: bưu chính, chuyển phát; đồng thời giúp Bộ trưởng phụ trách công tá nội chính, kế hoạch- tài chính; pháp chế; đổi mới tổ chức quản lý, tái cơ cấu, cổ phần hóa doanh nghiệp nhà nước; phòng, chống tham nhũng, buôn lậu; thanh tra; báo chí; xuất bản, in, phát hành; thông tin cơ sở; công tác Đảng, đoàn thể; công tác quốc phòng- an ninh, quân sự của Bộ.
Thứ trưởng Phạm Anh Tuấn theo dõi, chỉ đạo các đơn vị: Vụ Kế hoạch- Tài chính; Vụ Bưu chính; Vụ Pháp chế; Văn phòng Bộ; Thanh tra; Tổng công ty Bưu điện Việt Nam; Cục Báo chí; Cục Thông tin cơ sở; Cục Xuất bản, In và Phát hành.
Thứ trưởng Phạm Đức Long giúp Bộ trưởng phụ trách các lĩnh vực: Viễn thông, tần số vô tuyến điện; công nghiệp công nghệ thông tin- điện tử, viễn thông; phụ trách công tác phòng, chống lụt bão, giảm nhẹ thiên tai. Thứ trưởng Phạm Đức Long theo dõi và chỉ đạo các đơn vị: Vụ Công nghệ thông tin; Cục Viễn thông; Cục Tần số Vô tuyến điện; Cục Bưu điện Trung ương; Trung tâm Internet Việt Nam; Quỹ Dịch vụ viễn thông công ích Việt Nam; Ban quản lý chương trình viễn thông công ích; báo Vietnamnet.
Thứ trưởng Nguyễn Huy Dũng giúp Bộ trưởng phụ trách các lĩnh vực: Ứng dụng công nghệ thông tin, an toàn, an ninh mạng; giúp Bộ trưởng phụ trách công tác: Chuyển đổi số, kinh tế số; phát thanh, truyền hình và thông tin điện tử; cải cách hành chính.
Thứ trưởng Nguyễn Huy Dũng theo dõi và chỉ đạo các đơn vị: Cục Tin học hóa; Cục An toàn thông tin; Viện Công nghiệp phần mềm và nội dung số Việt Nam; Cục Phát thanh, Truyền hình và Thông tin điện tử; Tổng công ty Truyền thông đa phương tiện VTC.
Quyết định nêu rõ, căn cứ tình hình thực tế, Bộ trưởng Bộ Thông tin và Truyền thông xem xét, điều chỉnh việc phân công công việc giữa Bộ trưởng và các Thứ trưởng để đảm bảo thực hiện hiệu quả chức năng, nhiệm vụ, quyền hạn của Bộ.","Phân công các Thứ trưởng phụ trách lĩnh vực báo chí và thông tin điện tử, Phân công nhiệm vụ giữa Bộ trưởng và các Thứ trưởng Thông tin và Truyền thông",748
https://baodautu.vn/vn-index-giu-vung-nguong-1200-diem-dong-bao-hiem-nguoc-dong-tang-d174065.html,"VN-Index giữ vững ngưỡng 1.200 điểm, dòng bảo hiểm ngược dòng tăng",2022-09-23,Tài chính - Chứng khoán,"Kết thúc phiên giao dịch ngày 23/9, sắc đỏ chiếm ưu thế trên các sàn chứng khoán châu Á. Khá nhiều thị trường giảm trên 1% như chỉ số chứng khoán tại Australia, Hàn Quốc, Đài Loan, Hồng Kông,…
Áp lực đè nặng lên các thị trườngtài chínhkhi một loạt một ngân hàng trung ương điều chỉnh tăng lãi suất thời gian gần đây. Sau động thái của Ủy ban Thị trường Mở Liên bang thuộc Fed tăng lãi suất điều hành thêm 75 điểm cơ bản lên biên độ mới từ 3,0% đến 3,25%, Ngân hàng Trung ương Anh đã tăng lãi điều hành thêm 50 điểm cơ bản. Ngân hàng Trung ương Thụy Sĩ tăng lãi suất điều hành thêm 75 điểm cơ bản từ mức âm lên 0,5%.
Cũng ngay sau quyết định của Fed, Ngân hàng Nhà nước quyết định tăng 100 điểm cơ bản đối với một loạt lãi suất điều hành chủ chốt, trong đó lãi suất tái cấp vốn tăng từ mức 4% lên 5%, lãi suất tái chiết khấu tăng từ mức 2,5% lên 3,5% và trần lãi suất cho vay qua đêm & thanh toán bù trừ tăng từ 5% lên 6%.
VN-Index giao dịch khá giằng co quanh mốc tham chiều trong phiên sáng nhưng đã tuột sâu từ 14h. Dù vậy, ngưỡng 1.200 điểm không bị phá vỡ. Kết thúc phiên giao dịch, VN-Index giảm 11,42 điểm (-0,94%) xuống 1.203,28 điểm. HNX-Index giảm 1,2 điểm (-0,45%) xuống 264,44 điểm. UPCoM-Index là chỉ số chứng khoán duy nhất tăng 0,04 điểm (0,05%) lên 88,59 điểm.
Top 5 cổ phiếu giúp chỉ số sàn UPCoM ngược dòng là VGI, VEA, BSR, ACV và MVN. Trong khi đó, các trụ cột của hai sàn niêm yết không thể giúp vực dậy các chỉ số. Toàn sàn có 358 mã tăng, 58 mã tăng kịch biên độ; trong khi có tới 432 mã giảm và 21 mã giảm sàn.
Thanh khoản trên ba sàn phiên 23/9 giảm nhẹ còn 13.246 tỷ đồng. Giá trị khớp lệnh đạt 11.624 tỷ đồng, giảm 1,6% so với phiên trước. Các nhàđầu tưnước ngoài đã bán ròng phiên thứ ba liên tiếp. Tuy nhiên, giá trị bán ròng đã giảm nhẹ còn 384 tỷ đồng. VND, BSR và MSN là cổ phiếu bị khối ngoại bán ròng mạnh nhất (đều xấp xỉ 60 tỷ đồng).
Cổ phiếu bảo hiểm là điểm sáng đi ngược lại xu hướng tiêu cực của thị trường chung. Riêng MIG và BMI tăng kịch biên độ, BVH cũng tăng tới 5,8%. Các cổ phiếu khác đều tăng giá trên 1%.
Với khẩu vị rủi ro thấp, cácdoanh nghiệpbảo hiểm sở hữu danh mục đầu tư chủ yếu là các khoản tiền gửi, trái phiếu Chính phủ.
Động thái tăng lãi suất điều hành củaNgân hàng Nhà nướckéo theo kỳ vọng sự dềnh lên đáng kể của mặt bằng lãi suất, đồng nghĩa với sự gia tăng lợi tức từ các khoản tiền gửi. Lãi suất huy động đã tăng lên thời gian qua nhưng chưa phản ánh vào kết quả kinh doanh nửa đầu năm của các doanh nghiệp bảo hiểm. Các khoản đầu tư vào cổ phiếu tuy chiếm tỷ trọng thấp trong danh mục nhưng biến động xấu của thị trường chứng khoán đã kéo tụt lợi nhuận của nhiều doanh nghiệp. Tuy nhiên, tác động của môi trường tăng lãi suất được nhiều đơn vị phân tích kỳ vọng sẽ thể hiện rõ hơn ở tăng trưởng lợi nhuận năm 2023.
Dù hưởng lợi từ bối cảnh lãi suất tăng hiện tại, tỷ lệ bồi thường sẽ quay lại mức bình thường và lợi nhuận từ đầu tư cổ phiếu không còn thuận lợi như năm 2021 là yếu tố không mấy tích cực với nhóm doanh nghiệp bảo hiểm.","chứng khoán, VN-Index, khối ngoại bán ròng, tăng lãi suất, Fed tăng lãi suất, VGI, VEA, BSR, ACV, MVN",812
https://vneconomy.vn/my-ap-thue-quan-voi-tam-nang-luong-mat-troi-4-nuoc-dong-nam-a-gom-viet-nam.htm,Mỹ áp thuế quan với tấm năng lượng mặt trời 4 nước Đông Nam Á gồm Việt Nam,2024-11-30,Thế giới,"Theo tin từ Rueters, Bộ Thương mại Mỹ ngày 29/11 đưa ra quyết định về một đợt thuế quan mới với tấm năng lượng mặt nhập khẩu vào Mỹ từ 4 nước Đông Nam Á, bao gồm Malaysia, Campuchia, Việt Nam và Thái Lan. Quyết định được đưa ra sau khi nhiều nhà sản xuất tại Mỹ khiếu nại rằng về tấm năng lượng mặt trời từ 4 quốc gia này đang cạnh tranh thiếu công bằng trên thị trường Mỹ.
Đây là quyết định sơ bộ thứ hai của Bộ Thương mại Mỹ trong vụ khiếu nại nhằm vào tấm năng lượng mặt trời từ 4 nước Đông Nam Á trên của các công ty Hanwha Qcells (Hàn Quốc), First Solar Inc có trụ sở tại bang Arizona (Mỹ) cùng nhiều công ty nhỏ khác của Mỹ. Quyết định sơ bộ đầu tiên được đưa ra vào tháng 10.
Nhóm doanh nghiệp này, tự xưng là Ủy ban Thương mại sản xuất tấm năng lượng mặt trời liên minh Mỹ, cáo buộc các nhà sản xuất tấm pin năng lượng mặt trời lớn của Trung Quốc đặt nhà máy tại Malaysia, Campuchia, Việt Nam và Thái Lan khiến giá mặt hàng này lao dốc khi bán phá giá sản phẩm vào thị trường Mỹ.
Theo quyết định sơ bộ được đăng trên trang web của Bộ Thương mại Mỹ ngày 29/11, cơ quan này đưa ra mức thuế chống bán phá giá từ 21,31% đến 271,2% với tấm pin năng lượng mặt trời từ Malaysia, Campuchia, Việt Nam và Thái Lan, tùy thuộc vào công ty sản xuất.
Các sản phẩm của công ty Jinko Solar (Trung Quốc) chịu thuế quan 21,31% với xuất xứ từ Malaysia và 56,51% với xuất xứ từ Việt Nam. Trong khi đó, công ty Trina Solar (Trung Quốc) chịu thuế 77,8% với các sản phẩm sản xuất tại Thái Lan và 54,46% với sản phẩm sản xuất tại Việt Nam.
Ngược lại, Bộ Thương mại Mỹ không đưa ra thuế bán phá giá với các sản phẩm của công ty Hanwha Qcells sản xuất tại Malaysia. Hồi tháng 10, Bộ này đã tính toán mức thuế quan 14,72% với sản phẩm của công ty.
“Với thuế quan sơ bộ này, chúng ta đang tiến đến giải quyết tình trạng thương mại bất công và gây hại, bảo vệ hàng tỷ USD vốn đầu tư mới vào lĩnh vực sản xuất cũng như chuỗi cung ứng tấm năng lượng mặt trời của Mỹ”, ông Tim Brightbill của công ty luật Wiley Rein và là người dẫn dầu đội ngũ cố vấn cho nhóm doanh nghiệp khiếu nại trong vụ việc.
Hầu hết tấm năng lượng mặt trời đang được lắp đặt ở Mỹ là hàng nhập khẩu từ nước ngoài. Trong đó, khoảng 80% đến từ 4 nước Đông Nam Á bị áp thuế chống bán phá giá trên.
Chính quyền của Tổng thống Joe Biden thời gian qua đặc biệt chú ý tới dòng vốn đầu tư khổng lồ của Trung Quốc vào nâng cao năng lượng sản xuất sản phẩm năng lượng sạch. Để thúc đẩy phát triển lĩnh vực này trong nước, chính quyền Biden trợ cấp mạnh cho các công ty sản xuất sản phẩm năng lượng sạch trên đất Mỹ thông qua Đạo luật Giảm lạm phát. Đây là một động lực quan trọng thúc đẩy nhiều nhà máy sản xuất tấm pin năng lượng mặt trời mới mọc lên tại Mỹ gần đây.
Chỉ trích Đạo luật Giảm lạm phát là quá tốn kém, nhưng Tổng thống đắc cử Donald Trump cũng khẳng định sẽ áp thuế quan mạnh với nhiều mặt hàng xuất khẩu để bảo vệ người lao động Mỹ.","tấm năng lượng mặt trời, Thuế chống bán phá giá",728
https://vneconomy.vn/san-xuat-cong-nghiep-quy-4-tang-cham-lai.htm,Sản xuất công nghiệp quý 4 tăng chậm lại,2022-12-29,Thị trường,"Tính chung năm 2022, giá trị tăng thêm ngành công nghiệp tăng 7,69% so với năm trước (quý 1 tăng 7,16%; quý 2 tăng 9,51%; quý 3 tăng 11,06%; quý 4 tăng 3,6%).
Trong đó, ngành công nghiệp chế biến, chế tạo tăng 8,10%, đóng góp 2,09 điểm phần trăm vào mức tăng trưởng chung của toàn nền kinh tế. Ngành sản xuất và phân phối điện tăng 7,05%, đóng góp 0,26 điểm phần trăm.
Ngành cung cấp nước, quản lý và xử lý rác thải, nước thải tăng 7,45%, đóng góp 0,04 điểm phần trăm. Ngành khai khoáng tăng 5,19%, đóng góp 0,17 điểm phần trăm trong mức tăng chung.
Tổng cục Thống kê nhận định, chỉ số sản xuất công nghiệp (IIP) quý 4/2022 tăng 3%, là mức tăng thấp nhất so với các quý của năm 2022 (chỉ số IIP quý 1/2022 tăng 6,8% so với cùng kỳ năm trước; quý 2/2022 tăng 9,8%; quý 3/2022 tăng 10,9%) do đơn hàng sụt giảm, chi phí đầu vào ở mức cao và thiếu hụt nguồn cung nguyên vật liệu, trong đó tháng 12/2022 ước giảm 1% so với tháng trước và chỉ tăng 0,2% so với cùng kỳ năm trước, tính chung quý 4/2022 tăng 3%.
Chỉ số IIP năm 2022 ước tăng 7,8% so với năm trước, tăng ở 61 địa phương và giảm ở 2 địa phương trên cả nước (Hà Tĩnh giảm 16,5%; Trà Vinh giảm 24,1%).
Chỉ số tiêu thụ toàn ngành công nghiệp chế biến, chế tạo tháng 12/2022 tăng 0,3% so với tháng trước và giảm 0,6% so với cùng kỳ năm trước. Tính chung năm 2022, chỉ số tiêu thụ toàn ngành công nghiệp chế biến, chế tạo năm 2022 tăng 7,1% so với năm trước.
Trong quý 4/2022, công suất sử dụng máy móc, thiết bị bình quân của các doanh nghiệp ngành chế biến, chế tạo là 73,8%. Có 40,7% doanh nghiệp đánh giá công suất sử dụng máy móc, thiết bị trong khoảng từ 70% đến dưới 90%; 29,4% doanh nghiệp đánh giá công suất sử dụng từ 90% đến 100%; 19,4% doanh nghiệp đánh giá công suất sử dụng từ 50% đến dưới 70% và 10,5% doanh nghiệp đánh giá công suất sử dụng dưới 50%.
Theo ngành kinh tế, ngành sản xuất thuốc, hóa dược và dược liệu có tỷ lệ doanh nghiệp đánh giá công suất sử dụng máy móc thiết bị cao nhất với 79,2%. Ngành chế biến gỗ và sản xuất sản phẩm từ gỗ, tre, nứa (trừ giường, tủ, bàn, ghế) với 68,2% là ngành có tỷ lệ doanh nghiệp đánh giá công suất sử dụng máy móc thiết bị thấp nhất.
Chỉ số tồn kho toàn ngành công nghiệp chế biến, chế tạo ước tính tại thời điểm 31/12/2022 tăng 10,1% so với cùng thời điểm tháng trước và tăng 13,9% so với cùng thời điểm năm trước (cùng thời điểm năm trước tăng 21,3%). Tỷ lệ tồn kho toàn ngành chế biến, chế tạo bình quân năm 2022 là 78,1% (năm 2021 là 79,2%).
Theo ngành kinh tế, ngành sản xuất xe có động cơ có tỷ lệ doanh nghiệp nhận định tồn kho thành phẩm quý 4/2022 so với quý 3/2022 tăng cao nhất với 31,8%, ngược lại, ngành sản xuất da và các sản phẩm có liên quan có tỷ lệ doanh nghiệp nhận định tồn kho thành phẩm quý 4/2022 so với quý 3/2022 giảm nhiều nhất với 40,2%.
Số lao động đang làm việc trong các doanh nghiệp công nghiệp tại thời điểm 01/12/2022 tăng 0,4% so với cùng thời điểm tháng trước và tăng 0,3% so với cùng thời điểm năm trước.","thị trường, công nghiệp, iip, công nghiệp chế biến chế tạo, chỉ số sản xuất công nghiệp, Chỉ số tồn kho",801
https://vneconomy.vn/dai-ly-mg-morris-garages-dat-chuan-3s-dau-tien-tai-tp-hcm.htm,Đại lý MG (Morris Garages) đạt chuẩn 3S đầu tiên tại Tp.HCM,2021-12-21,Doanh nghiệp,"Sau nhiều tháng bị trì hoãn bởi dịch bệnh, Đại lý MG Trường Chinh đã khởi công xây dựng gấp rút trong 2 tháng và chính thức đi vào hoạt động từ tháng 12/2021. Với diện tích xây dựng hơn 2000 m2, MG Trường Chinh được xây dựng theo tiêu chuẩn MG toàn cầu, cung cấp đầy đủ các dịch vụ: Trưng bày và cung cấp các dòng xe MG; Dịch vụ hậu mãi (Bảo hành, bảo dưỡng, sửa chữa); Cung cấp phụ tùng chính hãng.
Là thành viên của một trong những tập đoàn hàng đầu trong lĩnh vực ô tô, MG Trường Chinh sẽ là địa chỉ uy tín để khách hàng có thể trải nghiệm các sản phẩm xe ô tô đến từ thương hiệu nổi tiếng Anh Quốc, đồng thời an tâm với các dịch vụ hậu mãi tiêu chuẩn Châu Âu tại Việt Nam.
Có mặt tại thị trường đầy cạnh tranh như Tp.HCM, bên cạnh sự đầu tư kỹ lưỡng về cơ sở vật chất, MG Trường Chinh cũng không ngừng đầu tư vào đội ngũ nhân sự trẻ có năng lực, kinh nghiệm, được đào tạo bởi các chuyên gia hàng đầu, đáp ứng tiêu chuẩn MG toàn cầu với mục tiêu cao nhất mang đến nhiều hơn sự hài lòng cho khách hàng một khi đã lựa chọn thương hiệu MG và MG Trường Chinh.
Ông Nguyễn Ngọc Huy - Giám đốc Đại Lý MG Trường Chinh kiêm Giám Đốc Marketing Miền Nam Group chia sẻ “ Đây là Đại lý MG 3S thứ 2 trong năm 2021 của Tập đoàn Đầu Tư Miền Nam, là minh chứng cho sự cam kết đồng hành phát triển cùng thương hiệu MG và Tập đoàn Tan Chong tại Việt Nam. Tôi hy vọng MG Trường Chinh sẽ là cầu nối thuận tiện nhất, đưa thương hiệu và các sản phẩm MG đến gần hơn với khách hàng tại Tp.HCM và khu vực lân cận”.
Tháng 5 năm 2020, Tập đoàn Tan Chong chính thức được chỉ định bởi SAIC Motor, giành được quyền nhập khẩu, phân phối thương hiệu MG tại Việt Nam, Tan Chong Group đã hoạt động trong ngành công nghiệp ô tô Việt Nam hơn một thập kỷ và là một trong những nhà đầu tư Đông Nam Á lớn nhất tại nước ta.
Ngoài ra, Tan Chong cũng sở hữu một nhà máy lắp ráp đạt tiêu chuẩn toàn cầu tại Đà Nẵng. Thương hiệu MG sẽ được tập đoàn này phân phối thông qua công ty con TCSV (TC Services Việt Nam). Với vai trò mới, Tan Chong có thể mở rộng sự hiện diện của mình ở ngành công nghiệp ô tô Việt Nam, mang đến sản phẩm thương hiệu Anh cao cấp với mức giá hợp lý.
Hai mẫu xe MG HS, MG ZS hiện đang được phân phối chính thức tại thị trường Việt Nam, mẫu xe thứ 3 được kỳ vọng nhất MG5 sẽ chính thức đến tay khách hàng đầu năm 2022. Trước đó, các mẫu xe này đều đã gây tiếng vang tại các thị trường lớn như Thái Lan, Ấn Độ, Nam Mỹ và Trung Đông.
Bên cạnh thiết kế ấn tượng, sang trọng, nội thất tiện nghi thì các tính năng an toàn của MG cũng được khách hàng đánh giá cao khi được cấp chứng chỉ an toàn 5 sao Euro NCAP và an toàn 5 sao ANCAP tại Australia. Chính sách đặc biệt nhất mà chưa có hãng xe tại Việt Nam thực hiện là MG Việt Nam còn cam kết Bảo hành 5 năm không giới hạn số kilomet, 5 lần bảo dưỡng miễn phí (toàn phần và nhân công).
MG Trường Chinh - Công ty Cổ phần ô tô Đông Nam ÁHotline bán hàng: 0902 111 765Hotline dịch vụ: 0932 111 765Địa chỉ: 765 Trường Chinh, phường Tây Thạnh, quận Tân Phú, Tp.HCM.",Đại lý MG,772
https://vneconomy.vn/ha-tien-dau-gia-3-khu-dat-lan-bien-thu-tren-423-ty-dong.htm,"Hà Tiên đấu giá 3 khu đất lấn biển, thu trên 423 tỷ đồng",2023-09-26,Bất động sản,"Phòng Quản lý đô thị thành phố Hà Tiên, tỉnh Kiên Giang cho biết thành phố Hà Tiên vừa tổ chức đấu giá 3 khu lấn biển để làm khu nghỉ dưỡng cao cấp ven biển phục vụ du lịch với tổng số tiền đấu giá hơn 423 tỉ đồng.
Theo đó, 2 công ty trúng đấu giá đất là: Công ty Trách nhiệm hữu hạn đầu tư phát triển Enterland, trúng đấu giá lô đất ven biển ở Mũi Nai, phường Pháo Đài với số tiền hơn 116 tỉ đồng và khu đất ven biển làm nhà ở nghỉ dưỡng cao cấp ở xã Tiên Hải, thành phố Hà Tiên trúng đấu giá trên 75,6 tỉ đồng; Công ty Newstarland trúng đấu giá khu đất Bãi Nò, ở phường Pháo Đài với số tiền trên 232 tỉ đồng.
Các khu đất được đấu giá thành công sẽ được các công ty đầu tư xây dựng những công trình như khu nghỉ dưỡng cao cấp ven biển, phục vụ cho sự phát triển du lịch của thành phố. Bên cạnh đó, những công trình sẽ góp phần đưa thành phố Hà Tiên trở thành đô thị loại II trong thời gian sớm nhất.
Cụ thể, tại khu đất Bãi Nò, doanh nghiệp trúng đấu giá sẽ đầu tư xây dựng thành khu nhà nghỉ dưỡng cao cấp Bãi Nò với diện tích 39.340m2.
Tại đất ven biển Mũi Nai, đơn vị trúng đấu giá sẽ đầu tư xây dựng thành khu nhà ở nghỉ dưỡng cao cấp Mũi Nai với diện tích 14.682,8m2, trong đó, diện tích đất sử dụng cho mục đích đất ở tại đô thị là 9.543,82m2.
Tại xã Tiên Hải, đơn vị sở hữu khu đất sẽ đầu tư phát triển thành khu nhà ở nghỉ dưỡng cao cấp xã Tiên Hải.
Theo ông Nguyễn Hoàng Lâm, Phó Chủ tịch Ủy ban nhân dân phường Pháo Đài, thành phố Hà Tiên, sau khi đấu giá thành công các lô đất trên địa bàn phường, các đơn vị thi công khẩn trương san lấp mặt bằng chuẩn bị làm dự án. Tại lô đất ven biển Mũi Nai, đơn vị huy động nhiều máy móc, nhân lực, thiết bị để san lấp mặt bằng.
Cũng theo Phòng Quản lý đô thị thành phố Hà Tiên, thành phố Hà Tiên có nhiều dự án khu đô thị đang thi công nhưng vẫn có một số dự án đang thực hiện dang dở. Các khu đất đã đấu giá xong thì các doanh nghiệp đang hoàn thiện hồ sơ, thủ tục để khởi công, sẽ hoàn thành xong vào cuối năm 2025.
Thành công của dự án lấn biển mở rộng thành phố Rạch Giá, Hà Tiên đã làm tiền đề để tỉnh Kiên Giang mạnh dạn cho chủ trương, phê duyệt quyết định đầu tư thêm nhiều dự án lấn biển ở một số nơi có điều kiện tương tự.
Trong đó, nhiều dự án đã và đang thực hiện thành công như: dự án khu đô thị mới lấn biển Tây Bắc thành phố Rạch Giá với quy mô khoảng 99,4ha, tổng vốn đầu tư 3.714 tỷ đồng; dự án lấn biển khu đô thị Phú Cường Hoàng Gia quy mô 68,68ha, tổng vốn đầu tư 8.000 tỷ đồng; dự án lấn biển Phú Cường đảo Phú Gia 30ha; dự án khu đô thị Phú Quý lấn biển Tây Nam Rạch Sỏi gần 100ha...
Theo dự thảo quy hoạch tỉnh Kiên Giang thời kỳ 2021 - 2030, tầm nhìn đến năm 2050, trong giai đoạn 2021 - 2030, tỉnh đột phá phát triển lấn biển theo định hướng sáng tạo, lấn biển theo đường vòng cung, hoặc đường dẫn ra đảo, chứ không đơn thuần lấn biển tịnh tiến. Lấn biển theo đường vòng cung là cách làm tương tự Dubai, qua đó giữ được nhiều không gian biển, tạo điểm nhấn cảnh quan sinh thái cho Kiên Giang.","đấu giá khu đất, Hà Tiên, khu đô thị lấn biển, kiên giang",816
https://baodautu.vn/khai-truong-mm-mega-market-thang-long-d74168.html,Khai trương MM Mega Market Thăng Long,2017-12-13,Ngân hàng - Bảo hiểm,"Lễ ra mắt thương hiệu MM Mega Market tại trung tâm đầu tiên của khu vực phía Bắc tiếp tục khẳng định cam kếtđầu tưmạnh mẽ của tập đoàn TCC vào phát triển thương hiệu mới từ sản phẩm đến dịch vụ nhằm phục vụ tốt nhất khách hàng trên địa bàn này.
Chia sẻ tại lễ khai trương, ông Phidsanu Pongwatana, Giám đốc điều hành MM Mega Market Việt Nam cho biết, cùng với những thay đổi mang tính đột phá về mọi mặt từ hình ảnh, cách bài trí trung tâm, đến phát triển các sản phẩm mới so với Metro Cash & Carry trước đây, MM Mega Market Việt Nam tiếp tục đẩy mạnh kiểm soát an toàn thực phẩm bằng cách phát triển các chuỗi cung ứng thực phẩm an toàn thông qua hợp tác với nông dân và các nhà cung cấp địa phương.
“Mục tiêu của chúng tôi là đem đến sản phẩm đảm bảo an toàn vệ sinh thực phẩm và chất lượng cao cho khách hàng” Giám đốc điều hành MM Mega Market Việt Nam chia sẻ.
Để hiện thực các mục tiêu trên, tháng 4/2017, MM Mega Market đã xây dựng trạm trung chuyển thịt heo tại Đồng Nai, thu mua heo của hơn 400 hộ nông dân nằm trong 23 tổ hợp tác sản xuất theo tiêu chuẩn VietGAP. Hiện nay, sản lượng thịt heo MM Mega Market thu mua từ các hộ nông dân Đồng Nai lên tới 250 tấn/tháng. Trong thời gian tới, MM Mega Market tiếp tục phối hợp với LIFSAP (Dự áncạnh tranh ngành chăn nuôi và an toàn thực phẩm của World Bank) xây dựng trạm trung chuyển thịt heo tại khu vực phía Bắc.
“Chúng tôi đang tìm kiếm các hộ nông dân và đối tác trên địa bàn các tỉnh phía Bắc để xây dựng Trạm trung chuyển thịt heo của MM Mega Market. Tôi tin rằng, kế hoạch này sẽ đem lại lợi ích cho các hộ nông dân hợp tác với MM Mega Market bởi sản lượng thu mua lớn, ổn định và cam kết giá tốt. Tôi tin rằng đầu tư xây dựng trạm trung chuyển thịt heo sẽ giúp khách hàng của MM Mega Market ở khu vực phía Bắc giải tỏa được nỗi lo về vấn đề an toàn vệ sinh thực phẩm của thịt heo đang rất được quan tâm”, ông Phidsanu cho biết.
Là một trong những nhà đầu tư Thái Lan lớn nhất tại Việt Nam, thông qua MM Mega Market sẽ giúp tập đoàn TCC đẩy mạnh việc tiếp thị, phân phối sản phẩm từ Việt Nam sang Thái Lan cũng như các thị trường trong khu vực ASEAN. Ông Phidsanu chia sẻ : “Chúng tôi vừa được cấp phép xuất khẩu hàng hóa, đây là một cột mốt lớn giúp chúng tôi có thể hỗ trợ đẩy mạnh hàng Việt sang thị trường Thái Lan cũng như các quốc gia mà tập đoàn chúng tôi đang có mặt”.
Để đẩy mạnh hàng hóa sang thị trường các nước, hiện nay MM Mega Market không chỉ hỗ trợ cácdoanh nghiệptrong nước kết nối với hệ thống phân phối của Big C tại Thái Lan (Big C Thái Lan thuộc tập đoàn TCC) mà còn tổ chức các chuyến đi thực tế cho đội ngũ thu mua từ Thái Lan sang.
“Trong các chuyến đi này, chúng tôi giới thiệu các vùng nguyên liệu, quy trình nuôi trồng, sản xuất, quá trình kiểm soát chất lượng… giúp họ có đầy đủ thông tin về nguồn hàng tại Việt Nam”, ông Phidsanu cho biết thêm.
Tiếp theo, TTC sẽ tổ chức lễ khai trương trung tâm tại khu vực miền Trung tại Đà Nẵng vào tuần tới, và các trung tâm MM trên cả nước trong thời gian tới.","MM Mega Market, trung tâm thương mại MM Mega Market thăng long",748
https://vneconomy.vn/thi-cong-doan-tuyen-qua-tinh-lao-cai-thuoc-du-an-oda-hon-5-000-ty-dong-ket-noi-mien-nui-phia-bac.htm,Thi công đoạn tuyến qua tỉnh Lào Cai thuộc dự án ODA hơn 5.000 tỷ đồng kết nối miền núi phía Bắc,2022-09-19,Đầu tư,"Ngày 19/9, Bộ Giao thông vận tải và Ủy ban nhân dân tỉnh Lào Cai tổ chức lễ khởi công gói thầu XL-01, đoạn chạy qua huyện Văn Bàn (Lào Cai) nối thành phố Lai Châu với cao tốc Nội Bài-Lào Cai, thuộc dự án kết nối giao thông các tỉnh miền núi phía Bắc.
Đây là dự án quan trọng được Bộ Giao thông vận tải quyết định đầu tư bằng nguồn vốn vay ODA của Ngân hàng Phát triển châu Á (ADB), vốn viện trợ không hoàn lại của Chính phủ Úc và vốn đối ứng trong nước.
Tuyến số 1 dài 147km, kết nối Lai Châu với cao tốc Hà Nội-Lào Cai; điểm đầu tại nút giao IC16 của đường cao tốc Nội Bài-Lào Cai, điểm cuối tại ngã ba bệnh viện thành phố Lai Châu.
Tuyến số 2 dài khoảng 53km, kết nối thị xã Nghĩa Lộ (Yên Bái) với cao tốc Hà Nội-Lào Cai với điểm đầu tại nút giao IC14 của đường cao tốc Nội Bài-Lào Cai, điểm cuối giao với quốc lộ 32 (thị xã Nghĩa Lộ).
Tổng mức đầu tư của dự án kết nối giao thông các tỉnh miền núi phía bắc là 5.339 tỷ đồng, tương đương 235,3 triệu USD. Trong số đó, vốn vay Ngân hàng Phát triển châu Á (ADB) là 187,2 triệu USD (chiếm 80%); vốn viện trợ không hoàn lại của Chính phủ Australia là 4,4 triệu USD (chiếm 2%); vốn đối ứng của Chính phủ Việt Nam là 43,5 triệu USD (chiếm 18%).
Trong đó gói thầu XL-08, qua địa phận tỉnh Lai Châu là gói thầu đầu tiên được khởi công vào ngày 27/12/2021.
Gói XL01 được triển khai là một trong ba gói thầu: XL01, XL02, XL03 thuộc tuyến nối Lai Châu - cao tốc Nội Bài - Lào Cai đi qua địa phận tỉnh Lào Cai.
Theo thiết kế, tuyến được đầu tư với tốc độ thiết kế 60km/giờ. Chiều rộng mặt đường 6m, nền đường 9m.
Tại một số đoạn, bề rộng mặt đường 9m (có làn phụ leo dốc); bề rộng nền là 10m.
Theo phương án được duyệt, gói thầu XL01 có tổng giá trị hợp đồng hơn 474 tỷ đồng, được thi công trong thời gian 30 tháng. Chủ đầu tư dự án là Ban Quản lý dự án 2, nhà thầu thi công là Tập đoàn Đạt Phương.
Phát biểu tại buổi lễ, Thứ trưởng Bộ Giao thông vận tải Lê Đình Thọ, cho biết việc đầu tư xây dựng hệ thống giao thông kết nối các tỉnh miền núi phía bắc với cao tốc Nội Bài-Lào Cai, trong đó, có đoạn tuyến đi qua tỉnh Lào Cai để nối Lai Châu với cao tốc Nội Bài-Lào Cai để thay thế tuyến đường cũ, quy mô cấp IV-V miền núi đã sử dụng hơn 20 năm, giúp giao thương và đi lại thuận tiện, an toàn của 9 xã thuộc huyện Văn Bàn, tỉnh Lào Cai.
Cùng với đó, sau khi được đầu tư xây dựng, dự án sẽ đảm bảo tính kết nối giữa các tỉnh Lai Châu, Lào Cai, Yên Bái với cao tốc Hà Nội - Lào Cai, rút ngắn hành trình từ các trung tâm chính trị kinh tế của các tỉnh này về Thủ đô Hà Nội.
Ông Lê Trọng Hài, Phó Chủ tịch tỉnh Lào Cai, cho biết công tác giải phóng mặt bằng dự án đoạn qua địa phận huyện Văn Bàn đang được triển khai rốt ráo. Tổng số hộ bị ảnh hưởng là 1.725 hộ và xây dựng 4 khu tái định cư cho các hộ.
Cũng tại buổi lễ, Ban Quản lý dự án 2 cùng nhà thầu thi công là Tập đoàn Đạt Phương và đơn vị tư vấn giám sát dự án hứa sẽ cùng nhau phối hợp chặt chẽ nhằm thi công gói thầu XL01 đạt chất lượng tốt, hoàn thành công trình đảm bảo đúng tiến độ đặt ra.",Thi công đoạn tuyến qua tỉnh Lào Cai thuộc dự án ODA hơn 5.000 tỷ kết nối miền núi phía Bắc,843
https://vneconomy.vn/ong-dang-tat-thang-tu-nhiem-chuc-vu-pho-chu-tich-tap-doan-flc-va-tong-giam-doc-tai-bamboo-airways.htm,Ông Đặng Tất Thắng từ nhiệm chức vụ phó chủ tịch Tập đoàn FLC và Tổng giám đốc tại Bamboo Airways,2022-08-01,Chứng khoán,"Công ty Cổ phần Tập đoàn FLC (mã FLC) công bố ngày 29/7/2022, Tập đoàn FLC nhận được Đơn từ nhiệm chức vụ thành viên Hội đồng quản trị Công ty của Ông Đặng Tất Thắng.
Theo đó, HĐQT sẽ trình Đại hội đồng cổ đông FLC thông qua việc miễn nhiệm chức vụ thành viên HĐQT công ty đối với ông Đặng Tất Thắng tại cuộc họp gần nhất, thời điểm miễn nhiệm được tính kể từ ngày được ĐHĐCĐ chấp thuận.
Đồng thời, cũng trong ngày 29/7, Công ty cổ phần Hàng không Tre Việt (Bamboo Airways) - thành viên của FLC Group - cũng công bố quyết định ông Đặng Tất Thắng thôi giữ vị trí Tổng giám đốc từ ngày 27/7 và bổ nhiệm ông Nguyễn Mạnh Quân giữ vị trí trên.
Được biết, ông Nguyễn Mạnh Quân giữ chức vụ Phó Tổng giám đốc Hãng hàng không Bamboo Airways từ tháng 6/2020. Từ tháng 9/2020, ông giữ chức vụ Phó Tổng giám đốc thường trực của Hãng cho đến nay. Trước đó, ông có 30 năm công tác tại các Cơ quan, doanh nghiệp lớn của Việt Nam trong các lĩnh vực hàng không, dịch vụ, thương mại… như Bộ Thương mại, Tổng Công ty Hàng không Việt Nam, Công ty cổ phần dịch vụ hàng không Nội bài, Công ty cổ phần hàng không Thiên Minh, Công ty Vinpearl,…
Tại đại hội cổ đông bất thường lần 2 mới đây, FLC đã miễn nhiệm chính thức chức danh thành viên HĐQT với ông Trịnh Văn Quyết, bà Hương Trần Kiều Dung và ông Lã Quý Hiển. Thay thế là ông Doãn Hữu Đoàn, ông Lê Bá Nguyên và ông Lê Thái Sâm. Trong đó, ông Lê Bá Nguyên đã được bầu làm Chủ tịch Hội đồng quản trị FLC.
Tháo báo cáo tài chính hợp nhất 6 tháng đầu năm 2022, FLC ghi nhận doanh thu hợp nhất trong quý 2/2022 đạt hơn 623 tỷ đồng, giảm 63% so với cùng kỳ năm ngoái (1.678 tỷ đồng) và lợi nhuận sau thuế lỗ 640 tỷ đồng (cũng kỳ lãi 20,9 tỷ đồng).
FLC lỗ nặng trong quý II là do phát sinh khoản lỗ đột biến hơn 317 tỷ đồng từ công ty liên doanh, liên kết. Ngoài ra, doanh thu tài chính cũng giảm mạnh, còn một phần mười so với cùng kỳ năm ngoái với 65,6 tỷ đồng.
Theo lý giải của FLC, doanh thu bán hàng và tài chính giảm mạnh do công ty đang trong quá trình cơ cấu lại kinh doanh và thay đổi lãnh đạo chủ chốt. Đặc biệt, mảng hàng không thời gian qua không thuận lợi khiến công ty lỗ 311,6 tỷ đồng.
Luỹ kế 6 tháng đầu năm 2022, FLC ghi nhận doanh thu hợp nhất 1.709 tỷ đồng, giảm 60% cùng kỳ (4.238,6 tỷ đồng); 6 tháng đầu năm FLC báo lỗ sau thuế 1.105 tỷ đồng (cùng kỳ lãi 63,49 tỷ đồng).
Tính đến ngày 30/6, FLC có tổng tài sản gần 36.299 tỷ đồng, tăng 2.512 tỷ so với hồi đầu năm và nợ phải trả tăng hơn 3.500 tỷ so với đầu năm, lên 27.569 tỷ đồng; lợi nhuận sau thuế chưa phân phối còn hơn 977 tỷ, giảm gần 730 tỷ so với hồi đầu năm.
Cũng theo báo tài chính 6 tháng đầu năm chi phí lương cho các thành viên quản lý chủ chốt là 7,59 tỷ, tăng hơn 3 tỷ so với cùng kỳ - trong đó, thù lao cho ông Trịnh Văn Quyết và bà Hương Trần Kiều Dung giảm từ 60 triệu hồi quý 2/2021 xuống còn 30 triệu trong quý 2 này - trong khi đó, ông Nguyễn Tất Thắng tăng từ 25 triệu lên 60 triệu và bà Bùi Hải Huyền tăng từ 50 triệu lên 60 triệu trong quý này.",Ông Đặng Tất Thắng từ nhiệm chức vụ phó chủ tịch Tập đoàn FLC và Tổng giám đốc tại Bamboo Airways,802
https://baodautu.vn/batdongsan/licogi-trong-vao-cua-de-danh-d25392.html,Licogi trông vào “của để dành”,2015-03-25,Chuyển động thị trường,"Với lợi thế của doanh nghiệp trong lĩnh vực xây dựng và phát triển hạ tầng, Tổng công ty Xây dựng và Phát triển hạ tầng (Licogi) là chủ đầu tư hàng loạt dự án bất động sản trên địa bàn cả nước.
Dù nhiều trong số các dự án này không được chủ đầu tư triển khai đến đầu đến đũa, nhưng đây lại là “của để dành” hấp dẫn giới đầu tư trông tới tham dự IPO Licogi ngày 13/4 tới đây.
Bất động sản có quy mô lớn nhất tại Hà Nội của Licogi tính đến thời điểm này là Dự án Khu đô thị mới Thịnh Liệt, quận Hoàng Mai, Hà Nội. Dự án này có quy mô 35,16 ha trên địa bàn các phường Tương Mai, Hoàng Văn Thụ và Thịnh Liệt, quận Hoàng Mai. Trong đó, đất ở thấp tầng gồm nhà vườn và nhà biệt thự là 6,15 ha; đất ở cao tầng là 9,51 ha với 6 cụm chung cư có ký hiệu từ CT3 đến CT8 với chiều cao từ 14 – 15 tầng.
Khu đô thị Thịnh Liệt có tổng mức đầu tư ban đầu là 2.000 tỷ đồng, khởi công xây dựng từ năm 2008, nhưng đến nay vẫn chưa hoàn thành việc giải phóng mặt bằng. UBND TP. Hà Nội đã nhiều lần nhắc nhở, phê bình chủ đầu đầu tư chậm triển khai dự án này nhưng với năng lực của mình, chủ đầu tư mới giải phóng được khoảng 30 ha trên tổng diện tích dự án là 35,16 ha.
Trước đó, năm 2002, Licogi cũng “xin” được một dự án bất động sản quy mô 63 ha là Khu đô thị mới Nam ga Hạ Long. Đây là dự án BT (đổi đất lấy hạ tầng) của gói thầu đường bao biển từ Cột 5 đến Cột 8, TP. Hạ Long, tỉnh Quảng Ninh. Sau nhiều lần điều chỉnh quy hoạch, dự án đã “ngót” lại, chỉ còn 33 ha trên địa bàng phường Hà Khẩu, Giếng Đáy và Hùng Thắng (Tp.Hạ Long). Tuy nhiên, đến nay, dự án cũng chưa hoàn thành việc giải phóng mặt bằng.
Cũng tại Quảng Ninh, Licogi còn 1 dự án bất động sản khác trong tình trạng triển khai dang dở là Khu đô thị Yên Thanh, phường Yên Thanh, TP. Uông Bí, tỉnh Quảng Ninh. Việc có tiếp tục triển khai dự án khu đô thị có diện tích 27,5 ha này vẫn là câu hỏi lớn với Licogi vì đến nay, sau nhiều năm được cấp phép đầu tư, dự án hầu như không có tiến triển nào đáng kể.
Ngoài các dự án kể trên, Licogi còn có cổ phần tại một số dự án bất động sản do các đơn vị thành viên làm chủ đầu tư như: Khu đô thị Minh Phương, quy mô 48 ha tại TP.Việt Trì, tỉnh Phú Thọ; Dự án Khu đô thị Nhơn Trạch, huyện Nhơn Trạch, tỉnh Đồng Nai do Licogi 16 làm chủ đầu tư; Dự án Khu đô thị  Cà Mau, TP. Cà Mau do Licogi 19 làm chủ đầu tư; Dự án Khu nhà ở, văn phòng cao cấp và căn hộ cho thuê tại Hà Nội do Licogi 13 làm chủ đầu tư…
Trong số các dự án do công ty thành viên của Licogi làm chủ đầu tư, nhiều đơn vị đã cổ phần hóa và niêm yết trên sàn chứng khoán, tỷ lệ sở hữu của Licogi tại những công ty này là không đáng kể (từ 2% đến dưới 30%).
Mức giá mà thị trường “phán quyết” với cổ phần của Licogi như thế nào còn phải chờ ở phiên đấu giá trong ngày 13/4 tới đây. Tự thân Licogi, doanh nghiệp chỉ đặt mục tiêu tăng vốn điều lệ lên mức 900 tỷ đồng sau đợt IPO này.","Dự án Bất động Sản, LICOGI, Cổ Phần Hóa LICOGI, IPO Licogi, Ipo, Tổng Công Ty Xây Dựng Và Phát Triển Hạ Tầng, Cổ Phần Hoá Tổng Công Ty Xây Dựng Và Phát Triển Hạ Tầng, Dự án Khu đô Thị Thịnh Liệt, Dự án, Bất động Sản, địa ốc",816
https://vneconomy.vn/che-giau-6-000-ty-doanh-thu-tiem-vang-phuoc-nguyen-tai-an-giang-tron-thue-hon-90-ty.htm,"Che giấu 6.000 tỷ doanh thu, tiệm vàng Phước Nguyên tại An Giang trốn thuế hơn 90 tỷ",2022-04-04,Tài chính,"Liên quan đến vụ việc tiệm vàng Phước Nguyên tại TP. Long Xuyên, An Giang bị điều tra dấu hiệu trốn thuế vì không xuất hoá đơn, kê khai nộp thuế, ngày 4/4, Bộ Tài chính cho biết, theo tài liệu của Cơ quan cảnh sát điều tra, ông Nguyễn Thanh Bình, đại diện pháp luật doanh nghiệp, thuê một số người làm công và vợ của ông là bà Nguyễn Thị Mỹ Dung đứng tên chủ tài khoản mởi tại ngân hàng nhưng không khai báo với cơ quan thuế.
Khi có hoạt động giao dịch mua bán vàng người mua chuyển tiền vào tài khoản này để thanh toán tiền nhằm mục đích giấu doanh thu để trốn thuế.
Được biết, Doanh nghiệp TN Tiệm Vàng Phước Nguyên (mã số thuế 1601863404) có trụ sở tại số 1, Lô 8, đường Nguyễn Trãi, Phường Mỹ Long, Thành phố Long Xuyên, An Giang. Ngành nghề kinh doanh chính là ""Bán buôn kim loại và quặng kim loại"", không có giấy phép hoạt động kinh doanh ngoại tệ.
Bộ Tài chính cho biết thêm, theo tài liệu điều tra của Cơ quan Cảnh sát điều tra Công an tỉnh An Giang, từ 2015 đến 2020 qua các giao dịch thanh toán chuyển tiền qua ngân hàng thì doanh nghiệp này có hành vi bán vàng, ngoại tệ không đúng quy định pháp luật, với doanh thu từ hoạt động kinh doanh bán vàng là trên 6.362 tỷ đồng.
Trong khi đó, doanh thu từ hoạt động kinh doanh bán vàng mà Doanh nghiệp TN Tiệm Vàng Phước Nguyên kê khai với Chi cục Thuế TP Long Xuyên từ 2015 đến 2020 chỉ vỏn vẹn 339 tỷ đồng.
Chênh lệch doanh thu bán vàng qua kết quả điều tra của Cơ quan Cảnh sát điều tra từ 2015 đến 2020 là 6.023 tỷ đồng. Do vàng có giao dịch lớn, theo thống kê chênh lệch giữa giá mua vào và bán ra dao động khoảng 1% đến 2% trên doanh thu bán ra. Do đó, số tiền thuế trốn ước tính là 90 tỷ đồng.
Trước đó, Cơ quan cảnh sát điều tra Công an tỉnh An Giang đã ra quyết định khởi tố vụ án, khởi tố bị can và bắt tạm giam bị can Nguyễn Thanh Bình cùng 5 bị can liên quan về tội ""buôn lậu"".
Được biết, ngày 10/1 vừa qua, đại tá Đinh Văn Nơi, Giám đốc Công an tỉnh An Giang, trực tiếp chỉ đạo các lực lượng nghiệp vụ bắt quả tang và tạm giữ hình sự 2 nghi phạm Nguyễn Thanh Bình (57 tuổi, ngụ TP Long Xuyên, An Giang) và Trang Kiến Cường (46 tuổi, ngụ TP Châu Đốc, An Giang) đang có hành vi mua bán vàng nghi là vàng nhập lậu.
Tại hiện trường, lực lượng công an thu giữ tang vật gồm: 3 thỏi kim loại màu vàng trọng lượng 3kg, nghi vấn vàng 9999 nhập lậu từ Campuchia, gần 170.000 USD và 700 triệu đồng.
Tối ngày 10/1, cơ quan điều tra đồng loạt khám xét khẩn cấp tiệm vàng Phước Quang tại số 77 đường Nguyễn Trãi, TP. Long Xuyên cùng 2 địa điểm khác có liên quan đến nghi phạm Nguyễn Thanh Bình và Trang Kiến Cường.
Qua khám xét, công an thu giữ khoảng 15kg vàng nữ trang, hơn 2,2 triệu USD, một số ngoại tệ khác, 26 tỷ đồng và một số giấy tờ, điện thoại di động có liên quan.
Hiện cơ quan thuế vẫn đang phối hợp với cơ quan cảnh sát điều tra trong quá trình điều tra đồng thời chỉ đạo các cơ quan thuế tăng cường kiểm tra giám sát các doanh nghiệp kinh doanh vàng bạc đá quý trên địa bàn quản lý.","""Giấu"" 6.000 tỷ doanh thu tiệm vàng Phước Nguyên tại An Giang trốn thuế hơn 90 tỷ",761
https://baodautu.vn/batdongsan/ra-mat-biet-thu-to-chim-sakana-hoa-binh---bw-premier-collection-d134785.html,Ra mắt biệt thự tổ chim Sakana Hòa Bình - BW Premier Collection,2020-12-14,Dự án - quy hoạch,"Ngày 12/12/2020, tại Trung tâm Hội nghị Quốc gia, Lễ ra mắt nhà tổ chim Sakana Hòa Bình - BW Premier Collection đã thu hút đông đảo sự quan tâm của nhiều người bởi tính độc đáo của mẫu thiết kế.
Dù không nằm ngoài tác động của đại dịch Covid-19, nhưng Công ty cổ phần phát triển nghỉ dưỡng Ngoại ô vẫn tiếp tụcđầu tưchodự ánSakana Hòa Bình - BW Premier Collection với việc bắt tay với “ông lớn” Best Western – Top 10 tập đoàn quản lý khách sạn hàng đầu thế giới từ khâu quy hoạch, thiết kế cho đến quản lý vận hành.
Theo đại diện của Công ty Ngoại ô, việc hợp tác với Best western ngay từ khi thiết kế khiến Sakana tuân thủ các tiêu chuẩn từ quy hoạch, hạ tầng, dịch vụ đến các thiết kế biệt thự đều đáp ứng tiêu chuẩn Premier của tập đoàn. Điều này là cơ sở để việc vận hành Sakana sẽ bền vững về lâu dài.
Cùng với việc chọn đối tác quốc tế, đảm bảo cho tương lai của khu nghỉ dưỡng, Công ty Ngoại ô đặc biệt coi trọng vấn đề thiết kế mẫu biệt thự. Trong đó, mẫu biệt thự nhà tổ chim của dự án Sakana Hòa Bình là một trong 4 mẫu nhà: Nhà nón, nhà nơm, nhà rông và nhà tổ chim được Công ty Ngoại Ô dành rất nhiều tâm huyết và sự sáng tạo trong đó để tạo nên thành “tác phẩm nghệ thuật” độc đáo, riêng biệt được xem là bậc nhất tại miền Bắc.
Chia sẻ tại Lễ ra mắt nhà tổ chim, Ông Nguyễn Thành Trung - Giám đốc Công ty cổ phần phát triển nghỉ dưỡng Ngoại ô cho biết: “Không giống như những khu nghỉ dưỡng đẳng cấp 5 sao khác với những cái tên mỹ miều, Khu nghỉ dưỡng Sakana Hòa Bình – BW Premier Collection của chúng tôi được đặt bằng những cái tên bình dị, gắn liền với văn hóa độc đáo và thể hiện sự tôn trọng tự nhiên sâu sắc. Cũng giống như mẫu biệt thự nhà tổ chim ra đời với mong muốn đây sẽ là tổ ấm hạnh phúc, bình yên, nơi cảm xúc của người chủ sở hữu ngôi nhà được trọn vẹn. Với kiến trúc mô phỏng lại hình tổ chim trong tự nhiên, biệt thự tổ chim Sakana Hòa Bình sẽ đem lại trảm nghiệm thú vị và cuộc sống hạnh phúc cho tất cả mọi người trong một khu vườn thiên nhiên xanh và lành”.
Trước đó, Công ty Ngoại ô đã ra mắt mẫu biệt thự nhà nơm, nhà nón và đã được đông đảo bạn bè, quý khách hàng đánh giá cao. Ông Nguyễn Thành Trung nhấn mạnh: “Mỗi biệt thự chính là một công trình nghệ thuật mà ở đó có sự kết hợp tinh tế giữa chất liệu dân gian với trang thiết bị cao cấp. Từng mùa hoa trên mỗi con đường cũng sẽ tạo ra những kỷ niệm đẹp quanh năm, khiến du khách luôn muốn quay trở lại”.
Chia sẻ về mẫu nhà biệt thự tổ chim, đại diện Công ty Green Scape cho biết, biệt thự tổ chim vỏ ngoài được xếp bằng gạch nung, đây là vật liệu cơ bản nhất trong xây dựng về độ bền vững, tính chất linh động và ứng dụng trang trí của chúng. Phần khung tường gạch bên trong, mái bê tông định hình dáng căn nhà, và cũng là khung bảo vệ phía trong, không bị ảnh hưởng trong trường hợp khung bao che bên ngoài được thay đổi vật liệu cũ, tạo hình ảnh mới cho kiến trúc. Còn lớp phía trong, chính là lớp tường sàn nội thất được áp dụng các vật liệu phù hợp với phong cách kiến trúc.","Sakana Hòa Bình – BW Premier Collection, Công ty cổ phần Phát triển nghỉ dưỡng Ngoại ô, nhà tổ chim",750
https://baodautu.vn/vietinbank-chinh-thuc-ap-dung-thong-tu-412016tt-nhnn-tu-12021-d135530.html,VietinBank chính thức áp dụng Thông tư 41/2016/TT-NHNN từ 1/2021,2020-12-25,Thông tin doanh nghiệp,"Thực hiện định hướng về triển khai thực hiện Basel II tại Việt Nam, kể từ năm 2014, VietinBank đã tích cực triển khai cácdự ánthuộc chương trình Basel II, hướng tới đáp ứng thông lệ quốc tế về quản trị rủi ro, quản lý vốn theo các chuẩn mực của Ủy ban Basel cũng như thông lệ thực hành trong khu vực. VietinBank nỗ lực để cải thiện nâng cao năng lực hướng tới các chuẩn mực và thông lệ tốt nhất trong quản trịngân hàng, cung cấp tín dụng lành mạnh phục vụ tăng trưởngkinh tế.
Sau một thời gian chuẩn bị, VietinBank đã sớm đáp ứng toàn diện các yêu cầu theo Thông tư 41 và các tiêu chuẩn Basel II về cơ cấu quản trị, quy định, quy trình kiểm soát nội bộ, hệ thống công nghệ thông tin, cơ sở dữ liệu, nhân sự…
Trong thời gian qua, VietinBank cũng đã tích cực triển khai đồng bộ các giải pháp tại Quyết định 1058/QĐ-TTg ngày 19/7/2017 của Thủ tướng Chính phủ về việc “phê duyệt đề án cơ cấu lại hệ thống các tổ chức tín dụng gắn với xử lý nợ xấu giai đoạn 2016 - 2020”; và thực hiện đồng thời các biện pháp cải thiện vốn từ nguồn lực nội tại của VietinBank để nâng cao năng lực vốn tự có, bao gồm: bổ sung vốn điều lệ; phát hành trái phiếu thứ cấp; nâng cao hiệu quả các khoảnđầu tư, góp vốn.
Song song với tăng cường quy mô vốn, VietinBank cũng chủ động điều chỉnh cơ cấu danh mục tài sản có rủi ro, kiểm soát hệ số rủi ro bình quân, tạo nền tảng vững chắc để VietinBank có thể duy trì đảm bảo tỷ lệ an toàn vốn đáp ứng theo quy định tại Thông tư 41 từ đầu năm 2021.
Ngày 23/11/2020, Đại hội đồng cổ đông VietinBank đã phê duyệt thông qua phương án tăng vốn điều lệ thông qua phát hành cổ phiếu để trả cổ tức từ lợi nhuận sau thuế và trích các quỹ năm 2017, 2018 và phần lợi nhuận còn lại sau thuế, trích quỹ và chia cổ tức bằng tiền mặt của năm 2019. Đây là yếu tố quan trọng giúp VietinBank hoàn thành mục tiêu tại Đề án cơ cấu lại gắn với xử lý nợ xấu giai đoạn 2016 - 2020 và tiếp tục nâng cao năng lựctài chính, tăng cường khả năng đáp ứng vốn cho nền kinh tế.
Với thành quả của các dự án thuộc chương trình Basel II trong hơn 5 năm chuẩn bị và năng lực vốn được cải thiện, ngày 23/12/2020, VietinBank đã chính thức có văn bản báo cáo NHNN về việc áp dụng Thông tư 41 tại ngân hàng từ 01/01/2021.
Việc VietinBank chính thức áp dụng tỷ lệ an toàn vốn theo Thông tư 41 và đáp ứng hàng loạt các chuẩn mực Basel II sẽ tạo thế và lực mới để VietinBank tiếp tục mở rộng hoạt động kinh doanh, nâng cao năng lực quản trị, năng lực tài chính, cải thiện chất lượng tài sản về chất, tăng khả năng sinh lời gắn liền với quản trị rủi ro.
Đây cũng là tiền đề để VietinBank tiệm cận với các thông lệ trong khu vực, tăng sức cạnh tranh bền vững trong quá trình hội nhập với thị trường quốc tế cũng như khu vực và tiếp tục khẳng định vai trò, trách nhiệm của VietinBank trong việc xây dựng một hệ thống ngân hàng Việt Nam lành mạnh, minh bạch, thúc đẩy phát triển kinh tế quốc gia bền vững.","VietinBank, Basel II, Thông tư 41/2016/TT-NHNN",718
https://vneconomy.vn/65-lanh-dao-doanh-nghiep-se-tang-ngan-sach-bao-mat-cho-nam-2023.htm,65% lãnh đạo doanh nghiệp sẽ tăng ngân sách bảo mật cho năm 2023,2022-10-25,Kinh tế số,"Khảo sát gần đây về niềm tin số toàn cầu năm 2022 của PwC thực hiện tại 65 quốc gia với hơn 3.500 giám đốc điều hành cấp cao. Theo đó, cứ bốn công ty thì có một doanh nghiệp (27%) trên toàn cầu gặp sự cố rò rỉ dữ liệu thiệt hại từ 1 tới 20 triệu USD hoặc nhiều hơn thế trong vòng 3 năm vừa qua.
Các cuộc tấn công mạng tiếp tục gây thiệt hại cho các doanh nghiệp hàng triệu USD nhưng chưa đến 40% giám đốc điều hành tham gia khảo sát cho biết họ đã giảm thiểu hoàn toàn rủi ro an ninh mạng trong một số lĩnh vực bao gồm: làm việc từ xa và linh hoạt (38%); tăng tốc áp dụng đám mây (35%); tăng sử dụng Internet vạn vật (IoT) (34%); tăng cường số hóa chuỗi cung ứng (32%) và các hoạt động hành chính văn phòng (31%).
Ngoài ra, các giám đốc điều hành cấp cao bày tỏ lo ngại doanh nghiệp của họ không được chuẩn bị đầy đủ để giải quyết các mối đe dọa ngày càng tăng cao. Đứng đầu danh sách các rủi ro môi trường mạng năm 2023 là tội phạm mạng (65%); lừa đảo trên thiết bị di động (41%), email (40%), rò rỉ dữ liệu đám mây (38%); và xâm nhập email doanh nghiệp/chiếm đoạt tài khoản (33%) và ransomware (32%). Đối với các giám đốc tập trung vào vận hành, an ninh mạng của chuỗi cung ứng là một mối quan tâm lớn.
Mong muốn đối với việc công khai các sự cố mạng là như vậy nhưng chưa đến một nửa các lãnh đạo tham gia khảo sát (42%) hoàn toàn tự tin rằng tổ chức của mình có thể cung cấp thông tin về một sự cố trọng yếu trong một khoảng thời gian nhất định. Các giám đốc doanh nghiệp cũng lo ngại khi chia sẻ quá nhiều thông tin - 70% nói rằng chia sẻ thông tin và minh bạch có thể dẫn đến rủi ro mất lợi thế cạnh tranh.
Phần lớn các lãnh đạo doanh nghiệp tham gia khảo sát cho biết doanh nghiệp của họ đang tăng ngân sách cho bảo mật (69%) và 65% dự định sẽ chi nhiều hơn trong năm 2023.
Hầu hết các CEO nói rằng họ đang có kế hoạch tăng cường để giải quyết vấn đề an ninh mạng trong những năm tiếp theo (52%) và sẽ thúc đẩy các sáng kiến lớn để cải thiện tình hình an ninh mạng.
Bên cạnh đó, nhiều giám đốc tài chính (CFO) cũng đang có kế hoạch tăng cường tập trung vào an ninh mạng, bao gồm các giải pháp công nghệ (39%), tập trung vào chiến lược và phối kết hợp cùng kỹ thuật/ vận hành (37%), nâng cao kỹ năng và tuyển dụng những nhân sự an ninh mạng có năng lực (36%).
Theo các nhà lãnh đạo chuyên về marketing được khảo sát, chi phí cho những vụ rò rỉ dữ liệu cao hơn nhiều cho với các chi phí tài chính trực tiếp. Thiệt hại mà các tổ chức đã trải qua do rò rỉ dữ liệu hoặc sự cố dữ liệu cá nhân trong 3 năm qua bao gồm mất khách hàng (27%), mất dữ liệu khách hàng (25%) và thiệt hại về uy tín hoặc thương hiệu (23%).
Bà Nguyễn Phi Lan, Phó Tổng giám đốc, Lãnh đạo Bộ phận Quản trị Rủi ro PwC Việt Nam khuyến nghị, các doanh nghiệp nên tập trung xây dựng chiến lược quản lý rủi ro an ninh mạng; có kế hoạch dự phòng nhằm ứng phó kịp thời để đảm bảo tính hoạt động liên tục của hệ thống; thiết lập hệ thống báo cáo rõ ràng và nhất quán.","ngân hàng, chuyển đổi số, tội phạm mạng, bảo mật, doanh nghiệp, IoT, kinh tế số, an ninh mạng, ngân sách, ransomware, ngân sách bảo mật, số hóa chuỗi cung ứng, lừa đảo trên thiết bị di động, email, rò rỉ dữ liệu đám mây, sự cố mạng",738
https://baodautu.vn/nham-toi-von-hoa-1-ty-usd-f88-manh-tay-mo-rong-hop-tac-dich-vu-tien-ich-d162207.html,"Nhắm tới vốn hóa 1 tỷ USD, F88 mạnh tay mở rộng hợp tác dịch vụ tiện ích",2022-03-15,Tài chính - Chứng khoán,"Trước đó, tiết lộ với Bloomberg, ông Phùng Anh Tuấn, Chủ tịch kiêm CEO Công ty cổ phần Kinh doanh F88 cho hay, công ty dự định sẽ niêm yết cổ phiếu trên Sở Giao dịch Chứng khoán TP.HCM (HoSE) vào năm 2024 với định giá 1 tỷ USD.
Được biết, để thực hiện kỳ vọng này, F88 đã bắt tay vào chuyển đổi mô hình công ty từ hệ thống chuỗi cho vay cầm cố sang tầm nhìn trở thành chuỗi cửa hàngtài chínhtiện ích có độ phủ rộng nhất tại Việt Nam.
Theo đó, ngoài việc hỗ trợ cung cấp các khoản vay nhỏ cho khách hàng được thế chấp bằng phương tiện đi lại như xe máy,ô tô, đăng kí xe máy, đăng kí xe ô tô…, F88 còn cung cấp các dịch vụ tài chính tiện ích bổ trợ như bảo hiểm, dịch vụ thu hộ đơn điện nước, Internet, nạp rút tiền ví điện tử và chuyển hàng hóa qua Lazada...
Ngườitiêu dùngcó thể đến bất kỳ điểm giao dịch nào của F88 để đóng tiền điện nước, Internet hay mua bảo hiểm từ trách nhiệm dân sự xe máy, ô tô cho tớibảo hiểm nằm viện, chăm sóc sức khỏe…, mà không cần phải sử dụng dịch vụvay tiền nhanh.
CEO Phùng Anh Tuấn cho biết: Mô hình đa dịch vụ trong một điểm đến sẽ là mục tiêu chính mà F88 sẽ xây dựng trong thời gian tới.  ""Chúng tôi kỳ vọng mở rộng thêm các tiện ích tài chính để bất cứ ai có nhu cầu cũng có thể sử dụng dịch vụ tại F88 chứ không chỉ dừng lại ở việc cho vay tiền, giúp F88 thực hiện sứ mệnh của công ty là thay đổi cách tiếp cận tài chính giúp người dân có cuộc sống tốt đẹp hơn bằng dịch vụ nhanh chóng, dễ dàng, minh bạch"",Phùng Anh Tuấn nói.
Bên cạnh các cửa hàng riêng lẻ, chuỗi F88 sẽ tiếp tục mở rộng mạng lưới thông qua quan hệ đối tác với các nhà bán lẻ và công ty công nghệ. Cuối năm 2021, F88 đã hợp tác với Công ty cổ phần Đầu tư Thế giới Di động để cho vay tiền mặt với gói sản phẩm cho vay không quá 10 triệu đồng chạy thử nghiệm ở khu vực TP.HCM. Sau hơn 3 tháng, F88 đã mở rộng độ phủ tại chuỗi Thế Giới Di Động & Điện Máy Xanh từ TP.HCM tới các tỉnh miền Đông, Tây Nam Bộ & Bắc Trung Bộ.
Ngoài ra, F88 cũng đang triển khai kênh hợp tác với các đối tác tiềm năng đa nền tảng để hướng đến mục tiêu cung cấp các dịch vụ tài chính tối đa tới mọi khách hàng ở các khu vực chưa được tiếp cận nhiều với các dịch vụ tài chính tại Việt Nam.
Nằm trong những mục tiêu mở rộng thị phần, F88 còn lên kế hoạch tăng độ phủ lên 800 cửa hàng trên toàn quốc năm 2022 để mang tới cho khách hàng trải nghiệm tốt và thân thiện nhất trên khắp 63 tỉnh, thành phố.
Không dừng lại ở đó, F88 kỳ vọng sẽ đẩy mạnh hoạt động kinh doanh của mình thông qua chuyển đổi kỹ thuật số vàđầu tưvào nền tảng công nghệ cao để đảm bảo các sản phẩm dịch vụ của mình dễ dàng tiếp cận khách hàng có nhu cầu tài chính mọi lúc, mọi nơi.
Việc chuyển đổi mô hình từ chuỗi cho vay cầm cố sang chuỗi dịch vụ tài chính tiện ích sẽ giúp F88 có thể gia tăng nhanh chóng nguồn khách hàng bên cạnh dich vụ truyền thống, đáp ứng nhu cầu và xu hướng tiêu dùng ngày càng thay đổi của khách hàng, đồng thời tạo ra doanh thu phí từ các mảng dịch vụ tài chính khác nhau, đáp ứng mục tiêu vốn hóa tỷ đô trong 2 năm tới.","F88, cửa hàng tài chính tiện ích, F88 niêm yết cổ phiếu, vay tiền nhanh",770
https://vneconomy.vn/mac-covid-bung-phat-xuat-khau-cua-dai-loan-cao-chua-tung-thay.htm,"Mặc Covid bùng phát, xuất khẩu của Đài Loan cao chưa từng thấy",2021-06-09,Thế giới,"Dịch Covid-19 bùng phát, hạn hán và cúp điện liên miên đã không thể khiến “cỗ máy” xuất khẩu của Đài Loan chạy chậm lại trong tháng 5, khi các nhà máy ở vùng lãnh thổ này tiếp tục hoạt động hết công suất để đáp ứng nhu cầu mạnh mẽ của thị trường toàn cầu.
Hãng tin Bloomberg dẫn số liệu do chính quyền Đài Loan công bố ngày 8/6 cho biết kim ngạch xuất khẩu tháng 5 tăng 38,6% so với cùng kỳ năm ngoái, đạt kỷ lục 37,4 tỷ USD. Nhập khẩu tăng 40,9%, đạt 31,3 tỷ USD. Thặng dư thương mại tháng 5 của Đài Loan là 6,2 tỷ USD, không có nhiều thay đổi so với tháng 4.
Dữ liệu trên là một dấu hiệu cho thấy nhu cầu bùng nổ đối với con chip máy tính và các hàng hoá xuất khẩu khác của Đài Loan sẽ không sớm “hạ nhiệt”. Xuất khẩu sang các thị trường châu Âu, Hàn Quốc và Đông Nam Á đều tăng hơn 50% so với cùng kỳ năm ngoái.
Nhìn dài hạn hơn, kế hoạch đầu tư hạ tầng khổng lồ của chính quyền Tổng thống Mỹ Joe Biden sẽ gia tăng nhu cầu đối với nhiều sản phẩm của Đài Loan như thép, nhựa, thiết bị viễn thông, vật liệu bán dẫn – chính quyền Đài Loan dự báo. Nhà chức trách cũng cho rằng trong tháng 6, xuất khẩu của Đài Loan có thể tăng từ 27-31%.
Xuất khẩu của Đài Loan tăng mạnh là một tín hiệu khả quan nữa về sự phục hồi kinh tế toàn cầu. Trước Đài Loan, hai nền kinh tế hàng đầu khu vực khác làTrung QuốcvàHàn Quốcđã công bố tốc độ tăng trưởng xuất khẩu bùng nổ trong tháng 5.
Dây chuyền sản xuất trong các nhà máy ở Đài Loan chạy gần như không nghỉ trong những tháng gần đây để đáp ứng dòng đơn hàng khổng lồ từ nước ngoài. Chỉ số nhà quản trị mua hàng (PMI) IHS Markit đạt 62 điểm trong tháng 5, vượt xa ngưỡng 50 điểm – con số chỉ báo sự đi ngang của hoạt động sản xuất.
Tốc độ tăng trưởng xuất khẩu ấn tượng của Đài Loan diễn ra trong bối cảnh nền kinh tế gặp nhiều trở ngại trong những tháng gần đây.
Chính quyền Đài Loan đã phải áp một loạt hạn chế nhằm ngăn sự lây lan của virus khi Covid-19 bùng phát. Các trường học và trung tâm vui chơi, giải trí phải đóng cửa, các công ty phải cho phép nhân viên làm việc ở nhà.
Đợt hạn hán tồi tệ nhất trong 1 thế kỷ đã khiến mực nước xuống thấp ở nhiều khu vực ở miền Trung và miền Nam của Đài Loan, khiến nguồn cung nước bị hạn chế. Tuy nhiên, các khu công nghệ cao - nơi nhiều nhà máy sản xuất con chip và các sản phẩm công nghệ tiên tiến khác – được ưu tiên cấp nước để duy trì hoạt động.
Ngoài ra, thiếu điện cũng là một mối lo khác của Đài Loan hiện nay. Mức tiêu thụ điện năng cao hơn của các nhà máy, thời tiết nóng hơn mọi năm, và mực nước tại các hồ thuỷ điện xuống thấp đã dẫn tới tình trạng cúp điện liên miên, ảnh hưởng hơn 4 triệu hộ gia đình và gần một nửa trong số 62 khu công nghiệp của Đài Loan.
Bên cạnh đó, nhu cầu nguyên vật liệu đầu vào tăng cao cũng gây thiếu nguồn cung, dẫn tới giá hàng hoá xuất xưởng ở Đài Loan tăng mạnh nhất kể từ năm 2004 – theo báo cáo của IHS Markit.",Đài Loan,730
https://vneconomy.vn/thuc-day-san-xuat-tieu-dung-ben-vung-xanh.htm,"Thúc đẩy sản xuất, tiêu dùng bền vững xanh",2021-11-17,Thị trường,"Ngày 17/11, tại Trung tâm triển lãm quốc tế I.C.E, Sở Công Thương Hà Nội đã tổ chức lễ khai mạc Hội chợ triển lãm quốc tế công nghệ năng lượng-môi trường Hà Nội 2021 (ENTECH HANOI 2021) và Tuần lễ kết nối chuỗi sản xuất - tiêu dùng bền vững xanh quốc gia 2021.
Do ảnh hưởng của đại dịch Covid-19, lễ khai mạc được tổ chức theo hình thức trực tuyến trên hệ thống triển lãm ảo tại địa chỉ www.entechhanoi.vn. Đây là triển lãm về năng lượng và môi trường lâu đời nhất tại Việt Nam (được tổ chức lần đầu tiên năm 2009) thu hút sự quan tâm, tham gia của các chuyên gia, doanh nghiệp hàng đầu Việt Nam và quốc tế.
Entech Hanoi 2021 thu hút 45 doanh nghiệp trưng bày trên 70 gian hàng trưng bày trực tiếp và trên 120 gian hàng triển lãm ảo giới thiệu những công nghệ mới nhất về tiết kiệm năng lượng trong sản xuất công nghiệp và công trình xây dựng, năng lượng tái tạo, các trang thiết bị hiệu suất cao trong lĩnh vực năng lượng, sản phẩm dán nhãn năng lượng…
Các sản phẩm, công nghệ năng lượng - môi trường tại Entech Hanoi 2021 gồm: Công nghệ và xây dựng với các thiết bị, công nghệ giúp tiết kiệm năng lượng trong các dây truyền sản xuất công nghiệp, thiết bị nhiệt, công nghệ giám sát; năng lượng tái tạo, năng lượng mới, nguồn năng lượng với các thiết bị sản xuất và sử dụng năng lượng mặt trời, năng lượng gió,…
Tuần lễ “Kết nối chuỗi sản xuất - tiêu dùng bền vững xanh quốc gia 2021” do Bộ Công Thương chỉ đạo thực hiện trưng bày các sản phẩm, công nghệ giảm thiểu sử dụng các nguồn tài nguyên thiên nhiên, các nguyên liệu độc hại và giảm phát thải các chất ô nhiễm trong toàn bộ vòng đời sản phẩm với mục tiêu không gây nguy hại cho các thế hệ tương lai.
Chương trình được tổ chức với mục tiêu nâng cao nhận thức, thúc đẩy phát triển mạng lưới sản xuất và tiêu dùng bền vững trong cộng đồng doanh nghiệp, đẩy mạnh việc thực hiện sản xuất và tiêu dùng bền vững theo hướng tiếp cận vòng đời sản phẩm, thúc đẩy liên kết trong các khâu của vòng đời sản phẩm; thay đổi hành vi người tiêu dùng trong quá trình sử dụng và thải bỏ sản phẩm nhằm sử dụng có hiệu quả tài nguyên; giảm thiểu phát sinh chất thải và ô nhiễm môi trường.
Với sự hợp tác của thành phố Busan - Hàn Quốc, triển lãm cũng sẽ thu hút lượng lớn các doanh nghiệp đến từ đất nước này, mang đến triển lãm các công nghệ xử lý môi trường và năng lượng tiên tiến.
Theo bà Trần Thị Phương Lan, quyền Giám đốc Sở Công Thương Hà Nội, Entech Hanoi 2021 hứa hẹn là môi trường giao thương sôi động, hợp tác kinh doanh hiệu quả giữa doanh nghiệp và các nhà cung cấp thiết bị trong và ngoài nước trong lĩnh vực năng lượng - môi trường, đáp ứng yêu cầu của Bộ Công Thương và UBND TP. Hà Nội.
Đồng thời, sự kiện tạo sự chuyển từ nhận thức sang hành động để thực hiện tiết kiệm năng lượng, bảo vệ môi trường, chấp hành Luật sử dụng năng lượng tiết kiệm và hiệu quả… góp phần tái cơ cấu nhằm phát triển kinh tế - xã hội theo hướng tăng trưởng xanh và bền vững.",sản xuất tiêu dùng bền vững xanh,737
https://vneconomy.vn/mot-so-du-an-tai-thu-phu-dien-gio-gap-kho-khan.htm,"Một số dự án tại ""thủ phủ"" điện gió gặp khó khăn",2024-03-27,Doanh nghiệp,"Ngày 27/3/2024, ông Hà Sĩ Đồng, Phó Chủ tịch Thường trực UBND tỉnh Quảng Trị chủ trì buổi làm việc với các ngành chức năng, địa phương, chủ đầu tư để giải quyết các khó khăn, vướng mắc trong công tác giải phóng mặt bằng và triển khai thực hiện các dự án điện gió trên địa bàn tỉnh này.
Theo báo cáo của Sở Công thương tỉnh Quảng Trị được cấp có thẩm quyền đưa vào quy hoạch phát triển điện lực và quy hoạch phát triển điện gió với 31 dự án điện gió có tổng công suất 1.177,2 MW.
Đến nay, đã có 20 dự án điện gió đưa vào vận hành thương mại với tổng công suất 742,2 MW; 1 dự án với công suất 30 MW đã hoàn thành công tác thi công, đang hoàn thiện các thủ tục liên quan để đưa vào vận hành thương mại; 10 dự án với tổng công suất 394 MW đã được cấp có thẩm quyền chấp thuận chủ trương đầu tư và đang triển khai đầu tư.
Trong số 10 dự án đang triển khai, có 6 dự án thực hiện theo cơ chế, chính sách về giá cho các dự án chuyển tiếp, 4 dự án thực hiện theo khung giá phát điện áp dụng cho nhà máy điện mặt trời, điện gió và hiện khung giá này đang được Tập đoàn Điện lực Việt Nam xây dựng trình Bộ Công thương xem xét phê duyệt.
Để đẩy nhanh tiến độ thực hiện và giải quyết các khó khăn, Sở Công thương Quảng Trị đã đề nghị UBND tỉnh chỉ đạo các ngành, địa phương quan tâm, tháo gỡ cho các nhà đầu tư trong công tác giải phóng mặt bằng, vận chuyển, lắp đặt thiết bị. Tăng cường công tác tuyên truyền với người dân về chủ trương dự án, chủ trương giải phóng mặt bằng, đền bù, hỗ trợ theo đơn giá hiện hành của tỉnh; Xem xét, thành lập Tổ công tác chuyên trách về giải phóng mặt bằng cho các dự án trên địa bàn tỉnh; Xem xét gia hạn tiến độ thực hiện dự án đầu tư với các dự án điện gió gặp vướng mắc trong công tác giải phóng mặt bằng, ảnh hưởng bởi cơ chế, chính sách về mua giá điện của Nhà nước…
Bên cạnh đó, đề nghị UBND tỉnh xem xét, chuyển tiếp các nội dung khó khăn lên cơ quan có thẩm quyền để hỗ trợ, giải quyết liên quan đến các nội dung về các dự án chuyển tiếp (không kịp vận hành theo cơ chế FIT) và các dự án không chuyển tiếp…
Phó chủ tịch UBND tỉnh Quảng Trị giao Sở Công thương tham mưu UBND tỉnh thành lập Tổ công tác tháo gỡ khó khăn vướng mắc liên quan về các dự án năng lượng trên địa bàn tỉnh với sự tham gia của các ngành chức năng liên quan.
Phó chủ tịch tỉnh Quảng Trị cũng đề nghị UBND huyện Hướng Hóa tích cực hỗ trợ nhà đầu tư thực hiện các bước tiếp theo về giá đất, tuyên truyền vận động người dân phối hợp nhà đầu tư đẩy nhanh tiến độ giải phóng mặt bằng; Công an tỉnh phối hợp, nắm bắt xử lý các trường hợp vi phạm, cản trở quá trình thực hiện dự án nhằm có biện pháp răn đe, giáo dục và xử lý theo đúng quy định.
Giao Sở Kế hoạch và Đầu tư tỉnh Quảng Trị tiếp nhận ý kiến của các nhà đầu tư về nguyên nhân về điều chỉnh chủ trương đầu tư, thời gian thực hiện dự án, thay đổi hạng mục đầu tư… đảm bảo thực hiện đúng quy định pháp luật. Các ngành chức năng liên quan quan tâm hỗ trợ nhà đầu tư để có hướng dẫn cụ thể nhằm sớm bàn giao mặt bằng cho các dự án.","Điện gió, doanh nghiệp, quảng trị",731
https://vneconomy.vn/hoa-binh-phan-dau-co-13-do-thi-vao-nam-2025.htm,Hòa Bình phấn đấu có 13 đô thị vào năm 2025,2023-10-19,Bất động sản,"UBND tỉnh Hòa Bình vừa ban hành Kế hoạch số 180/KH-UBND về thực hiện Chương trình phát triển đô thị tỉnh Hòa Bình đến năm 2025, định hướng đến năm 2030.
Mục đích của kế hoạch là tổ chức rà soát phân loại đô thị trên địa bàn tỉnh Hòa Bình sau sắp xếp đơn vị hành chính cấp huyện, cấp xã thuộc tỉnh Hòa Bình; thành lập mới các đô thị đáp ứng quy định của pháp luật về phân loại đô thị theo Kế hoạch phân loại đô thị toàn quốc giai đoạn 2021-2030, được Thủ tướng Chính phủ phê duyệt tại Quyết định số 241/QĐ-TTg, và Chương trình phát triển đô thị tỉnh Hòa Bình đến năm 2025, định hướng đến năm 2030, được UBND tỉnh phê duyệt tại Quyết định số 208/QĐ-UBND. Đồng thời xác định các nhiệm vụ trọng tâm, và phân công trách nhiệm cụ thể để triển khai thực hiện một cách đồng bộ để đạt được mục tiêu đã đề ra.
Theo UBND tỉnh, đến năm 2025, phấn đấu đạt tỷ lệ đô thị hóa toàn tỉnh trên 38%; có 13 đô thị, gồm 10 đô thị hiện hữu: TP.Hòa Bình, thị trấn Mãn Đức (huyện Tân Lạc), thị trấn Mai Châu và khu vực mở rộng (huyện Mai Châu), thị trấn Cao Phong (huyện Cao Phong), thị trấn Bo (huyện Kim Bôi), thị trấn Ba Hàng Đồi, thị trấn Chi Nê (huyện Lạc Thủy), thị trấn Vụ Bản (huyện Lạc Sơn), thị trấn Hàng Trạm (huyện Yên Thủy), thị trấn Đà Bắc (huyện Đà Bắc); 3 đô thị mới: huyện Lương Sơn (tỉnh Hòa Bình), xã Phong Phú (huyện Tân Lạc), xã Nhân Nghĩa (huyện Lạc Sơn).
Giai đoạn đến năm 2030, tỷ lệ đô thị hóa toàn tỉnh đạt trên 43%; có 16 đô thị, gồm: các đô thị và khu vực dự kiến hình thành đô thị đã hoàn thành kế hoạch nâng loại trong giai đoạn đến năm 2025, tiếp tục hoàn thiện, nâng cao chất lượng đô thị; phát triển 2 đô thị hiện hữu lên đô thị loại IV là thị trấn Chi Nê (huyện Lạc Thủy), thị trấn Bo (huyện Kim Bôi); 3 khu vực dự kiến hình thành đô thị mới là xã Dũng Phong (huyện Cao Phong); xã Ân Nghĩa (huyện Lạc Sơn), xã Vạn Mai (huyện Mai Châu).
UBND tỉnh đã đề ra nhiệm vụ đối với từng đô thị và việc tổ chức thực hiện các nhóm giải pháp. Cụ thể, tập trung vào giải pháp về nguồn vốn, thu hút đầu tư, chính sách, phát triển đô thị thích ứng với biến đổi khí hậu, thiên tai; nguồn lực, về xây dựng, quản lý và thực hiện quy hoạch…
Riêng giải pháp nguồn vốn là huy động đa dạng từ Trung ương, vốn ODA, ngân sách địa phương, nguồn vốn xã hội hóa và những nguồn vốn hợp pháp khác. Các nguồn vốn sẽ được sử dụng tốt cho đầu tư phát triển hạ tầng đô thị, đảm bảo phát triển đồng bộ hạ tầng kinh tế, kỹ thuật, xã hội đô thị, đáp ứng tiêu chí phân loại đô thị theo chương trình, kế hoạch phát triển đô thị. Tập trung nguồn lực đầu tư phát triển đô thị đồng bộ, ưu tiên công trình có tính chất động lực, lan tỏa mạnh trong khu vực...
Dự kiến nhu cầu vốn đầu tư xây dựng đô thị tỉnh đến năm 2025, định hướng đến năm 2030 là hơn 138.000 tỷ đồng. Trong đó, nguồn vốn đầu tư hạ tầng khung và công trình đầu mối hạ tầng kỹ thuật kết nối hệ thống giao thông đô thị khoảng 83,8 tỷ đồng; vốn đầu tư phát triển các đô thị hiện hữu và khu vực dự kiến hình thành đô thị mới 54,2 tỷ đồng.","bất động sản, tỉnh hòa bình",781
https://baodautu.vn/gia-vang-hom-nay-204-doi-dau-gay-gat-vang-treo-tren-dinh-d80350.html,"Giá vàng hôm nay 20/4: Đối đầu gay gắt, vàng treo trên đỉnh",2018-04-20,Ngân hàng - Bảo hiểm,"Tới đầu giờ sáng 20/4 (giờ Việt Nam), giá vàng thế giới giao ngay đứng ở mức 1.348 USD/ounce.
Hiện giá vàng cao hơn 3,5% (45,5 USD/ounce) so với cuối năm 2017. Vàng thế giới quy đổi theo giá USDngân hàngcó giá 37,3 triệu đồng/lượng, chưa tính thuế và phí, cao hơn khoảng 280 ngàn đồng/lượng so với vàng trong nước.
Giá vàng thế giới treo trên đỉnh cao và hướng tới phiên tăng thứ 5 liên tiếp do căng thẳng chưa có dấu hiệu lắng dịu giữa các ông lớn trên thế giới trong khi giá dầu lên mức cao nhất trong hơn 3 năm qua.
Vàng tăng giá chủ yếu do đồng USD gần như đứng giá, không thể hồi phục thêm nữa bất chấp chứng khoán Mỹ tăng liên tục trong vài phiên gần đây và nềnkinh tếMỹ phát ra các tín hiệu tích cực mới như thất nghiệp ở mức thấp, sản xuất tăng cao.
Đồng USD khá yếu kể cả trong bối cảnh Cục dự trữ liên bang Mỹ (Fed) vẫn kiên định chính sách tăng lãi suất.
Yếu tố giúp vàng treo ở đỉnh cao và có xu hướng tăng tiếp là sự bất định trên các thị trườngtài chính, thương mại và chứng khoán trên thế giới. Quan hệ thương mại giữa Mỹ và Trung Quốc tiếp tục căng thẳng với những phát biểu đe dọa qua lại giữa 2 nền kinh tế lớn nhất thế giới.
Một số nguồn tin cho biết, Trung Quốc đã chuẩn bị kỹ lưỡng các biện pháp ứng phó với những ảnh hưởng tiêu cực từ xung đột thương mại với Mỹ, bao gồm cả những cuộc vận động các nước châu Âu chống lại chính sách bảo hộ thương mại của Mỹ.
Trong khi đó, Trung Quốc cho rằng, Mỹ đang tính toán sai lầm nếu muốn kiềm chế sự phát triển của Trung Quốc bằng các biện pháp bảo hộ đơn phương gây tổn hại cho các lợi ích củadoanh nghiệp2 nước.
Cho tới thời điểm này, Mỹ và Trung vẫn chưa có bất kỳ đối thoại song phương nào liên quan tới thương mại, bất chấp ông Donald Trump vừa lại có những lời khen đối với chủ tịch Trung Quốc Tập Cận Bình.
Vàng tăng giá còn do mặt hàng có quan hệ mật thiết với vàng là dầu tăng lên mức cao hơn 3 năm: ở mức hơn 74 USD/thùng do lượng dự trữ dầu thô Mỹ giảm về gần với mức trung bình 5 năm trong khi Saudi Arabia vẫn muốn đẩy giá dầu lên nữa, với việc kiềm chế lượng cung dầu.
Phân tích kỹ thuật cho thấy, vàng vẫn nằm xu hướng tăng giá. Ngưỡng kháng cự gần nhất là: 1.360 USD/ounce và sau đó là: 1.470 USD/ounce. Ngưỡng hỗ trợ gần nhất: 1.345 USD/ounce và sau đó là: 1.330 USD/ounce.
Trên thị trường vàng Việt Nam, đa số các cửa hàng vàng tăng giá vàng trong nước 60-100 ngàn đồng so với cuối phiên liền trước.
Tính tới cuối phiên giao dịch ngày 19/4, Tập Đoàn Vàng bạc đá quý DOJI niêm yết giá vàng SJC ở mức: 36,93 triệu đồng/lượng (mua vào) và 37,02 triệu đồng/lượng (bán ra). Công ty vàng bạc đá quý Sài Gòn niêm yết vàng SJC ở mức: 36,89 triệu đồng/lượng (mua vào) và 37,11 triệu đồng/lượng (bán ra).
Theo Doji, thị trường vàng trong nước khá lặng sóng. Nhiều nhàđầu tưtrong nước hiện đang áp dụng chiến lược nghe ngóng đồng thời chờ thêm các tín hiệu và thông tin từ thị trường quốc tế để đưa ra chiến lược hợp lý. Lượng khách theo bán vàng ra chiếm khoảng 60% trên tổng lượng khách hàng giao dịch tại Doji.","Giá vàng hôm nay 20/4, vàng Đối đầu gay gắt, vàng treo trên đỉnh",783
https://vneconomy.vn/kinh-te-xa-hoi-da-nang-6-thang-dau-nam-2022-nhieu-khoi-sac.htm,Kinh tế-xã hội Đà Nẵng 6 tháng đầu năm 2022 nhiều khởi sắc,2022-06-30,Đầu tư,"Theo số liệu từ Cục Thống kê thành phố Đà Nẵng, tình hình kinh tế-xã hội của thành phố trong 6 tháng đầu năm 2022 có nhiều khởi sắc trên nhiều lĩnh vực. Một số ngành đạt mức tăng trưởng cao hơn so với thời điểm trước khi dịch bệnh Covid-19 xuất hiện.
Đặc biệt, nhiều ngành kinh tế có mức tăng trưởng bứt phá, trong đó có ngành kinh tế mũi nhọn du lịch, đóng góp lớn cho tăng trưởng chung của thành phố.
6 tháng đầu năm 2022, tổng sản phẩm trên địa bàn (GRDP) của Đà Nẵng ước tăng 7,23% so với cùng kỳ năm 2021, đặc biệt so với 6 tháng đầu năm 2019 là thời điểm chưa xảy ra dịch bệnh, GRDP trong 6 tháng đầu năm 2022 đã tăng 7,92%.
Ông Trần Văn Vũ, Cục trưởng Cục Thống kê Đà Nẵng, cho biết trong 6 tháng đầu năm nay, quỹ đạo phục hồi kinh tế của thành phố đang bước vào giai đoạn bứt phá; quy mô nền kinh tế theo giá hiện hành ước đạt hơn 578.792 tỷ đồng, mở rộng hơn 5.077 tỷ đồng so với cùng kỳ năm 2021.
“Cơ cấu nền kinh tế đã có sự dịch chuyển so với cùng kỳ năm 2021, cụ thể lĩnh vực công nghiệp bị thu hẹp từ 14,79% xuống còn 14,23% (do các ngành công nghiệp ít bị ảnh hưởng bởi dịch bệnh và phục hồi chậm); trong khi đó khu vực dịch vụ được mở rộng nhờ sự phục hồi nhanh và bứt phá trong quý 2, tỷ trọng tăng từ 64,96% lên 67,61% ở quý 2 năm 2022”, ông Vũ cho hay.
Điểm sáng trong bức tranh tăng trưởng kinh tế của thành phố là 2 lĩnh vực:  Dịch vụ lưu trú, ăn uống và Thông tin và truyền thông.
Theo đó, trong 6 tháng đầu năm 2022 doanh thu dịch vụ lưu trú và ăng uống đạt 8.329 tỷ đồng, tăng 13,2% so với cùng kỳ năm 2021, đóng góp 10,52% trong mức tăng trưởng GRDP chung của thành phố.
Nắm bắt được nhu cầu sinh hoạt vui chơi, giải trí của người dân sau dịch, bên cạnh việc đảm bảo an ninh, an toàn cho điểm đến, Đà Nẵng đã thực hiện đồng bộ các phương thức xúc tiến quảng bá, thu hút khách trong nước và quốc tế, nhờ đó hoạt động du lịch được phục hồi nhanh chóng, kéo theo sức lan tỏa đến hầu hết các ngành dịch vụ mua sắm, tiêu dùng khác.
Thống kê cho thấy, 6 tháng đầu năm, tổng lượng khách ước đạt 1,3 triệu lượt, tăng 33,7% so với cùng kỳ năm 2021, số ngày lưu trú bình quân của khách ngủ qua đêm là 2,57 ngày/ lượt.
Ngoài ra, lĩnh vực Thông tin và truyền thông cũng là ngành kinh tế duy trì đà tăng cao nhờ chú trọng công tác chuyển đổi số, tập trung đầu tư phát triển hạ tầng, đẩy mạnh ứng dụng công nghệ thông tin, điện tử, viễn thông phù hợp xu hướng cách mạng 4.0 gắn với xây dựng chính quyền điện tử, thành phố thông minh. 6 tháng đầu năm 2022, doanh thu toàn ngành ước đạt 7.584 tỷ đồng, tăng 9,4%, so với cùng kỳ.
Tuy nhiên, theo Cục trưởng Cục Thống kê Đà Nẵng Trần Văn Vũ, mặc dù kinh tế phục hồi nhanh nhưng trong 6 tháng qua, thành phố vẫn còn một số hạn chế đó là tăng trưởng kinh tế ở các lĩnh vực không đều, khu vực công nghiệp và xây dựng có mức độ phục hồi khá chậm, giải ngân vốn đầu tư công đạt thấp do các khó khăn về quy trình, thủ tục và bất cập trong giải phóng mặt bằng; tình trạng mất cân đối về cơ cấu cung-cầu lao động vẫn chưa được khắc phục...",Kinh tế Đà Nẵng 6 tháng tăng trưởng cao,774
https://vneconomy.vn/thep-pomina-phat-hanh-70-trieu-co-phieu-cho-doi-tac-nhat-lay-tien-tra-no-bidv-va-vietinbank.htm,Thép Pomina phát hành 70 triệu cổ phiếu cho đối tác Nhật lấy tiền trả nợ BIDV và Vietinbank,2023-09-27,Chứng khoán,"Công ty CP Thép Pomina (POM) vừa công bố thay đổi mục đích sử dụng vốn của việc phát hành riêng lẻ hơn 70,1 triệu cổ phiếu. Theo phương án mới nhất, dự kiến  trong gần 702 tỷ đồng thu được, Pomina sẽ dùng 500 tỷ đồng để thanh toán nợ vay tại Ngân hàng BIDV và VietinBank, gần 187 tỷ để thanh toán tiền mua hàng, nguyên liệu phục vụ hoạt động sản xuất kinh doanh và 15 tỷ cho vốn lưu động khác.
Việc phát hành sẽ được Đại hội đồng cổ đông thông qua theo hình thức lấy ý kiến cổ đông bằng văn bản và gửi về công ty trước 17h ngày 5/10. Thời gian chào bán dự kiến từ quý III đến hết 2024, sau khi được Ủy ban Chứng khoán Nhà nước chấp thuận.
Trường hợp không thu được đủ số vốn từ đợt chào bán, HĐQT trình cổ đông ủy quyền HĐQT toàn quyền quyết định và tự cân đối nguồn vốn hoặc huy động thông qua các nguồn khác như vay vốn tín dụng, phát hành trái phiếu,... theo quy định pháp luật.
Trước đó, hồi tháng 7,  POM dự kiến sẽ phát hành 70.175.343 cổ phiếu cho cổ đông chiến lược với giá chào bán 10.000 đồng/cổ phiếu.  Quá trình phát hành hơn 70 triệu cổ phiếu này được chia làm 2 đợt. Đợt 1 sẽ chào bán 10,6 triệu đơn vị diễn ra vào tháng 8 tới đây. Đợt 2 sẽ chào bán gần 59,6 triệu cổ phiếu và dự kiến diễn ra vào tháng 9/2024.
Tổng số tiền huy động dự kiến là gần 702 tỷ đồng, sẽ được bổ sung vốn cho hoạt động sản xuất – kinh doanh và lượng cổ phiếu phát hành trên bị hạn chế chuyển nhượng tối thiểu 3 năm kể từ ngày hoàn thành đợt chào bán.
Nhà đầu tư dự kiến sẽ mua hết lô cổ phiếu này là Nansei Steel - hãng thép đến từ Nhật Bản. Nếu thành công, Nansei Steel sẽ nắm giữ hơn 20% cổ phần tại Pomina sau phát hành.
Trong diễn biến mới nhất, ngày 15/09 vừa qua, Sở Giao dịch Chứng khoán TPHCM (HOSE) quyết định đưa cổ phiếu POM vào diện cảnh báo do chậm nộp báo cáo tài chính soát xét bán niên 2023 quá 15 ngày so với thời hạn quy định. POM giải trình do Công ty đang thu thập và cung cấp cho tư vấn khảo sát, đánh giá về Công ty Pomina để thương thảo giá với nhà đầu tư chiến lược, dẫn đến chậm số liệu cho báo cáo tài chính 6 tháng.
Công ty sẽ tích cực làm việc với phía kiểm toán về cung cấp số liệu để có báo cáo tài chính sớm nhất nhằm đưa chứng khoán ra khỏi diện cảnh báo. Công ty cam kết báo cáo tài chính soát xét bán niên 2023 công bố trong thời gian sớm nhất có thể.
Về tình hình kinh doanh, quý 2 vừa POM tiếp tục thua lỗ. Trong quý 2, Pomina ghi nhận doanh thu thuần 800 tỷ đồng, giảm 79% so với cùng kỳ năm trước. Với việc kinh doanh dưới giá vốn, doanh nghiệp lỗ gộp 35 tỷ đồng, trong khi cùng kỳ lãi 150 tỷ đồng.
Lũy kế 6 tháng đầu năm, Pomina ghi nhận doanh thu thuần 2.4 ngàn tỷ đồng, giảm 70% so với cùng kỳ. Trong khi đó, lỗ ròng ở mức 536 tỷ đồng. Lỗ lũy kế tới kỳ này là 789 tỷ đồng. Tại thời điểm cuối tháng 6/2023, nợ phải trả của POM 8.739 tỷ đồng gấp 4 lần vốn chủ sở hữu. Trong đó chủ yếu là vay nợ tài chính 6.300 tỷ đồng.","chứng khoán, Thép Pomina",881
https://baodautu.vn/batdongsan/diem-mat-cac-du-an-chua-du-dieu-kien-kinh-doanh-bat-dong-san-tai-ninh-thuan-d146283.html,"""Điểm mặt"" các dự án chưa đủ điều kiện kinh doanh bất động sản tại Ninh Thuận",2021-06-30,Chuyển động thị trường,"Sở Xây dựng tỉnh Ninh Thuận vừa ra thông báo số 2214, liệt kê danh sách cácdự ánđược phép và không được phép chuyển nhượng, kinh doanh sản phẩmbất động sảntrên địa bàn.
Theo đó, Sở Xây dựng cho biết, thời gian qua, hoạt động truyền thông quảng bá các dự án bất động sản diễn ra sôi động, góp phần thúc đẩy thị trường bất động sản Ninh Thuận phát triển. Song song yếu tố tích cực là sự phát sinh các hình thức quảng cáo rao bán sản phẩm khi chưa đủ điều kiện kinh doanh sản phẩm theo quy định tại Điều 55, Luật Kinh doanh bất động sản tại tại các dự án khu đô thị, khu dân cư, khu nhà ở trên địa bàn tỉnh.
Sau khi kiểm tra và rà soát, Sở Xây dựng thông báo về hiện trạngđầu tư, tình hình cho phép chuyển nhượng bất động sản của các dự án khu đô thị, khu dân cư, khu nhà ở hiện hữu trên địa bàn tỉnh Ninh Thuận để các tổ chức, cá nhân trong và ngoài tỉnh được tiếp cận thông tin xác thực.
Cụ thể, các dự án khu đô thị, khu dân cư đã hoàn thành hệ thống hạ tầng kỹ thuật và được thực hiện chuyển quyền sử dụng đất cho người dân tự xây dựng nhà ở tại một số khu vực, được UBND tỉnh Ninh Thuận cho phép chuyển nhượng: Dự án Khu đô thị du lịch biển Bình Sơn và Dự án Khu dân cư phía Bắc đường Nguyễn Văn Cừ.
Dự án khu đô thị, khu dân cư chuẩn bị bàn giao địa giới hành chính và được thực hiện chuyển quyền sử dụng đất cho người dân tự xây dựng nhà ở tại một số khu vực, được UBND tỉnh Ninh Thuận cho phép chuyển nhượng: Dự án Khu đô thị Đông Bắc (K1).
Dự án Khu đô thị, khu dân cư đang triển khai thi công và được thực hiện chuyển quyền sử dụng đất cho người dân tự xây dựng nhà ở tại một số khu vực được UBND tỉnh Ninh Thuận cho phép chuyển nhượng: Dự án Khu đô thị biển Bình Sơn - Ninh Chữ (K2).
Dự án tòa nhà hỗn hợp đã hoàn thiện thủ tục pháp lý và đủ điều kiện kinh doanh sản phẩm: Dự án SunBay Park Hotel&Resort (Tòa nhà B&C)
Các dự án khu đô thị, khu dân cư, khu nhà ở, tòa nhà hỗn hợp đang triển khai thi công hoặc đang hoàn thiện thủ tục pháp lý dự án nên chưa đủ điều kiện kinh doanh sản phẩm, gồm: Dự án Khu dân cư Chí Lành, Khu dân cư Tháp Chàm 1, Khu phố hạ tầng Đông Hải, SunBay Park Hotel & Resort (Tòa A), Dự án Ninh Chữ Sailing Bay.
Đi kèm với thông báo số 2214 (ban hành ngày 25/6) đã nêu ở trên, tại bảng tổng hợp các dự án khu đô thị, khu dân cư... trên địa bàn tỉnh, Sở Xây dựng tỉnh Ninh Thuận nêu rõ, Dự án Khu dân cư Tháp Chàm 1 (phường Đô Vinh, Thành phố Phan Rang - Tháp Chàm) đang tiếp tục thực hiện các thủ tục pháp lý theo yêu cầu tại Quyết định số 254 (Quyết định điều chỉnh chủ trương đầu tư), gồm thẩm định thiết kế công trình nhà ở trước khi tổ chức thi công xây dựng nhà, hoàn thiện hồ sơ trình cơ quan nhà nước kiểm tra công tác nghiệm thu phần hạ tầng… Đây là dự án chưa đủ điều kiện kinh doanh sản phẩm dự án theo quy định tại Điều 55, Luật Kinh doanh bất động sản.","Ninh Thuận, kinh doanh bất động sản, Khu dân cư Tháp Chàm 1, dự án chưa đủ điều kiện kinh doanh tại Ninh Thuận",737
https://vneconomy.vn/vietcombank-khai-truong-hoat-dong-nhieu-chi-nhanh-moi-mo-rong-mang-luoi-phuc-vu-khach-hang.htm,"Vietcombank khai trương hoạt động nhiều chi nhánh mới, mở rộng mạng lưới phục vụ khách hàng",2024-03-22,Tài chính,"Nhằm cung ứng sản phẩm dịch vụ ngân hàng hiện đại đến với đông đảo khách hàng, trong thời gian qua, Ngân hàng TMCP Ngoại thương Việt Nam (Vietcombank) đã khai trương hoạt động thêm nhiều chi nhánh mới gồm: Vietcombank Đông Đô (trụ sở tại số 26 phố Tây Sơn, thị trấn Phùng, huyện Đan Phượng, thành phố Hà Nội); Vietcombank Nam Thăng Long (trụ sở tại khu đất kinh doanh dịch vụ số 319 phố Trần Trọng Liêu, thôn Bình Vọng, xã Văn Bình, huyện Thường Tín, thành phố Hà Nội); Vietcombank Nam Bắc Ninh (trụ sở tại đường Kinh Dương Vương, phường Hồ, thị xã Thuận Thành, tỉnh Bắc Ninh); Vietcombank Hóc Môn (trụ sở tại địa chỉ 30/11G Tô Ký, Thới Tam Thôn, huyện Hóc Môn, Thành phố Hồ Chí Minh).
Trụ sở các chi nhánh mới của Vietcombank có thiết kế đáp ứng tiêu chuẩn ngân hàng hiện đại với điểm nhấn kiến trúc nhiều không gian xanh thân thiện, cùng đội ngũ cán bộ trẻ, được đào tạo bài bản, nhạy bén với môi trường kinh doanh hiện đại, mang tính hội nhập cao, luôn sẵn sàng đáp ứng các nhu cầu về dịch vụ tài chính ngân hàng chất lượng cao cho khách hàng.
Các chi nhánh mới của Vietcombank đi vào hoạt động sẽ cung cấp đầy đủ tất cả các dịch vụ tài chính ngân hàng truyền thống và hiện đại, đáp ứng nhu cầu cao của doanh nghiệp, người dân trên địa bàn cũng như các khu vực lân cận, góp phần tích cực vào sự phát triển kinh tế xã hội của địa phương nói riêng và của đất nước nói chung.
Nhân dịp đi vào hoạt động, các chi nhánh mới của Vietcombank tặng nhiều phần quà cho khách hàng đến giao dịch trong những ngày đầu khai trương.
Hiện Vietcombank có 130 chi nhánh, 517 phòng giao dịch hoạt động trên phạm vi cả nước. Ngoài việc kinh doanh hiệu quả, thực lực tài chính vững mạnh, Vietcombank còn là cánh tay nối dài của Chính phủ và Ngân hàng Nhà nước trong việc thực thi các mục tiêu điều hành chính sách tiền tệ như lãi suất, tỷ giá, hỗ trợ thanh khoản hệ thống cũng như hỗ trợ các ngân hàng yếu kém khi thực hiện Đề án “Cơ cấu lại hệ thống các tổ chức tín dụng giai đoạn 2011 – 2015”, Đề án “Cơ cấu lại hệ thống các tổ chức tín dụng gắn với xử lý nợ xấu giai đoạn 2021 - 2025”.
Năm 2023, mặc dù nền kinh tế rất khó khăn nhưng Vietcombank vẫn giữ vai trò tiên phong thực hiện các chủ trương, định hướng lớn của Chính phủ, Ngân hàng Nhà nước như miễn giảm phí và lãi, duy trì mặt bằng lãi suất thấp nhất hệ thống để hỗ trợ khách hàng phục hồi hoạt động.
Trong đó, ngân hàng điều hành tín dụng tập trung vào nhóm khách hàng mở rộng, có năng lực tài chính, doanh nghiệp nhỏ có khả năng chống đỡ rủi ro, góp phần vực dậy nền kinh tế. Tính cả năm 2023, ngân hàng chấp nhận giảm khoảng 5.800 tỷ đồng thu nhập đối với 290.000 khách hàng.
Đặc biệt, đối với nghĩa vụ ngân sách Nhà nước, Vietcombank luôn là đơn vị đi đầu, năm 2023, ngân hàng nộp thuế 11.200 tỷ đồng.
Vào tháng 4 năm ngoái, với những cống hiến đặc biệt trong hành trình 60 năm thành lập và hoạt động, xây dựng và bảo vệ Tổ quốc, ngân hàng được vinh dự trao tặng danh hiệu Anh hùng Lao động.",Vietcombank,741
https://baodautu.vn/batdongsan/ban-giao-can-ho-tot---xau-moi-lo-sang-d109783.html,"Bàn giao căn hộ, tốt - xấu mới ""lộ sáng""",2019-10-27,Dự án - quy hoạch,"Phản  ánh đến Báo Đầu tưBất động sản, chị Hà Quỳnh Nga, một khách hàng mua  nhà tạidự ánThe Emerald cho biết, đã đóng tiền cả tháng rồi mà khi lên  nhận nhà, thì cả 4 lần đều không thể nhận được. Lần nào cũng phải yêu  cầu sửa lại căn hộ do chất lượng hoàn thiện kém, nhiều lỗi, nhưng những  lần sau lên thì thấy vẫn y nguyên.
“Trong khi đó, nếu chúng tôi  không đóng tiền thì bị phạt theo lãi ngày, mà đóng thì chủđầu tưcũng  không sửa chữa gì hết, khách hàng vẫn không thể nhận nhà”, chị Nga cho  biết.
Dự án The Emerald đang trong giai đoạn bàn giao, tuy nhiên,  hiện nhiều khách hàng tỏ ra không hài lòng về chất lượng hoàn thiện.
Trước  đó, cũng theo phản ánh của nhiều khách hàng, căn hộ tại dự án The  Emerald được hoàn thiện kém với nhiều lỗi thi công, căn hộ thật khác xa  nhà mẫu. Đặc biệt, khi khách hàng muốn đối thoại cùng chủ đầu tư để tìm  hướng giải quyết thì không được đáp ứng.
Khác  với The Emerald, khách hàng của dự án được quảng cáo là chuẩn Nhật  Hinode City lại đang trong cảnh “kiến bò chảo nóng” trước cách thức làm  việc của chủ đầu tư.
Sau nhiều lần liên lạc trong vô vọng với chủ đầu tư Vietracimex mà  không có kết quả và đáp lại là sự im lặng, khách hàng Nguyễn Hồng Trang  đã phải chia sẻ đầy bức xúc trên group cư dân dự án, như một cứu cánh  trong việc giao tiếp với bên bán hàng: “Hình như trong group cũng có mấy  anh bên chủ đầu tư, nên tôi có đôi lời muốn nói với các anh thế này.  Tôi chỉ là người mua một căn hộ trong hàng trăm căn, nên chắc tôi cũng  chả là gì cả. Nhưng thật sự với tôi, cái nhà nó to lắm. Đó là bao tâm  huyết của gia đình để mong được có cái nhà tử tế"".
""Tôi cảm thấy tất cả mông lung như  một trò đùa. Mình chả là cái gì trong cái dự án đấy, tất cả lời hẹn cũng  chỉ đến thế mà thôi. Tôi viết lên đây, mong bác nào trong cái dự án đấy  suy nghĩ cho những người mua nhà một chút, vì cái nhà mọi người đang  mong là mồ hôi nước mắt của khách hàng, của bố mẹ mong dành cho con căn  nhà để an cư. Giờ thôi, lại đợi đến mai.... mong là cái mai đấy không  chỉ là lời nói, vì lời nói gió bay”.
Cũng trong tâm trạng bức xúc  khi ghé thăm căn hộ, một khách hàng khác cho biết, khi nhìn thấy hàng  gạch ốp dọc trên tường chỉ muốn “cà khịa” vì rất xấu.
Trong khi  đó, khách hàng Nguyễn Đức cũng mua nhà tại dự án Hinode City chia sẻ,  anh quan tâm đến dịch vụ sau bàn giao, chứ giao có chậm một chút cũng  không vấn đề gì. Vì khi cư dân về ở, điều quan trọng là chất lượng dịch  vụ vận hành, chất lượng các thiết bị phục vụ cuộc sống ra sao.
Có  thể những ý kiến nói trên của các khách hàng không phản ánh quan điểm  của tất cả các cư dân tương lai tại các dự án này. Tuy nhiên, khi đang  hoặc sắp đến giai đoạn bàn giao nhà đầy nhạy cảm, việc thường xuyên nắm  bắt, phản hồi các ý kiến của người mua nhà là cách tốt nhất để hóa giải  đi những xung đột chờ chực bùng phát. Vì nói như một chủ đầu tư, “xây  một căn nhà cho cá nhân mình còn có chỗ không vừa lòng nữa là làm dự án  cả ngàn căn, kiểu gì chả có lỗi”.","bất động sản, căn hộ, Dự án The Emerald, căn hộ The Emerald, dự án Hinode City, căn hộ Hinode City, chất lượng hoàn thiện căn hộ kém",768
https://baodautu.vn/loi-di-nao-cho-nganh-logistics-viet-nam-d157615.html,Lối đi nào cho ngành logistics Việt Nam,2021-12-16,Thông tin doanh nghiệp,"Vấn đề này đặc biệt nổi lên trong hai năm qua dưới tác động của đại dịch Covid-19 và những sự cố xảy ra trên các tuyến đường vận chuyển truyền thống dẫn đến gián đoạn, đứt gãy hoặc tắc nghẽn luồng lưu thông hàng hóa và chuỗi cung ứng toàn cầu, đặc biệt là tại các tuyến vận tải khu vực châu Âu – châu Mỹ.
Ngoài ra, chuyển đổi số trong ngành logistics còn chậm, chưa đáp ứng được nhu cầu phát triển, nguồn nhân lực của ngành còn yếu và thiếu, mới chỉ đáp ứng được phần nhỏ nhu cầu của thị trường và chưa theo kịp được sự phát triển của logistics trên thế giới.
Bên cạnh đó, sự chuẩn bị về kiến thức, kỹ năng, thái độ, cũng như trạng thái tâm lý của nhân lực logistics Việt Nam để sẵn sàng đón nhận việc dịch chuyển lao động giữa các nước trong khu vực cũng như tham gia vào hiệp định thương mại tự do thế hệ mới còn chưa cao. Bối cảnh này đặt ra yêu cầu ngành logistics phải có giải pháp để duy trì sự chống chịu bền bỉ, đảm bảo vai trò của logistics trong duy trì các chuỗi cung ứng hàng hoá dịch vụ, vừa phải có tư duy tầm nhìn và giải pháp đặc biệt, định hình hướng đi mới để bắt kịp với thế giới, tạo bước đột phá cho phục hồikinh tế- xã hội trong những năm 2022 - 2023, cho cả giai đoạn thực hiện chiến lược phát triển kinh tế - xã hội 2021 - 2030.
Tuy vậy vẫn có những tín hiệu tích cực khi thị trường logistics tại Việt Nam được cộng đồngdoanh nghiệpvà các tổ chức quốc tế đánh giá là một thị trường đầy tiềm năng để phát triển mạnh mẽ, nhất là sau khi đại dịch Covid-19 được kiểm soát và các hoạt động sản xuất, kinh doanh phục hồi, tăng trưởng trở lại. Logistics là ngành dịch vụ được ví như là những “mạch máu” của nền kinh tế quốc dân, có vai trò quan trọng trong việc kết nối, hỗ trợ và thúc đẩy phát triển kinh tế - xã hội.
Hơn lúc nào hết việc có cái nhìn tổng thể về thực trạng kết nối luồng hàng xuất nhập khẩu giữa Việt Nam với các thị trường xuất khẩu chủ lực của ta tại khu vực châu Âu – châu Mỹ là rất cần thiết, là cơ sở để đưa ra những khuyến nghị định hướng phát triển ngành logistics cũng như định hướng thu hútđầu tưvào logistics tại Việt Nam để phục vụ ngành xuất khẩu. Đây cũng là nhu cầu cấp thiết của cộng đồng doanh nghiệp logistics và các doanh nghiệp xuất khẩu để điều chỉnh hoạt động kinh doanh của mình phù hợp với diễn biến thực tế trên thị trường.
Nhận thấy tầm quan trọng đó Bộ Công Thương (Vụ Thị trường châu Âu – châu Mỹ) phối hợp cùng các đơn vị liên quan tổ chức Diễn đàn “Phát triển ngành logistics Việt Nam với khu vực châu Âu – châu Mỹ” vào sáng ngày 17/12/2021 tại Hà Nội.
Tham luận tại chương trình có sự gia của Cục Xuất nhập khẩu, Thương vụ Việt Nam tại Hoa Kỳ, các doanh nghiệp xuất khẩu điển hình và các tổ chức quốc tế, đại diện thương mại khu vực châu Âu – châu Mỹ tại Việt Nam. Chương trình có sự đồng hành của Tổng Công ty Khí Việt Nam – CTCP; Tập đoàn Xăng dầu Việt Nam; Công ty cổ phần Airtech Thế Long.","logistics, ngành logistics, ngành logistics Việt Nam",709
https://vneconomy.vn/cong-an-tp-hcm-canh-bao-tro-co-bac-tren-mang-xa-hoi-labubu.htm,Công an TP.HCM cảnh báo trò cờ bạc trên mạng xã hội Labubu,2024-08-30,Kinh tế số,"Tại họp báo về tình hình kinh tế - xã hội trên địa bàn TP.HCM chiều 29/8, Thượng tá Nguyễn Thăng Long, Phó trưởng Phòng Tham mưu Công an Thành phố, cho biết cơ quan công an đã nắm được phương thức hoạt động, cách thức tổ chức trò chơi Labubu này.
Thời gian gần đây, trên mạng đang rộ lên chơi xổ số Labubu. Đây là các vụ cá cược để đổi lấy Labubu. Điều đáng nói các chủ shop ăn lời rất nhiều tiền. Chẳng hạn, 1 con Labubu giá khoảng 1 triệu đồng nhưng lại bán vé cho 10 - 20 người chơi khác và mỗi ngày chủ shop thu lợi chục triệu.
Theo Thượng tá Nguyễn Thăng Long, Công an Thành phố luôn chủ động triển khai đồng bộ nhiều biện pháp nghiệp vụ để nắm, phát hiện và xử lý các hành vi vi phạm pháp luật; trong đó có các hoạt động lợi dụng không gian mạng để đánh bạc hoặc tổ chức đánh bạc. Việc xử lý bất kỳ hành vi nào có dấu hiệu vi phạm pháp luật đều phải căn cứ tài liệu, chứng cứ thu thập được; theo đúng quy trình, quy định của pháp luật.
“Về hình thức huy động tiền và bốc thăm có thưởng - tương tự như phản ánh về chơi xổ số Labubu mang tính chất trò chơi có thưởng, cần phải có sự phê duyệt, cho phép của cơ quan chức năng với các quy định/điều lệ chặt chẽ. Đây là một trong những loại hình tiềm ẩn nhiều nguy cơ vi phạm pháp luật nếu không được quan chức năng quản lý”, đại diện Công an Thành phố thông tin.
Trước cơn sốt đó, những nhà bán Labubu trên TikTok livestream với hình thức raffle (tương tự chơi xổ số, rút thăm), người chơi sẽ chọn con số ngẫu nhiên theo luật của chủ live và chuyển tiền rồi chờ xem kết quả mình có may mắn nhận được Labubu hay không...
Hiện nay, các đơn vị nghiệp vụ Công an TP.HCM đã và đang tổ chức thu thập tài liệu về hoạt động này để tiến hành xử lý theo quy định của pháp luật (nếu có vi phạm).
Việc bán thú nhồi bông Labubu hay bất kỳ sản phẩm nào với hình thức như trên có thể có dấu hiệu của hành vi đánh bạc. Nếu tổng số tiền tham gia một lần chơi từ 5 triệu đồng trở lên, số lượng người tham gia từ 10 người trở lên sẽ cấu thành hành vi tổ chức đánh bạc và đánh bạc đối với cả người bán và người mua.
Ngoài dấu hiệu vi phạm pháp luật trên, việc người dân tham gia các hoạt động trên cũng dễ trở thành nạn nhân của tội phạm lừa đảo (mua hàng nhái, bị lừa chuyển cọc đặt mua hàng trên mạng, trúng thưởng không nhận được sản phẩm…).
Trên một số nền tảng xã hội như TikTok, Facebook xuất hiện nhiều người tổ chức trò chơi có hình thức tương tự rút thăm, xổ số, lô tô, thu hút nhiều người tham gia. Mỗi lượt chơi trung bình có từ 10 - 20 slot (chỗ) hoặc có thể hơn, tùy vào quy mô. Người chơi có thể dùng tiền (có chỗ còn quy ra vàng) để mua một hoặc nhiều slot, nếu muốn tăng cơ hội trúng thưởng. Số tiền bỏ ra có thể từ vài chục ngàn lên đến cả triệu đồng, tùy vào ""luật"" mà chủ kênh livestream đưa ra.
Công an Thành phố khuyến cáo người dân cảnh giác với các trò chơi rút thăm trúng thưởng hoặc các hình thức trò chơi trúng thưởng khác trên mạng để tránh việc vi phạm pháp luật.","cờ bạc online, cờ bạc trên mạng xã hội, Công an Thành phố, Công an TP.HCM, digital economy, kinh tế số, Labubu",750
https://baodautu.vn/ap-luc-dieu-chinh-gia-tang-vn-index-giam-gan-10-diem-phien-dau-tuan-d192208.html,"Áp lực điều chỉnh gia tăng, VN-Index giảm gần 10 điểm phiên đầu tuần",2023-06-19,Tài chính - Chứng khoán,"Với áp lực điều chỉnh cuối tuần trước, VN-Index trong phiên hôm nay phục hồi nhẹ trong phiên sáng với thanh khoản kém, sau đó áp lực bán gia tăng mạnh hơn đến từ nhóm cổ phiếu vốn hóa lớn, VN30 trong phiên chiều.
Kết phiên, VN-Index đóng cửa ở mốc 1.105 điểm, tương ứng giảm -9,82 điểm (-0,88%). Tổng khối lượng giao dịch sụt giảm hơn 30% so với phiên trước, đạt 811 triệu cổ phiếu, tương đương 14.317 tỷ đồng về giá trị.
HNX-Index giảm 1,92 điểm (-0,84%) về mức 226,52 điểm. Độ rộng trên hai sàn niêm yết tiêu cực hơn với tổng cộng 440 mã giảm giá (32 mã giảm sàn), 172 mã tăng giá (09 mã tăng trần) và 92 mã giữ giá tham chiếu.
Tổng thanh khoản trên hai sàn niêm yết đạt 16.354 tỷ đồng, trên mức trung bình nhưng giảm khá mạnh so với phiên cuối tuần trước thể hiện dòng tiền suy giảm khá mạnh ở các mã có tính chất đầu cơ, cơ bản yếu.
Nhóm tích cực kể đến phiên hôm nay là cổ phiếu dịch vụtài chính, chứng khoán đã phần vẫn tăng điểm như VCI (+4,42%), CTS (+2,90%), BSI (+2,03%), SSI (+1,15%)... Tuy nhiên, mã có phiên giảm hôm nay là APS (-9,87%) bị bán mạnh với khối lượng rất đột biến.
Nhómbất động sảnkhu công nghiệp nhiều mã cũng phục hồi sau áp lực bán mạnh phiên trước với VGC (+2,66%), DTD (+2,33%), KBC (+0,91%)... trong khi các mã vẫn chịu áp lực bán như ITA (-4,91%), TIP (-3,66%), SIP (-1,83%)...
Các mã trong nhómđầu tưcông, xây dựng, vật liệu đa số có diễn biến khá tích cực, tăng giá kèm thanh khoản gia tăng mạnh như LCG (+3,46%), VCG (+2,53%), C4G (+2.33%)... ngược lại các mã chịu áp lực bán mạnh như HBC (-5,05%). Phiên hôm nay, thông tin liên quan đến HBC là báo cáo tài chính kiểm toán năm 2022 ghi nhận lỗ 2.600 tỷ đồng, tăng gần 1.500 tỷ đồng so với báo cáo trước kiểm toán. Các mã trong nhóm xây dựng khác cũng ghi nhận giảm, như CTD (-2,28%), C69 (-2,22%)...
Các nhóm cổ phiếu giảm giá phiên nay phải kể đến làngân hàng, với VCB giảm 3,14% gây ảnh hưởng đến chỉ số chung, tương tự EIB (-1,44%), TCB (-1,38%), HDB (-1,34%)... ngoài một số mã tăng giá nhẹ như SHB (+1,59%), TPB (+0,55%), CTG (+0,35%)...
Nhóm bất động sản cũng chịu áp lực bán mạnh với khối lượng gia tăng như NVL, PDR, DIG, DXG, HDG, …
Khối ngoại quay trở lại bán ròng với giá trị phiên nay hơn 104 tỷ đồng trên sàn HSX, tập trung bán ròng ở các mã: NVL (-343 tỷ đồng), VNM (-65 tỷ đồng), VCB (-53 tỷ đồng), ... Ngược lại, mua ròng ở các mã: VCI (+65 tỷ đồng), HPG (+25 tỷ đồng), NLG (+21 tỷ đồng), ...
Chuyên gia CTCK SHS cho rằng, diễn biến rung lắc điều chỉnh được dự báo sẽ còn tiếp diễn và vùng hỗ trợ gần nhất của Vn-Index là quanh 1.095 điểm. SHS duy trì nhận định về xu hướng hồi phục tích cực trong ngắn hạn và VN-Index kỳ vọng sẽ vượt được kháng cự hiện thời để hướng tới khu vực 1.150 điểm.
Xu hướng trung dài hạn của VN-Index đang vận động trong vùng tích lũy rộng từ 1.000 điểm -1.150 điểm và thị trường đã chuyển đổi sang giai đoạn hậu tích lũy và đang khởi động quá trình tạo dựng Uptrend nếu điều kiện vĩ mô hỗ trợ.","TTCK, VN-Index, bất động sản, ngân hàng, khối ngoại, xây dựng, HBC, cổ phiếu APEC, bất động sản khu công nghiệp",924
https://vneconomy.vn/chi-co-tai-my-california-tung-chuong-trinh-xo-so-116-trieu-usd-de-keo-nguoi-dan-tiem-vaccine.htm,Chỉ có tại Mỹ: California tung chương trình xổ sổ 116 triệu USD để kéo người dân tiêm vaccine,2021-05-28,Thế giới,"Thống đốc bang California Gavin Newsom (Mỹ) ngày 27/5 công bố chương trình xổ số trị giá 116,5 triệu USD toàn bang, có tên “Vax for the Win” (Tạm dịch: Tiêm vaccine để chiến thắng), để khuyến khích người dân tiêm vaccine ngừa Covid-19.
“Bang California hôm nay công bố chương trình khuyến khích tiêm chủng vaccine lớn nhất tại Mỹ"", ông Newsom tuyên bố tại một trung tâm tiêm chủng ở Los Angeles.
""Đây là lời ‘cảm ơn' lớn nhất của chúng tôi với những người dân California đãtiêm vaccine Covid-19”, trang web của chương trình viết.
Điều kiện để tham gia chương trình này là cư dân California từ 12 tuổi trở lên và đã tiêm ít nhất một liều vaccine-19 đủ điều kiện tham gia xổ số. Theo trang web của chương trình, 10 người chiến thắng được chọn vào ngày 15/6 để nhận giải độc đắc trị giá 1,5 triệu USD/người. 30 người khác được chọn để nhận giải 50.000 USD tiền mặt (chia làm 2 đợt vào ngày 4/6 và 11/6).
Ngoài các giải thưởng trên, chương trình cũng tặng thẻ quà tặng trị giá 50 USD cho 2 triệu người đầu tiên tiêm vaccine Covid-19 vào ngày 27/5 - ngày ra mắt chương trình. Nỗ lực của California nhằm đạt được miễn dịch cộng đồng trước thời điểm bang khôi phục các hoạt động vào ngày 15/6 tới.
Hiện tại, hơn 60% người dân California đã tiêm ít nhất một liều vaccine ngừa Covid-19. Tuy nhiên, ước tính vẫn còn khoảng 12 triệu người đủ điều kiện tiêm nhưng chưa tiêm. Với việc khôi phục toàn diện các hoạt động và bỏ yêu cầu đeo khẩu trang bắt buộc, lãnh đạo California cho biết điều quan trọng là phải thu hút càng nhiều người dân tiêm vaccine càng tốt.
Trước California, nhiều bang tại Mỹ cũng có chương trình thưởng tiền mặt cho người dân để khuyến khích tiêm vaccine ngừa Covid-19.
Bang Colorado gần đây tung ra một chương trình rút thăm trúng thưởng cho những người đã tiêm vaccine, trong đó 5 người sẽ nhận được 1 triệu USD/người. Bang Ohio trước đó cũng đưa ra một chương trình tương tự và ghi nhận số lượng người đi tiêm vaccine tăng vọt.
Trong khi đó, bang Maryland có chương trình phát tiền mặt 40.000 USD trong 40 ngày cho người dân đi tiêm chủng và kết thúc với giải thưởng trị giá 400.000 USD vào ngày 4/7.
Bang Oregon tung ra chương trình bốc thăm trúng thưởng với giải thưởng lên tới 1 triệu USD cho người tiêm chủng. Tại 36 quận của bang, mỗi bang sẽ có một người được nhận giải thưởng 10.000 USD. Ngoài ra, bang này cũng cấp học bổng cho sinh viên tiêm vaccine.
Trong khi đó, bang New York có loạt ưu đãi cho người dân tham gia tiêm chủng. Ưu đãi gồm vé tham gia sự kiện thể thao, nhạc kịch. Còn bang New Jersey tung ra chương trình “tiêm chủng và uống bia”, theo đó, người tiêm vaccine từ 21 tuổi trở lên có thể nhận được một cốc bia miễn phí tại một số nhà máy bia trong tháng 5 khi xuất trình thẻ tiêm chủng. Bang Illinois cũng đang có kế hoạch đưa ra một chương trình tương tự.","tiêm vaccine Covid-19, khuyến khích tiêm vaccine, bang Mỹ khuyến khích tiêm vaccine",701
https://vneconomy.vn/ket-qua-san-xuat-kinh-doanh-dien-nam-2023-cua-evn-lo-tren-21-821-ty-dong.htm,Kết quả sản xuất kinh doanh điện năm 2023 của EVN: Lỗ trên 21.821 tỷ đồng,2024-10-10,Thị trường,"Ngày 10/10/2024, Bộ Công Thương công bố nội dung kết quả kiểm tra chi phí sản xuất kinh doanh điện năm 2023 của Tập đoàn Điện lực Việt Nam (EVN)
Số liệu được căn cứ trên kết quả kiểm tra của Đoàn kiểm tra (bao gồm đại diện của các Bộ, cơ quan, hiệp hội có liên quan (Bộ Công Thương, Bộ Tài chính, Bộ Lao động - Thương binh và Xã hội, Ủy ban Quản lý vốn nhà nước tại doanh nghiệp, Hội Điện lực Việt Nam, Hội Bảo vệ người tiêu dùng Việt Nam, Liên đoàn Thương mại và Công nghiệp Việt Nam).
Theo đó, tổng chi phí sản xuất kinh doanh điện năm 2023 là 528.604,24 tỷ đồng, bao gồm: chi phí sản xuất kinh doanh điện của các khâu phát điện, truyền tải điện, phân phối - bán lẻ điện và phụ trợ - quản lý ngành, tăng 35.338,94 tỷ đồng (tương ứng tăng 7,16%) so với năm 2022; giá thành sản xuất kinh doanh điện năm 2023 là 2.088,90 đồng/kWh, tăng 2,79% so với năm 2022 (trong đó các khoản thu của EVN và các đơn vị thành viên từ thanh lý, nhượng bán tài sản cố định và vật tư thu hồi, thu nhập từ hoạt động cho thuê cột điện đã được giảm trừ vào chi phí sản xuất kinh doanh của EVN và các đơn vị thành viên).
Tổng chi phí khâu phát điện là 441.356,37 tỷ đồng, tương ứng với giá thành khâu phát điện theo điện thương phẩm là 1.744,12 đồng/kWh; so với năm 2022, chi phí khâu phát điện năm 2023 tăng 29.112,84 tỷ đồng. Tổng chi phí khâu truyền tải điện là 18.879,15 tỷ đồng, tương ứng với giá thành khâu truyền tải điện theo điện thương phẩm là 74,61 đồng/kWh.
Tổng chi phí khâu phân phối - bán lẻ điện là 66.773,11 tỷ đồng, tương ứng với giá thành khâu phân phối - bán lẻ điện theo điện thương phẩm là 263,87 đồng/kWh. Tổng chi phí khâu phụ trợ - quản lý ngành là 1.595,60 tỷ đồng, tương ứng với giá thành khâu phụ trợ - quản lý ngành theo điện thương phẩm là 6,31 đồng/kWh.
Tổng khoản bù giá cho chi phí sản xuất kinh doanh điện tại các xã, huyện đảo chưa nối lưới điện quốc gia là 428,54 tỷ đồng.
Sản lượng điện thương phẩm thực hiện năm 2023 là 253,05 tỷ kWh, tăng 4,26% so với năm 2022. Doanh thu bán điện thương phẩm năm 2023 là 494.359,28 tỷ đồng, tăng 8,18% so với năm 2022. Giá bán điện thương phẩm bình quân thực hiện là 1.953,57 đồng/kWh, tăng 3,76% so với năm 2022.
Kết quả hoạt động sản xuất kinh doanh điện năm 2023 của EVN lỗ 34.244,96 tỷ đồng. Thu nhập từ các hoạt động có liên quan đến sản xuất kinh doanh điện trong năm 2023 là 12.423,40 tỷ đồng. Tổng cộng hoạt động sản xuất kinh doanh điện năm 2023 và các hoạt động liên quan đến sản xuất kinh doanh điện năm 2023 của EVN (thu nhập từ hoạt động tài chính và từ tiền bán công suất phản kháng) lỗ 21.821,56 tỷ đồng (không tính tới thu nhập từ sản xuất khác).
Các khoản chưa hạch toán vào giá thành sản xuất kinh doanh điện năm 2023 khoảng 18.032,07 tỷ đồng, bao gồm phần còn lại khoản chênh lệch tỷ giá thực hiện theo hợp đồng mua bán điện của các đơn vị phát điện phần còn lại năm 2019 và khoản chênh lệch tỉ giá theo hợp đồng mua bán điện các năm từ 2020 - 2023.","công nghiệp, EVN lỗ trên 21 nghìn tỷ đồng, Kết quả sản xuất kinh doanh điện năm 2023 của EVN, thị trường",780
https://baodautu.vn/hoang-anh-tuan-sang-lap-soya-garden-de-dau-nanh-dung-cung-tra-ca-phe-trong-menu-do-uong-d86006.html,"Hoàng Anh Tuấn, Sáng lập Soya Garden: Để đậu nành đứng cùng trà, cà phê trong menu đồ uống",2018-08-09,Doanh nghiệp,"Tốt nghiệp chuyên ngành công nghệ thông tin, phải tự học mọi kiến thức liên quan đến kinh doanh, nhưng Hoàng Anh Tuấn, 30 tuổi cùng Soya Garden đã thuyết phục được nhàđầu tưrót vốn vượt kỳ vọng.
Đi du lịch và tình cờ bắt gặp thức uống đậu nành tại các nước trong khu vực Đông Nam Á, Anh Tuấn muốn rẽ vào kinh doanh. Kế hoạch được xây dựng khá nhanh, đó là chuỗi cửa hàng cao cấp cung cấp các sản phẩm chuyên biệt từ đậu nành.
“Tôi dự tính, trong vòng 2 năm sẽ đưa đậu nành trở thành thức uống phổ biến như cà phê và trà tại Việt Nam”, Hoàng Anh Tuấn chia sẻ kế hoạch kinh doanh của Soya Garden. Không chỉ dừng lại ở menu uống, Soya Garden còn muốn tham gia vào chuỗi sản xuất các mặt hàngtiêu dùngliên quan đến đậu nành.
Tất nhiên, khó khăn mà Hoàng Tuấn Anh phải đối mặt không ngọt ngào như vị thơm ngon của nước đậu nành. Soya Garden mới chỉ có 5 nhân viên phục vụ liên tục tại 12 - 15 cửa hàng. Nếu mở và vận hành 50 cửa hàng như kế hoạch, thì cần phải có người cùng chí hướng. Điều này thì không phải có tiền là giải quyết được.
Cùng với đó, nguồn gốc nguyên liệu cũng đang là bài toán khó phải giải. Hiện tại, để đảm bảo chất lượng nguồn nguyên liệu đậu nành hữu cơ của chuỗi cửa hàng, Anh Tuấn quyết định nhập khẩu hoàn toàn từ một đối tác tại Singapore. Nhưng, trong dài hạn, Công ty sẽ phải chủ động nguồn nguyên liệu này trong nước.
Không phải start-up nào khi tham gia Chương trình Shark Tank cũng nhận được cam kết đầu tư, thậm chí có cam kết, nhưng cũng không chắc qua được vòng thẩm định đầu tư khó khăn của các nhà đầu tư cá mập. Nguyên lý đồng tiền đi liền khúc ruột luôn đúng trong các cuộc thẩm định đầu tư. Không ít start-up ngậm ngùi nhìn cơ hội vuột mất.
Nhưng Soya Garden của Hoàng Anh Tuấn đã nhận được 20 tỷ đồng sau vòng thẩm định đầu tư, vượt 5 tỷ đồng so với cam kết mà shark Nguyễn Ngọc Thủy (Chủ tịch HĐQT Tập đoàn Egroup) đưa ra trong vòng thương thuyết trên truyền hình.
Shark Thủy đã nhìn thấy tiềm năng thực tế của mô hình mà Hoàng Anh Tuấn đang triển khai với Soya Garden. Bình quân doanh thu mỗi cửa hàng Soya Garden đang đạt 13,4 triệu đồng/ngày, với biên lợi nhuận khoảng 23%. Đây là lý do mà trong khi nhiều nhà đầu tư khác đánh giá Anh Tuấn còn non trẻ về quản trị, thì ông chủ của Egroup đã bỏ hẳn 20 tỷ đồng cho giai đoạn 1 để Soya Garden mở 30 cửa hàng (50 cửa hàng, trong đó 30 cửa hàng ở thị trường miền Bắc và 20 cửa hàng ở thị trường miền Nam).
Khoản tiền này còn để phục vụ cả kế hoạch trở thành đối tác chiến lược của Super Bean Internattional Pte Ltd (Singapore) - đơn vị đã có hơn 20 năm kinh doanh sản phẩm tương tự tại hơn 65 cửa hàng bán lẻ ở Singapore, Nhật Bản và Philippines mà Shark Nguyễn Ngọc Thủy đã kết nối cho Soya Garden.
“Hoàng Anh Tuấn “ngây thơ nhưng nhiệt huyết và có lý”, Shark Thủy lý giải về quyết định của mình. Thậm chí, Chủ tịch Tập đoàn Egroup cũng không ngần ngại hứa hẹn sẽ tiếp tục đầu tư cho các giai đoạn kế tiếp, nếu sau khi được đầu tư, Soya Garden đạt các tiêu chí đánh giá hiệu suất hoạt động (KPI).","khởi nghiệp, không gian khởi nghiệp, Hoàng Anh Tuấn, Sáng lập Soya Garden",752
https://vneconomy.vn/ha-noi-thanh-lap-doan-giam-sat-cong-tac-quan-ly-dat-dai-khu-vuc-bai-song.htm,Hà Nội thành lập Đoàn giám sát công tác quản lý đất đai khu vực bãi sông,2024-08-09,Bất động sản,"Theo HĐND TP. Hà Nội, Đoàn giám sát với mục đích xem xét, đánh giá việc thực hiện công tác quy hoạch, quản lý đất đai, trật tự xây dựng khu vực bãi sông, ngoài đê trên địa bàn TP.Hà Nội từ năm 2021 đến nay; làm rõ những kết quả đạt được, những vướng mắc, khó khăn, hạn chế, nguyên nhân và trách nhiệm của các cơ quan có liên quan trong công tác tổ chức quản lý, sự tuân thủ các quy định của pháp luật, chủ trương, chỉ đạo của Thành ủy.
Qua đó sẽ đưa ra kiến nghị, giải pháp tăng cường thực hiện công tác quy hoạch và quản lý, đầu tư xây dựng theo quy hoạch, quản lý đất đai, trật tự xây dựng khu vực bãi sông, ngoài đê sông Hồng, sông Đuống trên địa bàn thành phố, nhằm nâng cao hiệu quả quản lý nhà nước trong lĩnh vực thuộc phạm vi giám sát.
HĐND TP yêu cầu các đơn vị chịu sự giám sát, báo cáo với Đoàn giám sát phải làm rõ kết quả đạt được, những tồn tại, vướng mắc, nguyên nhân, trách nhiệm của các cấp, các ngành trong công tác quản lý, tổ chức thực hiện theo quy định pháp luật. Trong đó, tập trung vào nội dung: công tác triển khai thực hiện quy hoạch và quản lý, đầu tư xây dựng theo quy hoạch hai bên bờ sông Hồng, sông Đuống; công tác quản lý đê điều, công tác quản lý đất đai, chống lấn chiếm, các hoạt động xây dựng khu vực ngoài đê; công tác rà soát các khu vực bến bãi đủ điều kiện hoạt động và phù hợp tiêu chí; công tác cấp phép các bến bãi và quản lý luồng tuyến; công tác thanh tra, kiểm tra và xử lý vi phạm. Trong tháng 8 và tháng 9/2024, HĐND TP sẽ làm việc với các đơn vị, địa phương.
Liên quan đến các con sông trên địa bàn Hà Nội, Luật Thủ đô năm 2024 đã cho phép xây dựng các tuyến đê mới phù hợp với quy hoạch phòng, chống lũ của tuyến sông có đê, quy hoạch đê điều và quy hoạch khác có liên quan để khai thác hiệu quả quỹ đất. Trên bãi sông được phép tồn tại một số khu vực dân cư hiện hữu và được phép xây dựng mới công trình, nhà ở với tỷ lệ thích hợp theo quy hoạch phòng, chống lũ của tuyến sông có đê và quy hoạch khác có liên quan.
Ngoài ra, các khu vực bãi sông, bãi nổi còn lại được phép xây dựng công trình dành cho không gian công cộng, công trình phục vụ mục đích công cộng nhưng không tôn cao bãi sông, bãi nổi để bảo đảm yêu cầu không làm cản trở dòng chảy.
Theo Chủ nhiệm Ủy ban Pháp luật của Quốc hội Hoàng Thanh Tùng, Luật Thủ đô năm 2024 quy định UBND TP phê duyệt dự án đầu tư xây dựng các công trình tại bãi sông, bãi nổi ở các tuyến sông có đê trên địa bàn Thành phố theo Quy hoạch Thủ đô, Quy hoạch chung Thủ đô và các quy hoạch khác có liên quan; HĐND TP quy định chi tiết trình tự, thủ tục đầu tư xây dựng các công trình ở bãi sông, bãi nổi.
“Những quy định trên là điều kiện thuận lợi, khung pháp lý quan trọng để vừa bảo đảm công tác phòng, chống thiên tai, vừa khai thác hiệu quả quỹ đất các bãi sông trên địa bàn TP.Hà Nội theo đúng quy định. Bởi thực tế, Hà Nội có hệ thống sông chảy qua địa bàn và hệ thống đê điều quy mô lớn, ở nhiều cấp độ khác nhau”, Chủ nhiệm Ủy ban Pháp luật của Quốc hội nhấn mạnh.","bất động sản, đoàn giám sát công tác quản lý đất đai khu vưc bãi sông",764
https://baodautu.vn/vang-bat-tang-tro-lai-cham-dut-chuoi-ngay-giam-gia-d141041.html,"Vàng bật tăng trở lại, chấm dứt chuỗi ngày giảm giá",2021-04-14,Ngân hàng - Bảo hiểm,"Giá vàng bật tăng trở lại phục hồi từ đáy một tuần, sau khi dữ liệu cho thấy lạm phát tại Mỹ tăng mạnh đã làm gia tăng sức hấp dẫn của vàng trong vai trò là hàng rào chống lạm phát và gây áp lực lên giá vàng.
Chỉ số giá tiêu dùng tháng 3/2021 tại Mỹ tăng mạnh nhất trong hơn 8 năm rưỡi, khởi động dự báo của các chuyên giakinh tếvề thời kỳ lạm phát cao.
Cụ thể, báo cáo chỉ số giá tiêu dùng (CPI) tại Mỹ tháng 3 cho thấy mức tăng 0,6% so với tháng 2 và tăng 2,6% so với cùng kỳ năm ngoái.
Mức này cao hơn dự kiến CPI sẽ tăng 0,5% so với tháng 2 và tăng 2,5% so với cùng kỳ năm ngoái. Số liệu cho thấy chỉ số giá tiêu dùng tại Mỹ tháng 3 tăng nhiều nhất 8,5 năm, bắt đầu giai đoạn được giới phân tích kỳ vọng là lạm phát tăng.
Lạm phát tăng đã thúc đẩy lợi tức trái phiếu Mỹ giảm. Lợi suất trái phiếu kho bạc Mỹ kỳ hạn 10 năm chuẩn hiện đạt khoảng 1,68%
USD đã giảm xuống mức thấp nhất trong 3 tuần sau khi dữ liệu được công bố, theo đó giúp vàng trở nên rẻ hơn đối với những người mua bằng ngoại tệ khác. Trong khi đó, lợi suất trái phiếu kỳ hạn 10 năm của Mỹ của giảm.
Đồng bạc xanh giảm thấp hơn so với tất cả các đồng tiền chính với đồng Bảng Anh dẫn đầu mức tăng. Ngoài CPI và doanh số bán lẻ, các cuộc khảo sát của Fed New York và Philadelphia dự kiến ​​sẽ được công bố.
Chủ tịch Cục dự trữ liên bang Mỹ (Fed) - Powell cho biết, Mỹ đang ở “điểm uốn”, nền kinh tế sẽ bắt đầu tăng trưởng nhanh hơn. Tuy nhiên, ông cũng cảnh báo không nên mở lại nền kinh tế quá nhanh và nhấn mạnh tầm quan trọng của việc thực hiện các biện pháp để tránh bùng phát dịch, một yếu tố có thể cản trở quá trình phục hồi.
Một yếu tố khác hỗ trợ vàng là lo ngại gia tăng khi quan chức y tế Mỹ quyết định khuyến nghị tạm dừng sử dụng vắc xin Covid-19 của Johnson & Johnson.
Sự lo ngại dịch Covid-19 bùng phát trong khi lượng vắc xin phòng chống lại ít đi khiến thị trườngchứng khoánMỹ giảm nhẹ. Số người nhiễm mới Covid-19 tăng thêm 735.000 người, lên hơn 138 triệu người trên toàn cầu, trong đó có 2,97 triệu người chết. Riêng tại Mỹ, số ca nhiễm mới tăng thêm 77.700 người, lên hơn 32 triệu người, trong đó số người chết lên 577.179 người.
Giới phân tích lĩnh vực vàng đưa ra nhận định, ngưỡng kháng cự 1.700 USD/ounce của vàng đang là điểm cản, nếu vượt qua ngưỡng này vàng sẽ bật tăng trở lại.
Đối với thị trường vàng trong nước, vàng SJC niêm yết sáng nay lên 54,97-55,37 triệu đồng/lượng (mua - bán), tăng từ 200.000 -250.000 đồng/lượng so với phiên hôm qua ở cả hai chiều mua - bán.
Giá vàng Doji tại Hà Nội cũng được niêm yết 54,80-55,20 triệu đồng/lượng sau khi giảm 50.000 đồng chiều mua vào và 100.000 đồng chiều bán ra hôm qua.
Tuy nhiên, quy đổi theo tỷ giá VND/USD, giá vàng thế giới thấp hơn 6,5 triệu đồng/lượng so với giá vàng trong nước tính theo tỷ giá niêm yết tại Vietcombank.
Ngày 14/4, tỷ giá trung tâm doNgân hàngNhà nước công bố tăng 3 đồng so với ngày hôm trước, lên 23.217 VND/USD. Còn ngân hàng Vietcombank giữ nguyên giá mua vào 22.950 VND/USD và bán ra 23.160 VND/USD.","Vàng, giá vàng, giá vàng hôm nay, vàng SJC, lợi suất trái phiếu Chính phủ Mỹ, USD, lạm phát",805
https://baodautu.vn/dot-pha-xuan-binh-than-d39641.html,Đột phá Xuân Bính Thân,2016-02-18,Đầu tư,"“Sản xuất cũng như đánh giặc”- lời huấn thị của Chủ tịch Hồ Chí Minh đã cho thấy tính cấp thiết, cũng như tầm quan trọng của công cuộc bảo vệ và kiến thiết đất nước. Trong nềnkinh tếthị trường, câu nói “thương trường là chiến trường”, ở khía cạnh khác là để nhắc nhở giớidoanh nhâncả nước, nhất làdoanh nghiệpvừa và nhỏ rằng, nếu không cẩn thận sẽ bị loại khỏi cuộc chơi bất cứ lúc nào trong cuộc cạnh tranh khốc liệt thời hội nhập.
Đất nước đã trải qua ba thập kỷ đổi mới, đã tích lũy được nhiều thành tựu, nhất là từ năm 2011 đến nay, chúng ta thực hiệntái cơ cấunền kinh tế. Luật Doanh nghiệp, Luật Đầu tư (sửa đổi) được ban hành chính là những mốc quan trọng của cải cách thể chế, phục vụ nâng cao năng lực cạnh tranh, cải thiện môi trườngđầu tư, thu hút vốn đầu tư trực tiếp nước ngoài (FDI).
Tuy đã gặt hái được nhiều kết quả tốt đẹp, nhưng doanh nghiệp Việt  vẫn còn nhiều hạn chế bởi đa phần là doanh nghiệp nhỏ và siêu nhỏ, công nghệ lạc hậu, thiếu sức cạnh tranh...
Cả nước hiện có trên 500.000 doanh nghiệp, hội đủ các loại ngành nghề. Đội ngũ doanh nghiệp được trao sứ mệnh là đội quân tiên phong đưa đất nước phát triển, sớm trở thành nước công nghiệp hóa - hiện đại hóa, làm rạng danh Thời đại Hồ Chí Minh. Để thực hiện được sứ mệnh này, điều cần thiết và quan trọng mà đội ngũ doanh nhân Việt Nam cần làm ngay trong những ngày đầu Xuân mới là hãy tạo ra đột phá khẩu trong nâng cao năng lực cạnh tranh, đột phá khẩu trong làm ăn với mục tiêu cốt lõi để phát triển bền vững, tham gia sâu hơn vào chuỗi sản xuất toàn cầu.
Có thể chỉ ra những đột phá trong cạnh tranh mà doanh nghiệp Việt cần thực hiện như: phấn đấu không ngừng nâng cao năng suất lao động với hàm lượng tri thức cao, đổi mới công nghệ, mẫu mã sản phẩm, đào tạo và đào tạo lại đội ngũ lao động kỹ thuật cũng như đội ngũ quản lý.... Tích cực, chủ động tìm kiếm khách hàng, thay vì thụ động ngồi chờ khách hàng tìm đến. Tận dụng tốt cơ hội từ các hiệp định thương mại tự do (FTA) đem lại. Nâng cao mối liên kết giữa các doanh nghiệp để cùng phát triển, đủ sức cạnh tranh với doanh nghiệp ngoại, đưa con thuyền doanh nghiệp Việt từ ao nhà vững vàng ra biển lớn.
Năm Ất Mùi 2015 đã khép lại, dứt khoát phải loại bỏ những rào cản làm cho doanh nghiệp tụt hậu như thủ tục hành chính rườm rà, cơ chế xin - cho và nạn phong bì bôi trơn. Doanh nghiệp thời hiện đại, hội nhập sâu, cùng tham gia sân chơi lớn như TTP phải là doanh nghiệp trí tuệ, làm giàu bằng năng lực thật, chứ không dựa vào lợi thế được ưu đãi, hay cơ chế xin - cho.
Đại hội Đại biểu toàn quốc lần thứ XII của Đảng, với những quyết sách quan trọng trong thời kỳ mới, là hy vọng, là hoài bão đưa đất nước vươn lên thoát khỏi bẫy thu nhập trung bình thấp. Doanh nghiệp, doanh nhân là đội ngũ xung kích của tiến trình làm giàu, dựng xây đất nước, càng phải động não, thực sự hành động và quyết đoán. Trong cuộc trường chinh làm giàu đó, doanh nghiệp, doanh nhân chắc chắn sẽ luôn nhận được sự hỗ trợ tích cực từ các chính sách của Đảng và Nhà nước.","FDI, kinh tế Xuân Bính Thân, cải cách thể chế, phục vụ nâng cao năng lực cạnh tranh, cải thiện môi trường đầu tư, thu hút vốn đầu tư trực tiếp nước ngoài, fta",772
https://vneconomy.vn/blog-chung-khoan-chot-loi-ngan-han-818171.htm,Blog chứng khoán: Chốt lời ngắn hạn,2022-08-10,Chứng khoán,"Dòng tiền tụt giảm hôm nay và hiện tượng chốt lời mạnh lên rõ hơn ở những cổ phiếu có biên độ tăng tốt. Khả năng cao những mã này sẽ có vài phiên điều chỉnh trước khi cân bằng lại. Đây là lúc nên di chuyển vị thế hợp lý để tối đa hóa lợi nhuận.
Nhóm cổ phiếu đầu cơ, vốn hóa nhỏ đang mạnh lên. Đây là điều có thể nhìn thấy trước. Biên độ và thanh khoản hạn chế ở nhóm này sẽ hấp dẫn dòng tiền nóng hoạt động mạnh trong bối cảnh tổng thanh khoản đang chững lại. Điều duy nhất cần nhớ, là đầu cơ tức là chụp giật, ăn xong là nghỉ, không phân tích cơ bản tìm điểm bấu víu, không nhìn “bánh vẽ” gì cả!
VNI lẫn VN30 đang đi ngang và được neo giữ nhờ sự bổ trợ về điểm số giữa các trụ. Kỳ vọng lớn nhất là hiện tượng này không khiến điểm số biến động mạnh, tạo điều kiện thị trường “bình yên” để dòng tiền nóng làm việc chỗ khác. Hôm nay VHM, SAB, VNM, MSN tăng không đủ để cân bằng với mức giảm vốn hóa của GAS, VIC, HPG, CTG, VCB, BID, TCB, VPB. Ảnh hưởng của nhóm ngân hàng rõ nét hơn trên VN30 khi chỉ số này tụt 0,33% so với -0,19% ở VNI.
Mặc dù điểm số giảm, cổ phiếu giảm giá nhiều hơn tăng, nhưng biên độ giá nhìn chung vẫn hẹp. Trong 20 cổ phiếu thanh khoản nhất của VNI thì 10 mã giảm/10 mã tăng. Tín hiệu chốt lời là các mã giao dịch lớn có mức giảm rõ nét như HPG, VND, SSI, NKG, HAG, STB, DBC. Tuy nhiên các mã giảm này không đại diện cho nhóm ngành, ví dụ VCI, HCM vẫn khá mạnh với thanh khoản tốt, HSG, PVD vẫn tăng ngược nhiều mã cùng ngành...
Thị trường phân hóa như vậy tương đối khó giao dịch, vì rất dễ ra vào nhầm mã. Nếu không đủ nhanh nhạy thì có thể chờ đợi qua nhịp chốt lời ngắn hạn này. Giá cổ phiếu vẫn tăng giảm hàng ngày tùy vào thời điểm hàng bán nhiều hay ít. Tuy vậy tổng thể vẫn chỉ là những đợt chốt lời chọn giá, chưa phải là đợt xả hàng dứt khoát. Cổ phiếu phân hóa là điểm hấp dẫn dòng tiền còn ở lại và không thể rời bỏ thị trường được.
Giao dịch phái sinh hôm nay cũng khó khi basis F1 chiết khấu quá rộng trong khi VN30 không bị ép đủ mạnh ở các trụ để nới dao động rộng hơn. Biên độ 2-3 điểm ở các nhịp intraday với F1 là quá hẹp. Chiều giảm của F1 luôn bị hạn chế bởi mức basis âm rất rộng. Các trụ lại không xuất hiện các đợt ép giá hay nâng giá rõ rệt. Đây là lý do tại sao thanh khoản F1 lại giảm tới 30% so với hôm qua và tổng giá trị danh nghĩa của thị trường này cũng giảm 29%, kể cả khi OI gia tăng rất nhiều hôm qua. Các tay chơi phái sinh có lẽ đã nằm im, giữ vị thế vì Long thì chưa hấp dẫn còn Short thì rủi ro.
VN30 chốt hôm nay tại 1277.15, ngay tại một mốc. Cản gần nhất ngày mai là 1281; 1286; 1292; 1299; 1302; 1308; 1311; 1214. Hỗ trợ 1271; 1268; 1263; 1260; 1254; 1248.
“Blog chứng khoán” mang tính chất cá nhân và không đại diện cho ý kiến của VnEconomy. Những quan điểm, đánh giá là của cá nhân nhà đầu tư và VnEconomy tôn trọng quan điểm cũng như văn phong của tác giả. VnEconomy và tác giả không chịu trách nhiệm về những vấn đề phát sinh liên quan đến các đánh giá và quan điểm đầu tư được đăng tải.",blog chứng khoán,832
https://baodautu.vn/batdongsan/da-nang-thanh-tra-hang-chuc-du-an-bat-dong-san-d75996.html,Đà Nẵng thanh tra hàng chục dự án bất động sản,2018-01-19,Chuyển động thị trường,"Cácdự ánđược thanh tra bao gồm: Dự án Biệt thự và tổ hợp dịch vụ du lịch cao cấp ven biển phường Phước Mỹ; dự án khu du lịch bãi Trẹm; dự án Trung tâm thương mại - khách sạn - văn phòng và căn hộ cao cấp Viễn Đông Meridian; dự án Khu phức hợp cao cấp thương mại, văn phòng, khách sạn và chung cư cao cấp Golden Square; dự án Đà Nẵng Center; dự án khu dân cư Tân Hải Doanh; dự án khu đô thị Golden Hills; dự án Trung tâm cao ốc phức hợp A- B Nguyễn Kim và dự án khu xử lý rác thải Ánh Dương. Dự án khu đô thị Capital Square 2; Khu đô thị Capital Square 3; dự án Epicure Fresh; dự án Smartdev; dự án Nhà hàng Con cá mập; dự án Giaidiep; dự án Soundcheck Việt Nam; dự án Euroviettex; dự án khu đô thị Thủy Tú; dự án khu du lịch ven biển Anvie Resort&Risidenses dự án khu du lịch The Nam Khang; dự án Le Meridien Đà Nẵng Resort&Spa dự án Công viên dịch vụ giải trí, du lịch, thể thao Huy Khánh.
Trong số các dự án này, có nhiều dự ánbất động sảnđã bị chậm tiến độ trong suốt nhiều năm qua, tọa lạc những vị trí đắc địa tại trung tâm thành phố Đà Nẵng gây bức xúc dư luận, điển hình như: Viễn Đông Meridian số 84 Hùng Vương, và 2 dự án nằm sát cạnh là dự án Golden Square, Đà Nẵng Center.
Ông Trần Văn Sơn, Giám đốc Sở KH&ĐT Đà Nẵng cho biết, với những trường hợp các dự án không đảm bảo việc chấp hành pháp luật theo giấy phépđầu tư, ngay sau khi có kết luận thanh tra khi đó cơ quan chức năng sẽ có hướng xử lý.
Ngoài ra, việc thanh tra cũng sẽ bao gồm công tác thanh tra chấp hành chính sách pháp luật về lĩnh vực đầu tư xây dựng cơ bản đối với UBND quận Hải Châu, UBND huyện Hòa Vang và Ban Quản lý dự án đầu tư xây dựng Khu công nghệ cao Đà Nẵng và thanh tra Trung tâm Hỗ trợdoanh nghiệpĐà Nẵng đối với việc chấp hành pháp luật về công tác phòng chống tham nhũng.
Trong một diễn biến khác, Chủ tịch UBND thành phố Đà Nẵng Huỳnh Đức Thơ vừa có văn bản giao nhiệm vụ cho Sở Xây dựng chủ trì, phối hợp với Sở GTVT và các đơn vị có liên quan tổng kiểm tra, rà soát chất lượng thi công các hạng mục của công trình “Cải tạo, chỉnh trang một số tuyến đường phục vụ Tuần lễ Cấp cao APEC 2017”. Đồng thời, yêu cầu chủ đầu tư chỉ đạonhà thầukhẩn trương sửa chữa, khắc phục dứt điểm các tồn tại, hư hỏng (kể cả các hạng mục đã được nghiệm thu, bàn giao cho đơn vị quản lý sử dụng), yêu cầu hoàn thành trong tháng 1/2018.
Trước đó, ngày 18/11/2017, UBND thành phố cũng đã có Công văn 9381/UBND-QLĐTư yêu cầu BQL dự án ĐTXD các công trình Nông nghiệp & Phát triển nông thôn và BQL các dự án đầu tư cơ sở hạ tầng ưu tiên rà soát các tồn tại liên quan đến việc thi công vỉa hè, thoát nước ... thuộc dự án Cải tạo, chỉnh trang vỉa hè một số tuyến đường phục vụ Tuần lễ cấp cao APEC 2017; đồng thời khẩn trương xử lý, khắc phục để tổ chức nghiệm thu, đưa vào sử dụng và thanh quyết toán công trình.","thanh tra dự án bất động sản Đà Nẵng, Viễn Đông Meridian, Golden Square, dự án treo, Sở KHĐT Đà Nẵng, bất động sản Đà Nẵng",753
https://vneconomy.vn/gia-vang-chung-usd-tu-do-giam-manh.htm,"Giá vàng chững, USD tự do giảm mạnh",2021-12-28,Tài chính,"Giá vàng thế giới ít biến động, nên giá vàng miếng trong nước sáng nay (28/12) chỉ giảm nhẹ. Giá USD tự do tụt khỏi mốc 23.600 đồng, trong khi giá USD chững lại sau mấy ngày giảm mạnh liên tiếp.
Lúc hơn 10h, Tập đoàn Phú Quý niêm yết giá vàng miếng SJC cho thị trường Hà Nội ở mức 60,9 triệu đồng/lượng (mua vào) và 61,45 triệu đồng/lượng (bán ra). So với cùng thời điểm ngày hôm qua, giá vàng miếng SJC tại doanh nghiệp này hiện giảm 50.000 đồng/lượng ở cả hai đầu giá.
Nhẫn tròn trơn 999,9 hiệu Phú Quý có giá 52,2 triệu đồng/lượng và 52,9 triệu đồng/lượng, giảm 100.000 đồng/lượng.
Tại thị trường Tp.HCM, Công ty SJC báo giá vàng miếng cùng thương hiệu ở mức 60,85 triệu đồng/lượng và 61,55 triệu đồng/lượng, giảm 50.000 đồng/lượng ở hai đầu giá.
So với giá vàng thế giới quy đổi, giá vàng miếng SJC bán lẻ sáng nay cao hơn khoảng 11,4 triệu đồng/lượng.
Giá vàng giao ngay tại thị trường châu Á lúc hơn 10h theo giờ Việt Nam đứng ở 1.810,1 USD/oz, giảm 2,8 USD/oz so với đóng cửa phiên đêm qua tại Mỹ. Mức giá này tương đương khoảng 50,1 triệu đồng/lượng nếu được quy đổi theo tỷ giá USD bán ra tại ngân hàng Vietcombank và chưa tính các chi phí liên quan.
Trong phiên ngày thứ Hai tại New York, giá vàng giao ngay tăng 2,7 USD/oz, chốt ở 1.812,9 USD/oz.
Giá vàng đang chững gần mức cao nhất trong 1 tuần thiết lập vào phiên cuối của tuần trước. Biến động giá vàng chậm lại do tỷ giá đồng USD và lợi suất trái phiếu kho bạc Mỹ - hai yếu tố có ảnh hưởng lớn nhất đến giá vàng – gần như đi ngang.
Chỉ số Dollar Index sáng nay dao động trên mốc 96,1 điểm, lợi suất trái phiếu kho bạc Mỹ kỳ hạn 10 năm cũng ít biến động trên mốc 1,47 điểm.
Giới phân tích nói rằng giá vàng sẽ chỉ giằng co nhẹ trong tuần này, tuần giao dịch cuối cùng của năm 2021. Tính từ đầu năm, giá vàng thế giới đã giảm khoảng 7%, trong khi giá vàng miếng SJC tăng khoảng 6 triệu đồng/lượng.
Trong một báo cáo mới đây, nhà phân tích Fahad Tariq của ngân hàng Thuỵ Sỹ UBS dự báo giá vàng sẽ tăng trong năm 2022 cho dù Cục Dự trữ Liên bang Mỹ (Fed) có tăng lãi suất để chống lạm phát. Tuy nhiên, ông Tariq cho rằng trong dài hạn, giá vàng sẽ không giữ được mức như trước đại dịch Covid-19.
Chuyên gia này dự báo giá vàng thế giới sẽ bình quân 1.850 USD/oz trong năm 2022, trước khi giảm về 1.600 USD/oz trong năm 2023 và dao động quanh ngưỡng 1.400 USD/oz trong dài hạn.
Ông Tariq nói yếu tố quan trọng nhất hỗ trợ cho giá vàng trong năm tới vẫn là sức ép lạm phát tăng, ngày cả khi Fed nâng lãi suất. “Về lãi suất, có vẻ mọi người tin rằng Fed sẽ nâng lãi suất vài lần trong năm 2022, nhưng còn nhiều bấp bênh quanh việc lãi suất có thể tăng đến mức nào, xét tới mức nợ cao kỷ lục hiện nay của Chính phủ Mỹ”, ông Tariq nhận định.
Giá USD tự do tại Hà Nội sáng nay phổ biến ở mức 23.520 đồng (mua vào) và 23.570 đồng (bán ra), giảm 30 đồng ở cả hai đầu giá so với hôm qua.
Tại Vietcombank, báo giá USD sáng nay là 22.680 đồng và 22.960 đồng, bằng với mức giá sáng qua.","giá vàng hôm nay, giá usd hôm nay",806
https://baodautu.vn/batdongsan/noi-that-tre-trung-cua-can-ho-2-phong-ngu-ngap-tran-anh-nang-d76705.html,Nội thất trẻ trung của căn hộ 2 phòng ngủ ngập tràn ánh nắng,2018-02-02,Dự án - quy hoạch,"Nằm tại vị trí đắc địa, trung tâm bán đảo Thủ Thiêm (quận 2, TP.HCM), Khu đô thị New City mang đến thiết kế trẻ trung và đầy tinh tế. Các tòa căn hộ được xây dựng với mật độ thích hợp xen giữa những khoảng không gian cây xanh, hồ nước. Mỗi tòa căn hộ lại được thiết kế với một phong cách khác nhau.
Với diện tích khoảng 70 m2, căn hộ 2 phòng ngủ được bố trí một cách hợp lý với đầy đủ không gian cho một gia đình trẻ. Không gian và nội thất được bố trí đơn giản, tiện dụng nhung vẫn gần gũi với thiên nhiên.
Ông Lê Bá Thông, nhà sáng lập TTT Corporation, được xem là người luôn đón đầu xu hướng, tiên phong trong công nghệ trong ngành thiết kế nội thất, đặc biệt ấn tượng với cách thiết kế tràn ngập ánh sáng của từng căn hộ. Nhìn mặt bằng căn hộ 2 phòng ngủ có thể thấy trục tòa nhà New City đã bố trí theo trục ngang để dễ dàng bố trí các căn phòng, chỗ nào cũng có ánh sáng thiên nhiên.
Những khu chức năng như: phòng khách, phòng bếp, phòng ngủ... đều được xây dựng tạo thành một thể thống nhất, giúp tối ưu diện tích, tạo không gian thoáng đãng và rộng rãi. Có thể nhận thấy các cửa sổ của căn hộ đều được thiết kế rộng rãi với chất liệu kính để nhận được ánh sáng một cách tối đa. Ngoài ra, cửa sổ rộng giúp không khí được lưu thông một cách nhanh chóng, giúp nâng cao môi trường sống của chủ nhân.
Phòng khách được thiết kế với gam màu chủ đạo là màu vàng nhạt để mở  rộng không gian. Sàn nhà, đồ nội thất như đèn, rèm, bàn, thảm đều ưu  tiên những gam màu sáng. Đồ nội thất cũng được thiết kế không quá cầu kỳ  và được bố trí một cách đơn giản nhất. Điều đó tạo cho phòng khách cảm  giác ấm cúng, thoáng đãng, rộng rãi nhưng tiện dụng.
Phòng   khách được thiết kế liên thông với  bếp. Tuy nhiên, diện tích của  gian   bếp cũng được thiết kế một cách tối  giản nhất có thể để giành không    gian sinh hoạt chung. Khoảng không  giữa khu vực bếp và phòng khách có    thể là nơi dành cho con cái nô đùa  với những gia đình có con nhỏ.
Bếp  được thiết kế bàn ăn, tủ âm tường để đồ, bàn bếp, tủ rượu. Tủ lạnh cũng  được thiết kế âm tường để tạo không gian rộng rãi. Bộ bàn ăn được làm  bằng gỗ với phong cách đơn giản, ấm cúng. Kiến trúc sư cũng bố trí một  tấm kính lớn đặc trước bếp giúp tạo thêm ánh sáng và không gian đỡ chật  hẹp hơn.
Bàn bếp cũng được thiết kế với tông màu chủ đạo là trắng để tạo cảm giác sáng sủa và sạch sẽ. Các vật dụng được đặt tại các tủ âm tường để giảm diện tích. Không gian tuy nhỏ nhưng đầy đủ tiện nghi, phù hợp với nhu cầu sử dụng của căn hộ 2 phòng ngủ.
Cũng tràn ngập ánh sáng, phòng ngủ được thiết kế ấm cúng với màu trắng và lâu nhạt. Ca sĩ Đàm Vĩnh Hưng từng chia sẻ anh rất thích thú về phong cách thiết kế tràn ngập ánh sáng với những ô cửa kính thế này.
“Dù là phòng khách hay phòng ngủ, tôi đều có thể ngắm nhìn không gian xung quanh từ trên cao, cũng như tận hưởng thiên nhiên, gió trời, điều này giúp tôi có một khoảng không thư giãn lý tưởng từ đó có thể tái tạo năng lượng”, Ca sĩ Đàm Vĩnh Hưng tâm sự.","bất động sản, thị trường bất động sản, chủ đầu tư bất động sản, Khu đô thị New City, chung cư New City, tòa nhà New City, New City Thủ Thiêm, Thuận Việt, Đàm Vĩnh Hưng",738
https://baodautu.vn/de-phat-trien-ben-vung-cac-doanh-nghiep-can-dinh-vi-lai-minh-d186202.html,"Để phát triển bền vững, các doanh nghiệp cần định vị lại mình",2023-03-24,Thông tin doanh nghiệp,"Tại diễn đàn “Tái định vịdoanh nghiệpđể phát triển bền vững” do Liên đoàn Thương mại và Công nghiệp Việt Nam (VCCI) chỉ đạo cho Tạp chí Diễn đàn Doanh nghiệp tổ chức chiều 23/3, Chủ tịch VCCI Phạm Tấn Công nhấn mạnh: “Với VCCI, ưu tiên hàng đầu là việc nắm chắc tình hình, kịp thời hỗ trợ các doanh nghiệp vượt qua các khó khăn của năm 2023, tiếp tục phục hồi và phát triển. VCCI tiếp tục đề xuất, xây dựng, triển khai các chương trình,dự án, đề án, nhiệm vụ quốc gia về cải thiện môi trường kinh doanh, nâng cao năng lực cạnh tranh của doanh nghiệp, hỗ trợ doanh nghiệp,doanh nhân, hiệp hội doanh nghiệp”.
Để nắm bắt các cơ hội phát triển trong năm 2023 và những năm tiếp theo, tái định vị doanh nghiệp và nâng cao năng lực cạnh tranh trước các cú sốc và thách thức bất ổn là vấn đề mấu chốt. Theo đó, tái định vị doanh nghiệp gắn liền với tư duy mới: phát triển bền vững, thúc đẩy tính đa dạng hòa nhập, bao trùm trong kinh doanh, theo đuổi mô hình kinh tế xanh, kinh tế tuần hoàn. Các yếu tố ESG (môi trường, xã hội, quản trị) cần được tích hợp vào chiến lược của doanh nghiệp và đo lường qua các kế hoạch sản xuất kinh doanh hàng năm. Đổi mới, sáng tạo vàchuyển đổi sốgiúp các doanh nghiệp đẩy nhanh quá trình xây dựng các trụ cột bền vững.
""Trên cơ sở năng lực cụ thể của từng đơn vị, các doanh nghiệp xây dựng phải thực sự định vị lại thị trường, tái cấu trúc về cơ cấu sản phẩm, hoạt động kinh doanh của đơn vị mình để có thể vượt qua giai đoạn khó khăn này"" - bà Trần Thị Hồng Minh, Viện trưởng Viện Nghiên cứu quản lý kinh tế Trung ương đưa ra những nhận định tại Diễn đàn.
Các giá trị phát triển bền vững của doanh nghiệp cần được định hình và xây dựng dựa trên một hệ giá trị cốt lõi của doanh nhân, doanh nghiệp. Đó chính là đạo đức doanh nhân, văn hoá kinh doanh. Trong bối cảnh hội nhập và cạnh tranh toàn cầu, các yêu cầu về đạo đức trong sản xuất kinh doanh, về bảo vệ ngườitiêu dùng, bảo vệ môi trường đang được đề cao, vừa tạo ra các chuẩn mực mới, vừa tạo hàng rào kỹ thuật trong thâm nhập thị trường, nhất là thị trường các nước phát triển.
Với bối cảnh thay đổi và những xu thế mới đang hiện hữu, theo ông Đậu Anh Tuấn, Phó Tổng thư ký, Trưởng ban Pháp chế VCCI, doanh nghiệp cần tái định vị để phát triển bền vững. Đây là diễn đàn đầu tiên, ông Đậu Anh Tuấn cho biết, trong thời gian tới, những nội dung của diễn đàn tiếp tục được thảo luận, trao đổi để tiếp tục đề xuất những kiến nghị. Những vấn đề được phân tích chính là thông tin đầu vào để VCCI tiếp tục kiến nghị chính sách, truyền tải tiếng nói của cộng đồng doanh nghiệp đến Quốc hội, Chính phủ và các bộ ngành.
Diễn đàn có sự tham gia của hơn 200 đại biểu đại diện cơ quan quản lý nhà nước, đại diện VCCI, các chuyên gia kinh tế, lãnh đạo các Hiệp hội ngành nghề, doanh nghiệp… cùng sự tham gia đồng hành củaNgân hàngTMCP Công thương Việt Nam và Tập đoàn Dầu khí Việt Nam.","tái định vị doanh nghiệp, doanh nghiệp",727
